adm_cd,adm_nm,자치구,res_building_n,area_km2,new_density,avg_age,old30_ratio,avg_units,small_ratio
1111051500,청운효자동,종로구,1803,2.5685600682299867,23.75,37.17,0.54,2.64,0.8236
1111053000,사직동,종로구,960,1.157671317613387,6.91,40.31,0.6398,2.78,0.9125
1111054000,삼청동,종로구,632,1.4771876683734249,4.06,47.73,0.7631,1.31,0.9684
1111055000,부암동,종로구,1268,2.2732870688484392,21.11,40.54,0.6929,2.44,0.862
1111056000,평창동,종로구,2076,8.940412645356531,10.51,33.18,0.6069,2.96,0.8536
1111057000,무악동,종로구,183,0.36924548226891124,5.42,35.39,0.4577,16.72,0.7432
1111058000,교남동,종로구,598,0.3466671341848279,5.77,33.52,0.513,7.26,0.6689
1111060000,가회동,종로구,865,0.5395998544895816,22.24,37.15,0.4938,2.1,0.8671
1111061500,종로1.2.3.4가동,종로구,884,2.414221382726018,1.24,57.21,0.8283,2.15,0.9864
1111063000,종로5.6가동,종로구,830,0.6027128344364789,8.3,46.11,0.9043,2.03,0.959
1111064000,이화동,종로구,945,0.7818101018487006,14.07,38.65,0.719,3.36,0.7376
1111065000,혜화동,종로구,1778,1.131701742030812,18.56,35.33,0.6646,4.18,0.7013
1111067000,창신제1동,종로구,643,0.30491508136495943,13.12,48.36,0.8035,3.64,0.8305
1111068000,창신제2동,종로구,643,0.2573209611168592,15.54,48.36,0.8035,3.64,0.8305
1111069000,창신제3동,종로구,643,0.21667188789954056,18.46,48.36,0.8035,3.64,0.8305
1111070000,숭인제1동,종로구,654,0.23921531622109796,45.98,45.61,0.7159,4.92,0.7609
1111071000,숭인제2동,종로구,654,0.35164025563519913,31.28,45.61,0.7159,4.92,0.7609
1114052000,소공동,중구,123,0.9430899716163058,0.0,70.67,0.9307,5.65,0.9634
1114054000,회현동,중구,335,0.8971561060294297,7.25,61.33,0.8515,5.44,0.9179
1114055000,명동,중구,552,0.9688762729108646,12.39,58.95,0.8438,3.19,0.9167
1114057000,필동,중구,822,1.463586717338946,6.15,53.54,0.7804,3.76,0.8693
1114058000,장충동,중구,474,1.0170220678307842,6.39,48.79,0.7089,4.04,0.7732
1114059000,광희동,중구,898,0.7366515536173608,5.43,64.59,0.9217,3.47,0.9588
1114060500,을지로동,중구,656,0.6111918104707862,3.27,74.41,0.9838,3.7,0.9909
1114061500,신당동,중구,747,0.5345379291869445,11.22,46.02,0.7483,7.04,0.7593
1114062500,다산동,중구,694,0.5237100984720056,11.46,45.3,0.7362,6.42,0.7467
1114063500,약수동,중구,694,0.48586611604508806,12.35,45.3,0.7362,6.42,0.7467
1114064500,청구동,중구,694,0.34231209591360845,17.53,45.3,0.7362,6.42,0.7467
1114065000,신당제5동,중구,694,0.3193483263890687,18.79,45.3,0.7362,6.42,0.7467
1114066500,동화동,중구,694,0.3267983566222675,18.36,45.3,0.7362,6.42,0.7467
1114067000,황학동,중구,578,0.3283911731698873,9.14,47.3,0.8092,5.79,0.936
1114068000,중림동,중구,498,0.4839301426154696,8.27,45.07,0.719,11.37,0.8012
1117051000,후암동,용산구,1980,0.8652703210984056,45.07,45.2,0.7168,3.47,0.7687
1117052000,용산2가동,용산구,1299,1.970115285422349,6.09,38.02,0.7469,2.66,0.8399
1117053000,남영동,용산구,800,1.1769088909618264,0.85,58.57,0.8841,2.73,0.8825
1117055500,청파동,용산구,2418,0.8855240806155187,66.63,45.91,0.7624,3.49,0.7593
1117056000,원효로제1동,용산구,907,0.5886182572141507,74.75,47.57,0.7336,8.14,0.7707
1117057000,원효로제2동,용산구,733,0.7084486133911987,71.99,44.69,0.7258,7.84,0.6944
1117058000,효창동,용산구,587,0.4458744391186892,96.44,35.01,0.574,7.55,0.5741
1117059000,용문동,용산구,688,0.2773250017997597,90.15,39.06,0.5717,7.15,0.6395
1117062500,한강로동,용산구,977,2.867675943424178,6.63,55.47,0.8806,9.06,0.9222
1117063000,이촌제1동,용산구,157,2.870622471404526,0.17,39.17,0.5669,41.44,0.2898
1117064000,이촌제2동,용산구,157,1.204647598040513,0.42,39.17,0.5669,41.44,0.2898
1117065000,이태원제1동,용산구,1122,0.5824089930307011,42.07,41.81,0.7659,3.24,0.8213
1117066000,이태원제2동,용산구,1122,0.8735334661781103,28.05,41.81,0.7659,3.24,0.8213
1117068500,한남동,용산구,2003,3.0295946526163187,4.62,41.17,0.7566,4.42,0.7549
1117069000,서빙고동,용산구,896,2.815099674507888,2.13,42.68,0.8237,5.33,0.8013
1117070000,보광동,용산구,2201,0.7146556768954624,0.0,44.77,0.9397,2.36,0.8837
1120052000,왕십리제2동,성동구,481,0.37225956652349734,25.52,41.39,0.7208,12.81,0.7245
1120053500,왕십리도선동,성동구,1078,0.7097473508175205,21.84,42.76,0.7665,8.83,0.7667
1120054000,마장동,성동구,1299,1.0341555161986198,11.6,41.91,0.7543,6.14,0.7991
1120055000,사근동,성동구,1059,1.1686605101471408,10.55,41.86,0.7739,7.45,0.7469
1120056000,행당제1동,성동구,377,0.5731304114628734,7.56,39.03,0.6229,13.84,0.6735
1120057000,행당제2동,성동구,377,0.45732216433000555,9.48,39.03,0.6229,13.84,0.6735
1120058000,응봉동,성동구,526,0.5531645804898544,1.81,42.43,0.8038,11.02,0.5817
1120059000,금호1가동,성동구,340,0.44509695590492787,0.0,33.46,0.5385,18.26,0.4882
1120061500,금호2.3가동,성동구,1194,0.6307189491758431,0.0,38.83,0.7738,6.91,0.7487
1120062000,금호4가동,성동구,553,0.8311889085641809,16.84,37.59,0.6982,9.98,0.7884
1120064500,옥수동,성동구,391,1.9207420489014013,0.52,31.97,0.5099,27.35,0.601
1120065000,성수1가제1동,성동구,688,1.8844415421701675,9.29,39.98,0.8021,8.23,0.712
1120066000,성수1가제2동,성동구,688,0.929378438526312,18.83,39.98,0.8021,8.23,0.712
1120067000,성수2가제1동,성동구,718,1.184060923094584,0.84,40.09,0.8259,6.03,0.6938
1120069000,성수2가제3동,성동구,718,1.0536967303295863,0.95,40.09,0.8259,6.03,0.6938
1120072000,송정동,성동구,463,0.6813944691890195,7.34,40.0,0.8182,3.63,0.7257
1120079000,용답동,성동구,1476,2.3753342358422063,30.73,38.1,0.8203,3.91,0.7622
1121571000,화양동,광진구,1547,1.1354224160999127,23.78,35.24,0.7495,5.12,0.6122
1121573000,군자동,광진구,1622,0.7374601628786804,20.34,33.03,0.6687,4.3,0.6363
1121574000,중곡제1동,광진구,1570,0.6140336278144418,55.78,29.8,0.5771,4.73,0.5239
1121575000,중곡제2동,광진구,1570,0.5451230428057884,62.83,29.8,0.5771,4.73,0.5239
1121576000,중곡제3동,광진구,1570,0.6014042892692064,56.95,29.8,0.5771,4.73,0.5239
1121577000,중곡제4동,광진구,1570,2.3116869214269413,14.82,29.8,0.5771,4.73,0.5239
1121578000,능동,광진구,987,1.0912666209278998,28.41,28.71,0.4165,5.15,0.4802
1121581000,광장동,광진구,487,2.391913518422568,5.85,32.36,0.5667,21.8,0.5113
1121582000,자양제1동,광진구,1222,0.5684313696452786,79.61,31.91,0.6538,7.09,0.5443
1121583000,자양제2동,광진구,1222,1.656250524188192,27.32,31.91,0.6538,7.09,0.5443
1121584000,자양제3동,광진구,1222,1.1955033831220763,37.85,31.91,0.6538,7.09,0.5443
1121584700,자양제4동,광진구,1222,1.179145776119927,38.38,31.91,0.6538,7.09,0.5443
1121585000,구의제1동,광진구,1257,0.5945473367860555,68.4,28.98,0.5094,7.67,0.3921
1121586000,구의제2동,광진구,1257,1.3869718775567381,29.32,28.98,0.5094,7.67,0.3921
1121587000,구의제3동,광진구,1257,1.0267703223489635,39.61,28.98,0.5094,7.67,0.3921
1123053600,용신동,동대문구,2235,1.6171722653629337,70.49,41.37,0.736,6.03,0.7969
1123054500,제기동,동대문구,2576,1.1808076471536273,29.64,43.36,0.7595,3.82,0.8094
1123056000,전농제1동,동대문구,1464,1.1258371922958417,13.32,40.85,0.7906,6.5,0.7875
1123057000,전농제2동,동대문구,1464,0.9768211383111722,15.36,40.85,0.7906,6.5,0.7875
1123060000,답십리제1동,동대문구,1066,0.7876412759746796,31.11,38.18,0.7322,10.27,0.7581
1123061000,답십리제2동,동대문구,1066,0.8750762487017265,28.0,38.18,0.7322,10.27,0.7581
1123065000,장안제1동,동대문구,1214,1.3411408763924286,25.35,30.71,0.5977,9.95,0.5379
1123066000,장안제2동,동대문구,1214,0.9958771705655406,34.14,30.71,0.5977,9.95,0.5379
1123070500,청량리동,동대문구,1505,1.2034820441630074,0.83,48.42,0.8599,4.4,0.8618
1123071000,회기동,동대문구,791,0.7663324689248591,24.79,37.46,0.712,5.58,0.6498
1123072000,휘경제1동,동대문구,916,0.5213976534486326,58.5,33.16,0.6433,8.19,0.627
1123073000,휘경제2동,동대문구,916,1.112757608487857,27.41,33.16,0.6433,8.19,0.627
1123074000,이문제1동,동대문구,1440,1.0380095675983532,8.19,41.14,0.8295,5.22,0.7632
1123075000,이문제2동,동대문구,1440,0.7240172669340116,11.74,41.14,0.8295,5.22,0.7632
1126052000,면목제2동,중랑구,1653,0.7625364178128635,52.02,32.91,0.736,5.57,0.5569
1126054000,면목제4동,중랑구,1653,0.8428184055941811,47.06,32.91,0.736,5.57,0.5569
1126055000,면목제5동,중랑구,1653,0.7043952680827219,56.31,32.91,0.736,5.57,0.5569
1126056500,면목본동,중랑구,1653,0.8483657710714066,46.76,32.91,0.736,5.57,0.5569
1126057000,면목제7동,중랑구,1653,1.234523923918471,32.13,32.91,0.736,5.57,0.5569
1126057500,면목제3.8동,중랑구,1653,1.6135312926858563,24.58,32.91,0.736,5.57,0.5569
1126058000,상봉제1동,중랑구,1000,0.8531215173493478,41.03,29.99,0.5987,9.05,0.5215
1126059000,상봉제2동,중랑구,1000,0.6769249753356164,51.7,29.99,0.5987,9.05,0.5215
1126060000,중화제1동,중랑구,1590,0.6414412238193113,89.64,31.52,0.6818,5.57,0.5272
1126061000,중화제2동,중랑구,1590,1.01617609696156,56.58,31.52,0.6818,5.57,0.5272
1126062000,묵제1동,중랑구,1251,1.2374852660329987,27.88,28.14,0.5153,8.2,0.5524
1126063000,묵제2동,중랑구,1251,0.6686907952550871,51.59,28.14,0.5153,8.2,0.5524
1126065500,망우본동,중랑구,1864,2.947959839352839,39.69,31.74,0.685,4.66,0.7479
1126066000,망우제3동,중랑구,1864,0.9618184875693766,121.64,31.74,0.685,4.66,0.7479
1126068000,신내1동,중랑구,448,2.6027794413352594,4.99,26.45,0.5304,24.8,0.5312
1126069000,신내2동,중랑구,448,0.9106086148395861,14.28,26.45,0.5304,24.8,0.5312
1129052500,성북동,성북구,2465,2.877618122369605,18.42,39.68,0.7039,2.54,0.8527
1129055500,삼선동,성북구,2021,0.925528305238122,20.17,37.43,0.6926,5.13,0.7827
1129057500,동선동,성북구,1388,0.7242597467801175,35.44,38.34,0.6559,5.88,0.7319
1129058000,돈암제1동,성북구,155,0.48892534856183273,1.36,45.69,0.6585,15.76,0.7344
1129059000,돈암제2동,성북구,155,0.518093739240975,1.29,45.69,0.6585,15.76,0.7344
1129060000,안암동,성북구,1232,1.3785262860072887,34.82,31.25,0.6628,5.48,0.6891
1129061000,보문동,성북구,1168,0.552588328433588,76.01,38.79,0.7098,5.41,0.7509
1129062000,정릉제1동,성북구,1765,0.41165423256017586,96.16,38.9,0.6612,9.47,0.7025
1129063000,정릉제2동,성북구,1402,1.0940644849652559,24.6,39.34,0.6918,7.23,0.7026
1129064000,정릉제3동,성북구,1248,3.324627350064239,7.9,38.63,0.6955,6.17,0.6986
1129065000,정릉제4동,성북구,1248,3.5682322505281157,7.36,38.63,0.6955,6.17,0.6986
1129066000,길음제1동,성북구,363,0.7967102730862298,15.9,37.1,0.536,18.12,0.7022
1129068500,길음제2동,성북구,986,0.5875565326336962,32.34,36.96,0.6468,11.64,0.7261
1129070500,종암동,성북구,1638,1.403462295028497,23.51,34.94,0.631,9.23,0.6325
1129071500,월곡제1동,성북구,623,0.8011485081250485,7.91,36.89,0.7063,7.86,0.74
1129072500,월곡제2동,성북구,1320,1.3642055052760724,11.97,37.8,0.7392,6.44,0.7583
1129076000,장위제1동,성북구,1448,0.7080071957631724,60.26,40.16,0.7995,4.84,0.7117
1129077000,장위제2동,성북구,1448,0.6790398236874388,62.83,40.16,0.7995,4.84,0.7117
1129078000,장위제3동,성북구,1448,0.652103888871973,65.43,40.16,0.7995,4.84,0.7117
1129081000,석관동,성북구,2881,1.703869738280126,27.0,36.44,0.7466,5.0,0.6918
1130553400,삼양동,강북구,1973,0.9233943161756523,19.49,37.44,0.7672,5.22,0.6971
1130553500,미아동,강북구,1973,0.8405677197461855,21.41,37.44,0.7672,5.22,0.6971
1130554500,송중동,강북구,1973,1.0749799081166198,16.74,37.44,0.7672,5.22,0.6971
1130555500,송천동,강북구,1973,0.9292092445107046,19.37,37.44,0.7672,5.22,0.6971
1130557500,삼각산동,강북구,1973,0.6214412077007793,28.96,37.44,0.7672,5.22,0.6971
1130559500,번1동,강북구,829,0.6265607164943696,15.96,34.04,0.7654,8.69,0.4968
1130560300,번2동,강북구,829,0.9735585324575802,10.27,34.04,0.7654,8.69,0.4968
1130560800,번3동,강북구,829,1.0803548893471548,9.26,34.04,0.7654,8.69,0.4968
1130561500,수유1동,강북구,1683,1.6487187126957854,21.23,33.97,0.6796,5.04,0.5979
1130562500,수유2동,강북구,1683,0.5811771186678908,60.22,33.97,0.6796,5.04,0.5979
1130563500,수유3동,강북구,1683,0.745080988957229,46.97,33.97,0.6796,5.04,0.5979
1130564500,우이동,강북구,2569,10.579835026007654,6.9,34.4,0.6733,5.09,0.5988
1130566000,인수동,강북구,1683,2.995709989273608,11.68,33.97,0.6796,5.04,0.5979
1132051100,창제1동,도봉구,699,1.1213181009073514,9.27,31.24,0.65,12.64,0.5096
1132051200,창제2동,도봉구,699,0.6539453207338671,15.9,31.24,0.65,12.64,0.5096
1132051300,창제3동,도봉구,699,0.654987358771939,15.88,31.24,0.65,12.64,0.5096
1132051400,창제4동,도봉구,699,1.1388033534430624,9.13,31.24,0.65,12.64,0.5096
1132051500,창제5동,도봉구,699,0.7009429105795203,14.84,31.24,0.65,12.64,0.5096
1132052100,도봉제1동,도봉구,1056,8.44506904747045,2.96,33.14,0.6855,8.61,0.5977
1132052200,도봉제2동,도봉구,1056,1.1181793708143104,22.36,33.14,0.6855,8.61,0.5977
1132066000,쌍문제1동,도봉구,908,1.1748855635053204,25.53,32.44,0.6427,8.28,0.5413
1132067000,쌍문제2동,도봉구,908,0.5407818048786313,55.48,32.44,0.6427,8.28,0.5413
1132068000,쌍문제3동,도봉구,908,0.5044229295120296,59.47,32.44,0.6427,8.28,0.5413
1132068100,쌍문제4동,도봉구,908,0.554447018231978,54.11,32.44,0.6427,8.28,0.5413
1132069000,방학제1동,도봉구,997,1.0400656271029223,17.31,31.31,0.6794,9.58,0.45
1132070000,방학제2동,도봉구,997,1.0919856081384876,16.48,31.31,0.6794,9.58,0.45
1132071000,방학제3동,도봉구,997,1.9495498104886935,9.23,31.31,0.6794,9.58,0.45
1135056000,월계1동,노원구,447,1.140714985330496,5.26,31.18,0.5511,24.12,0.5287
1135057000,월계2동,노원구,447,2.0037614409630238,2.99,31.18,0.5511,24.12,0.5287
1135058000,월계3동,노원구,447,1.1332909394026158,5.29,31.18,0.5511,24.12,0.5287
1135059500,공릉1동,노원구,1071,1.2622932120914299,24.16,26.68,0.4036,13.68,0.5229
1135060000,공릉2동,노원구,1071,6.97965133921439,4.37,26.68,0.4036,13.68,0.5229
1135061100,하계1동,노원구,222,1.5258904896010084,1.97,28.67,0.5079,42.7,0.3896
1135061200,하계2동,노원구,222,0.49967559226961156,6.0,28.67,0.5079,42.7,0.3896
1135061900,중계본동,노원구,360,2.181556338277089,0.69,33.21,0.7685,27.39,0.6558
1135062100,중계1동,노원구,360,0.6229729480024311,2.41,33.21,0.7685,27.39,0.6558
1135062400,중계4동,노원구,814,1.5181047984495022,6.4,32.79,0.7227,23.15,0.535
1135062500,중계2.3동,노원구,360,0.9183804956780355,1.63,33.21,0.7685,27.39,0.6558
1135063000,상계1동,노원구,454,5.398483718208765,1.52,32.47,0.6871,19.79,0.4392
1135064000,상계2동,노원구,454,0.6226489470859548,13.21,32.47,0.6871,19.79,0.4392
1135066500,상계3.4동,노원구,454,5.207882552877278,1.58,32.47,0.6871,19.79,0.4392
1135067000,상계5동,노원구,454,0.9061132847280133,9.07,32.47,0.6871,19.79,0.4392
1135069500,상계6.7동,노원구,454,1.449153925187527,5.67,32.47,0.6871,19.79,0.4392
1135070000,상계8동,노원구,454,0.6658402351533523,12.35,32.47,0.6871,19.79,0.4392
1135071000,상계9동,노원구,454,0.7189792112597636,11.44,32.47,0.6871,19.79,0.4392
1135072000,상계10동,노원구,454,0.8085968920433795,10.17,32.47,0.6871,19.79,0.4392
1138051000,녹번동,은평구,1868,1.7928885926640146,20.08,30.07,0.589,7.8,0.455
1138052000,불광제1동,은평구,2186,3.122614191161749,11.53,34.95,0.702,6.26,0.5381
1138053000,불광제2동,은평구,2186,1.3950583150902642,25.81,34.95,0.702,6.26,0.5381
1138055100,갈현제1동,은평구,1356,0.9603643929415254,30.2,31.06,0.5636,6.11,0.467
1138055200,갈현제2동,은평구,1356,0.9844411030101792,29.46,31.06,0.5636,6.11,0.467
1138056000,구산동,은평구,1642,1.388754754128713,34.56,29.15,0.495,7.5,0.4153
1138057000,대조동,은평구,1822,0.8510647011472164,41.12,32.64,0.6278,6.11,0.5044
1138058000,응암제1동,은평구,1353,1.1090438926085848,50.19,33.8,0.6744,7.48,0.5828
1138059000,응암제2동,은평구,1353,0.7546903857188577,73.76,33.8,0.6744,7.48,0.5828
1138060000,응암제3동,은평구,1353,0.752218723870843,74.0,33.8,0.6744,7.48,0.5828
1138062500,역촌동,은평구,2725,1.1566908314934519,56.19,28.97,0.5046,6.62,0.3927
1138063100,신사제1동,은평구,1328,0.8077200241344538,29.71,32.26,0.6172,6.7,0.5222
1138063200,신사제2동,은평구,1328,1.0454542618807765,22.96,32.26,0.6172,6.7,0.5222
1138064000,증산동,은평구,1127,0.8071364694132803,66.9,38.33,0.7733,6.22,0.6637
1138065000,수색동,은평구,481,1.2889940882150197,121.02,30.21,0.4594,17.52,0.6528
1138069000,진관동,은평구,1155,11.556755625063191,4.15,15.81,0.035,15.68,0.6511
1141052000,천연동,서대문구,778,0.9820858037136796,4.07,41.66,0.734,8.84,0.7584
1141055500,북아현동,서대문구,1028,0.4586518813887063,54.51,41.91,0.7729,5.94,0.7646
1141056500,충현동,서대문구,1615,1.1151712529589508,21.97,46.01,0.8082,5.18,0.7985
1141058500,신촌동,서대문구,1305,2.718219868558421,9.01,37.78,0.6816,5.32,0.6494
1141061500,연희동,서대문구,2911,2.9270882490316863,20.5,37.4,0.7048,4.75,0.6994
1141062000,홍제제1동,서대문구,835,1.2348334052704113,22.95,37.02,0.7254,8.79,0.6391
1141064000,홍제제3동,서대문구,835,1.2079916605318353,23.45,37.02,0.7254,8.79,0.6391
1141065500,홍제제2동,서대문구,835,0.6994577528954172,40.51,37.02,0.7254,8.79,0.6391
1141066000,홍은제1동,서대문구,1550,1.5975731965686477,33.49,37.48,0.6998,6.42,0.6569
1141068500,홍은제2동,서대문구,1550,2.073509617443637,25.8,37.48,0.6998,6.42,0.6569
1141069000,남가좌제1동,서대문구,769,0.4751864436371864,25.25,30.77,0.5909,11.36,0.63
1141070000,남가좌제2동,서대문구,769,0.7830369802803475,15.32,30.77,0.5909,11.36,0.63
1141071000,북가좌제1동,서대문구,1322,0.5775550758424148,27.7,33.34,0.6159,7.08,0.5091
1141072000,북가좌제2동,서대문구,1322,0.8243452242543763,19.41,33.34,0.6159,7.08,0.5091
1144055500,아현동,마포구,1223,0.7482780870368088,105.13,34.38,0.6519,8.88,0.7366
1144056500,공덕동,마포구,1565,1.0185226144623485,53.67,34.72,0.6549,10.06,0.7498
1144058500,도화동,마포구,262,0.624554471771684,17.35,36.96,0.6175,12.55,0.7157
1144059000,용강동,마포구,1011,0.7900159470397212,89.24,33.68,0.5813,11.03,0.6613
1144060000,대흥동,마포구,864,0.8475704667223432,40.51,35.2,0.6723,7.4,0.6844
1144061000,염리동,마포구,718,0.4969641641472359,114.03,34.71,0.6614,7.7,0.8068
1144063000,신수동,마포구,766,0.7972896333683109,35.54,32.81,0.5839,9.97,0.6112
1144065500,서강동,마포구,998,1.4776937800864374,20.98,31.5,0.5501,10.8,0.5018
1144066000,서교동,마포구,1818,1.6775346278278371,22.06,34.35,0.6258,7.03,0.5128
1144068000,합정동,마포구,1153,1.7111313968054633,18.7,31.89,0.6281,6.46,0.3877
1144069000,망원제1동,마포구,1069,1.1001982478879784,14.54,30.62,0.6077,7.37,0.3807
1144070000,망원제2동,마포구,1069,0.6759150220603931,23.67,30.62,0.6077,7.37,0.3807
1144071000,연남동,마포구,1364,0.6469627479165596,55.64,32.77,0.5842,5.37,0.522
1144072000,성산제1동,마포구,988,0.8586227768147766,31.45,30.67,0.5884,9.67,0.419
1144073000,성산제2동,마포구,1263,1.977273316798634,16.69,31.08,0.6011,10.25,0.4394
1144074000,상암동,마포구,652,8.39629095398473,0.36,25.91,0.2222,15.65,0.6319
1147051000,목1동,양천구,817,1.43206814727914,12.15,28.71,0.5267,12.18,0.3614
1147052000,목2동,양천구,817,1.0206123874010227,17.05,28.71,0.5267,12.18,0.3614
1147053000,목3동,양천구,817,0.5314639163368732,32.74,28.71,0.5267,12.18,0.3614
1147054000,목4동,양천구,817,0.5770737998581845,30.15,28.71,0.5267,12.18,0.3614
1147055000,목5동,양천구,817,1.7650737118870803,9.86,28.71,0.5267,12.18,0.3614
1147056000,신월1동,양천구,837,0.6219515840535602,20.67,32.08,0.7057,8.1,0.4065
1147057000,신월2동,양천구,837,0.606373176052303,21.2,32.08,0.7057,8.1,0.4065
1147058000,신월3동,양천구,837,0.9173797440192822,14.02,32.08,0.7057,8.1,0.4065
1147059000,신월4동,양천구,837,0.46953451787772355,27.38,32.08,0.7057,8.1,0.4065
1147060000,신월5동,양천구,837,0.6381084342484997,20.15,32.08,0.7057,8.1,0.4065
1147061000,신월6동,양천구,837,0.443965829853224,28.96,32.08,0.7057,8.1,0.4065
1147061100,신월7동,양천구,837,1.229742632944702,10.46,32.08,0.7057,8.1,0.4065
1147062000,신정1동,양천구,718,0.7470264143285434,26.1,29.92,0.5633,14.49,0.4637
1147063000,신정2동,양천구,718,0.5255164171944339,37.11,29.92,0.5633,14.49,0.4637
1147064000,신정3동,양천구,718,2.7545477312107387,7.08,29.92,0.5633,14.49,0.4637
1147065000,신정4동,양천구,718,0.9964213134420409,19.57,29.92,0.5633,14.49,0.4637
1147067000,신정6동,양천구,718,0.9402009535468375,20.74,29.92,0.5633,14.49,0.4637
1147068000,신정7동,양천구,718,1.23323441147065,15.81,29.92,0.5633,14.49,0.4637
1150051000,염창동,강서구,532,1.733196046375561,6.49,24.27,0.3146,36.21,0.3429
1150052000,등촌제1동,강서구,462,0.6502691617402474,21.53,26.62,0.4746,20.07,0.3225
1150053000,등촌제2동,강서구,462,0.910005509587704,15.38,26.62,0.4746,20.07,0.3225
1150053500,등촌제3동,강서구,462,1.0595965667506249,13.21,26.62,0.4746,20.07,0.3225
1150054000,화곡제1동,강서구,1334,1.1966553716523987,33.32,27.85,0.47,8.26,0.3289
1150055000,화곡제2동,강서구,1334,0.45429158480184473,87.77,27.85,0.47,8.26,0.3289
1150056000,화곡제3동,강서구,1334,0.5214442467792646,76.47,27.85,0.47,8.26,0.3289
1150057000,화곡제4동,강서구,1334,0.8514316625077106,46.83,27.85,0.47,8.26,0.3289
1150059000,화곡본동,강서구,1334,0.9716742816671351,41.04,27.85,0.47,8.26,0.3289
1150059100,화곡제6동,강서구,1334,1.0371607494609143,38.45,27.85,0.47,8.26,0.3289
1150059300,화곡제8동,강서구,1334,0.5932512422777197,67.21,27.85,0.47,8.26,0.3289
1150060300,가양제1동,강서구,231,4.865764986732689,2.52,21.44,0.3278,39.91,0.3998
1150060400,가양제2동,강서구,84,0.8232780501876679,0.3,29.35,0.6203,60.87,0.3144
1150060500,가양제3동,강서구,84,0.4722836404729739,0.53,29.35,0.6203,60.87,0.3144
1150061100,발산제1동,강서구,737,2.8855946068928855,8.66,23.64,0.2885,17.42,0.3882
1150061500,우장산동,강서구,1868,1.2606779893907902,41.15,26.99,0.4223,10.35,0.3419
1150062000,공항동,강서구,1540,10.955944847618145,4.45,29.48,0.5128,9.57,0.567
1150063000,방화제1동,강서구,1526,1.4745478213620575,33.06,29.46,0.5119,9.65,0.5628
1150064000,방화제2동,강서구,998,6.153143123495626,4.75,34.42,0.6914,7.14,0.7276
1150064100,방화제3동,강서구,621,2.557045329153736,5.96,32.34,0.6193,10.72,0.5751
1153051000,신도림동,구로구,525,1.391772765971076,1.44,38.73,0.6742,23.3,0.659
1153052000,구로제1동,구로구,1252,1.0081580885646009,10.32,33.66,0.6905,7.91,0.5943
1153053000,구로제2동,구로구,1252,1.7021145506901252,6.11,33.66,0.6905,7.91,0.5943
1153054000,구로제3동,구로구,1252,1.039346944374484,10.01,33.66,0.6905,7.91,0.5943
1153055000,구로제4동,구로구,1252,0.5241178132560111,19.84,33.66,0.6905,7.91,0.5943
1153056000,구로제5동,구로구,1252,1.0117337410060057,10.28,33.66,0.6905,7.91,0.5943
1153059500,가리봉동,구로구,1193,0.4106989086030989,99.83,34.73,0.7469,3.71,0.6899
1153072000,고척제1동,구로구,1196,1.1504030764553037,30.42,34.65,0.7286,8.03,0.6697
1153073000,고척제2동,구로구,1196,1.024687353302526,34.16,34.65,0.7286,8.03,0.6697
1153074000,개봉제1동,구로구,1259,1.3193136020731944,26.53,30.97,0.5966,8.93,0.5127
1153075000,개봉제2동,구로구,1259,0.7818905587421366,44.76,30.97,0.5966,8.93,0.5127
1153076000,개봉제3동,구로구,1259,0.8278189913390529,42.28,30.97,0.5966,8.93,0.5127
1153077000,오류제1동,구로구,968,0.7270828222397656,41.26,32.69,0.6309,9.12,0.5773
1153078000,오류제2동,구로구,1190,3.0588785200641135,9.81,29.49,0.524,12.77,0.5628
1153079000,수궁동,구로구,945,2.659440569219275,14.66,26.25,0.4765,10.42,0.2688
1153080000,항동,구로구,299,1.4459024639735227,4.15,11.51,0.0745,20.68,0.5518
1154551000,가산동,금천구,763,2.5110196953220623,13.14,31.34,0.5874,9.62,0.599
1154561000,독산제1동,금천구,1350,2.0604134300010757,21.23,31.57,0.6613,7.54,0.561
1154562000,독산제2동,금천구,1350,0.6167554969069016,70.94,31.57,0.6613,7.54,0.561
1154563000,독산제3동,금천구,1350,0.9342992367530071,46.83,31.57,0.6613,7.54,0.561
1154564000,독산제4동,금천구,1350,0.5905777867720436,74.08,31.57,0.6613,7.54,0.561
1154567000,시흥제1동,금천구,1073,1.5222419921185306,15.37,32.68,0.7037,7.88,0.5747
1154568000,시흥제2동,금천구,1073,1.3079178679647536,17.89,32.68,0.7037,7.88,0.5747
1154569000,시흥제3동,금천구,1073,1.2604652821368687,18.56,32.68,0.7037,7.88,0.5747
1154570000,시흥제4동,금천구,1073,0.8211059386114624,28.5,32.68,0.7037,7.88,0.5747
1154571000,시흥제5동,금천구,1073,1.3859533072405181,16.88,32.68,0.7037,7.88,0.5747
1156051500,영등포본동,영등포구,1478,0.8457489302886876,32.68,37.42,0.7562,5.61,0.7587
1156053500,영등포동,영등포구,1414,1.3713763105959298,11.3,41.83,0.6785,7.34,0.8406
1156054000,여의동,영등포구,105,8.431315740357293,0.47,47.14,0.8911,102.13,0.0571
1156055000,당산제1동,영등포구,833,0.7447591147104619,28.2,35.42,0.7337,8.38,0.8079
1156056000,당산제2동,영등포구,999,1.5798609287508851,4.43,35.74,0.5622,11.6,0.7397
1156058500,도림동,영등포구,1651,0.5854553412496291,42.7,36.44,0.8004,3.97,0.7371
1156060500,문래동,영등포구,577,1.785402731093962,0.56,41.58,0.6081,15.63,0.8215
1156061000,양평제1동,영등포구,560,0.974200447472836,14.88,38.05,0.749,8.3,0.8598
1156062000,양평제2동,영등포구,634,2.8724957729053204,4.7,31.57,0.5197,11.12,0.6396
1156063000,신길제1동,영등포구,1025,0.7223923824144116,30.65,36.13,0.7666,5.47,0.7424
1156065000,신길제3동,영등포구,1025,0.5197018126125077,42.61,36.13,0.7666,5.47,0.7424
1156066000,신길제4동,영등포구,1025,0.3223644790039472,68.69,36.13,0.7666,5.47,0.7424
1156067000,신길제5동,영등포구,1989,0.4942898647847579,90.82,34.59,0.7494,5.34,0.7169
1156068000,신길제6동,영등포구,1025,0.6178988532489748,35.84,36.13,0.7666,5.47,0.7424
1156069000,신길제7동,영등포구,1025,0.6466931713693795,34.24,36.13,0.7666,5.47,0.7424
1156070000,대림제1동,영등포구,964,0.4986117674963767,45.63,33.08,0.7326,5.2,0.6897
1156071000,대림제2동,영등포구,964,0.5721283834858186,39.76,33.08,0.7326,5.2,0.6897
1156072000,대림제3동,영등포구,964,0.9210217114466988,24.7,33.08,0.7326,5.2,0.6897
1159051000,노량진제1동,동작구,1860,1.6122486505854003,10.23,39.06,0.8076,5.56,0.804
1159052000,노량진제2동,동작구,1141,0.6001241216779689,24.16,40.36,0.8605,4.99,0.7866
1159053000,상도제1동,동작구,2164,1.481432640061388,42.7,30.49,0.5385,6.57,0.5731
1159054000,상도제2동,동작구,1525,0.7784020275319241,59.42,30.08,0.5382,7.12,0.5752
1159055000,상도제3동,동작구,1525,0.6369041224948448,72.62,30.08,0.5382,7.12,0.5752
1159056000,상도제4동,동작구,1525,0.9388667340850155,49.26,30.08,0.5382,7.12,0.5752
1159060500,흑석동,동작구,1339,1.70703392258753,31.63,34.85,0.6441,8.5,0.7819
1159062000,사당제1동,동작구,1015,0.6346976984802543,68.06,30.14,0.6034,6.99,0.5653
1159063000,사당제2동,동작구,1134,2.7611076012286757,15.65,29.71,0.5812,7.64,0.5545
1159064000,사당제3동,동작구,1015,0.907037142997832,47.63,30.14,0.6034,6.99,0.5653
1159065000,사당제4동,동작구,1015,0.4358223270023358,99.12,30.14,0.6034,6.99,0.5653
1159065100,사당제5동,동작구,1015,0.6816901280909213,63.37,30.14,0.6034,6.99,0.5653
1159066000,대방동,동작구,1353,1.5437628820891838,22.67,31.57,0.5302,9.23,0.5854
1159067000,신대방제1동,동작구,960,0.6747845446602588,37.79,30.63,0.6142,8.26,0.6195
1159068000,신대방제2동,동작구,960,0.9697027895363133,26.3,30.63,0.6142,8.26,0.6195
1162052500,보라매동,관악구,1127,0.7561060233759294,38.8,30.07,0.569,7.12,0.5689
1162054500,청림동,관악구,1127,0.29693384438618675,98.79,30.07,0.569,7.12,0.5689
1162056500,성현동,관악구,1127,0.6777191228618452,43.28,30.07,0.569,7.12,0.5689
1162057500,행운동,관악구,1127,0.7177001609514527,40.87,30.07,0.569,7.12,0.5689
1162058500,낙성대동,관악구,1127,2.2611344853168918,12.97,30.07,0.569,7.12,0.5689
1162059500,청룡동,관악구,1127,1.1947180123684848,24.55,30.07,0.569,7.12,0.5689
1162060500,은천동,관악구,1127,0.7756371485778779,37.82,30.07,0.569,7.12,0.5689
1162061500,중앙동,관악구,1127,0.38444267764197065,76.3,30.07,0.569,7.12,0.5689
1162062500,인헌동,관악구,1127,1.0882657115375607,26.95,30.07,0.569,7.12,0.5689
1162063000,남현동,관악구,815,3.2785715020861264,6.41,25.2,0.4249,7.33,0.3951
1162064500,서원동,관악구,1249,0.6470538792064403,51.0,30.59,0.6511,5.84,0.5646
1162065500,신원동,관악구,1249,0.5445750235580561,60.6,30.59,0.6511,5.84,0.5646
1162066500,서림동,관악구,1249,0.9405547948842403,35.09,30.59,0.6511,5.84,0.5646
1162068500,신사동,관악구,1249,0.6406301973048565,51.51,30.59,0.6511,5.84,0.5646
1162069500,신림동,관악구,1249,0.540769856588561,61.02,30.59,0.6511,5.84,0.5646
1162071500,난향동,관악구,1249,0.820791946906767,40.21,30.59,0.6511,5.84,0.5646
1162072500,조원동,관악구,1249,0.6661174715076456,49.54,30.59,0.6511,5.84,0.5646
1162073500,대학동,관악구,1249,8.398948241817322,3.93,30.59,0.6511,5.84,0.5646
1162074500,삼성동,관악구,1249,2.6024637530960946,12.68,30.59,0.6511,5.84,0.5646
1162076500,미성동,관악구,1249,1.3584297106798073,24.29,30.59,0.6511,5.84,0.5646
1162077500,난곡동,관악구,1249,0.971656598044894,33.96,30.59,0.6511,5.84,0.5646
1165051000,서초1동,서초구,487,1.381640301885933,15.74,25.79,0.4123,18.99,0.3824
1165052000,서초2동,서초구,487,1.2302356882240437,17.68,25.79,0.4123,18.99,0.3824
1165053000,서초3동,서초구,1124,2.996312171110295,15.16,26.37,0.4222,13.25,0.3921
1165053100,서초4동,서초구,487,0.8791084228906586,24.74,25.79,0.4123,18.99,0.3824
1165054000,잠원동,서초구,266,1.7555415913986467,17.66,24.01,0.3786,32.49,0.3452
1165055000,반포본동,서초구,396,0.971807050955919,36.02,23.82,0.3831,17.96,0.3373
1165056000,반포1동,서초구,396,0.9916184288347256,35.3,23.82,0.3831,17.96,0.3373
1165057000,반포2동,서초구,396,1.3949827280874305,25.09,23.82,0.3831,17.96,0.3373
1165058000,반포3동,서초구,266,1.2507662434957412,24.78,24.01,0.3786,32.49,0.3452
1165058100,반포4동,서초구,396,1.4260670127258483,24.54,23.82,0.3831,17.96,0.3373
1165059000,방배본동,서초구,637,0.677002338298106,34.96,26.81,0.4298,8.86,0.3995
1165060000,방배1동,서초구,637,0.6887268297167539,34.36,26.81,0.4298,8.86,0.3995
1165061000,방배2동,서초구,637,1.9026034732083776,12.44,26.81,0.4298,8.86,0.3995
1165062000,방배3동,서초구,637,2.373348935056844,9.97,26.81,0.4298,8.86,0.3995
1165062100,방배4동,서초구,637,0.948814713343388,24.94,26.81,0.4298,8.86,0.3995
1165065100,양재1동,서초구,1331,5.760105367317352,8.68,24.55,0.4144,13.14,0.3941
1165065200,양재2동,서초구,750,7.5574134279889895,4.37,26.52,0.5034,10.0,0.242
1165066000,내곡동,서초구,723,12.699236435965778,4.49,25.59,0.4106,7.57,0.8451
1168051000,신사동,강남구,356,2.0576781492083978,0.24,34.21,0.6489,21.02,0.2865
1168052100,논현1동,강남구,1048,1.257791383680579,21.07,26.79,0.4001,10.75,0.2181
1168053100,논현2동,강남구,1048,1.4574173172755862,18.18,26.79,0.4001,10.75,0.2181
1168054500,압구정동,강남구,356,2.3432783079123998,0.21,34.21,0.6489,21.02,0.2865
1168056500,청담동,강남구,681,2.3274431371389595,3.44,27.51,0.4621,14.39,0.2907
1168058000,삼성1동,강남구,594,1.943143995576592,10.55,26.88,0.3859,14.22,0.3415
1168059000,삼성2동,강남구,594,1.2413258813086911,16.51,26.88,0.3859,14.22,0.3415
1168060000,대치1동,강남구,331,0.8092048117973631,15.45,26.01,0.3557,20.86,0.2109
1168061000,대치2동,강남구,331,1.8359624507437324,6.81,26.01,0.3557,20.86,0.2109
1168063000,대치4동,강남구,331,0.7005469238886035,17.84,26.01,0.3557,20.86,0.2109
1168064000,역삼1동,강남구,1167,2.360341149291698,16.73,24.87,0.3057,13.51,0.1714
1168065000,역삼2동,강남구,1167,1.1341661777114065,34.83,24.87,0.3057,13.51,0.1714
1168065500,도곡1동,강남구,261,1.0498111439141309,5.72,27.48,0.4585,33.23,0.3065
1168065600,도곡2동,강남구,261,0.9900086104879801,6.06,27.48,0.4585,33.23,0.3065
1168066000,개포1동,강남구,275,1.4488443114373963,17.08,23.97,0.4762,22.93,0.3179
1168067000,개포2동,강남구,533,2.2416222757828796,24.42,27.1,0.609,19.42,0.4526
1168069000,개포4동,강남구,275,1.6641917677564069,14.87,23.97,0.4762,22.93,0.3179
1168070000,세곡동,강남구,1168,6.36200560801776,19.33,18.93,0.2846,13.35,0.7406
1168072000,일원본동,강남구,320,2.352816260610416,13.46,29.08,0.6953,23.17,0.5818
1168073000,일원1동,강남구,320,0.952738150944692,33.24,29.08,0.6953,23.17,0.5818
1168074000,일원2동,강남구,864,,,26.68,0.5106,19.97,0.3601
1168075000,수서동,강남구,63,1.6281470822631774,1.02,23.52,0.4693,54.02,0.5213
1171051000,풍납1동,송파구,758,1.0744616715240667,6.98,32.64,0.7368,8.82,0.5471
1171052000,풍납2동,송파구,758,2.5625729264490116,2.93,32.64,0.7368,8.82,0.5471
1171053100,거여1동,송파구,442,0.5219014918714899,180.75,24.97,0.524,13.82,0.5291
1171053200,거여2동,송파구,442,0.5092229390163666,185.25,24.97,0.524,13.82,0.5291
1171054000,마천1동,송파구,1265,0.5748084356342865,5.22,34.7,0.7787,5.05,0.6134
1171055000,마천2동,송파구,1265,0.8899927067520285,3.37,34.7,0.7787,5.05,0.6134
1171056100,방이1동,송파구,534,0.6087869865981689,30.11,24.75,0.3776,12.53,0.128
1171056200,방이2동,송파구,534,0.7692453209702869,23.83,24.75,0.3776,12.53,0.128
1171056600,오륜동,송파구,534,3.08269243258614,5.95,24.75,0.3776,12.53,0.128
1171057000,오금동,송파구,1069,1.6475859617984212,26.71,25.06,0.4905,13.12,0.2582
1171058000,송파1동,송파구,782,0.6863942875332752,62.65,22.95,0.2919,11.26,0.1638
1171059000,송파2동,송파구,782,0.6305341061127019,68.2,22.95,0.2919,11.26,0.1638
1171060000,석촌동,송파구,1616,0.9461838644911769,66.58,23.11,0.2488,8.8,0.1207
1171061000,삼전동,송파구,1584,0.9526045579730544,53.54,23.06,0.247,8.89,0.0688
1171062000,가락본동,송파구,522,1.013951700739706,17.09,23.02,0.3586,18.51,0.2969
1171063100,가락1동,송파구,522,1.3921513534126655,12.45,23.02,0.3586,18.51,0.2969
1171063200,가락2동,송파구,522,0.9315870443688381,18.61,23.02,0.3586,18.51,0.2969
1171064100,문정1동,송파구,376,0.6120707633653334,39.76,23.13,0.3854,17.46,0.2314
1171064200,문정2동,송파구,541,2.2402956718497262,10.86,20.63,0.2774,21.36,0.3461
1171064600,장지동,송파구,541,1.2773615867772892,19.05,20.63,0.2774,21.36,0.3461
1171064700,위례동,송파구,607,2.638595390634531,35.75,22.24,0.3904,18.29,0.5502
1171065000,잠실본동,송파구,432,1.0282069422082494,7.78,24.25,0.2822,22.51,0.186
1171067000,잠실2동,송파구,432,2.6847896526663333,2.98,24.25,0.2822,22.51,0.186
1171068000,잠실3동,송파구,432,1.5414551222003858,5.19,24.25,0.2822,22.51,0.186
1171069000,잠실4동,송파구,66,0.7796006120656016,0.0,26.72,0.3158,94.17,0.1955
1171071000,잠실6동,송파구,66,1.506838686882518,0.0,26.72,0.3158,94.17,0.1955
1171072000,잠실7동,송파구,432,0.7229321808955346,11.07,24.25,0.2822,22.51,0.186
1174051500,강일동,강동구,803,2.2703837137012757,93.82,15.72,0.1965,28.14,0.556
1174052000,상일동,강동구,382,,,20.32,0.3949,23.99,0.5196
1174053000,명일제1동,강동구,314,0.6344469055102789,20.49,29.09,0.5923,21.26,0.4172
1174054000,명일제2동,강동구,314,0.913614193879314,14.23,29.09,0.5923,21.26,0.4172
1174055000,고덕제1동,강동구,617,1.515809923915974,56.74,28.53,0.6787,13.05,0.6645
1174056000,고덕제2동,강동구,617,2.474874752184202,34.75,28.53,0.6787,13.05,0.6645
1174057000,암사제1동,강동구,841,0.7349075996438003,34.93,26.96,0.4806,9.2,0.4885
1174058000,암사제2동,강동구,841,2.172643050338226,11.81,26.96,0.4806,9.2,0.4885
1174059000,암사제3동,강동구,841,1.797967108529413,14.28,26.96,0.4806,9.2,0.4885
1174060000,천호제1동,강동구,1565,0.6684775722605043,82.78,30.75,0.6473,6.72,0.524
1174061000,천호제2동,강동구,1565,1.849736814032577,29.91,30.75,0.6473,6.72,0.524
1174062000,천호제3동,강동구,1565,0.5611168219843251,98.61,30.75,0.6473,6.72,0.524
1174064000,성내제1동,강동구,1059,0.663160167847964,46.75,27.85,0.4973,8.26,0.3917
1174065000,성내제2동,강동구,1059,0.6246618265864,49.63,27.85,0.4973,8.26,0.3917
1174066000,성내제3동,강동구,1059,0.6468531026245836,47.92,27.85,0.4973,8.26,0.3917
1174068500,길동,강동구,1500,1.630343882755211,30.06,26.91,0.4717,12.95,0.3247
1174069000,둔촌제1동,강동구,565,0.9114673330762187,122.33,23.58,0.4339,18.85,0.5009
1174070000,둔촌제2동,강동구,565,1.549245818014498,71.97,23.58,0.4339,18.85,0.5009
