adm_cd,adm_nm,자치구,S_JVWI,구피해,cluster,cluster_label
1154562000,독산제2동,금천구,61.92,775,5,복합위험형
1154564000,독산제4동,금천구,61.55,775,5,복합위험형
1154563000,독산제3동,금천구,59.0,775,5,복합위험형
1154551000,가산동,금천구,56.56,775,5,복합위험형
1154561000,독산제1동,금천구,56.05,775,5,복합위험형
1111070000,숭인제1동,종로구,54.71,34,5,복합위험형
1111071000,숭인제2동,종로구,53.86,34,5,복합위험형
1121573000,군자동,광진구,50.44,134,5,복합위험형
1126066000,망우제3동,중랑구,50.15,283,3,신축집중형
1174062000,천호제3동,강동구,49.4,241,5,복합위험형
1156058500,도림동,영등포구,48.53,498,5,복합위험형
1130562500,수유2동,강북구,48.47,187,5,복합위험형
1150055000,화곡제2동,강서구,48.42,1627,5,복합위험형
1121571000,화양동,광진구,48.34,134,5,복합위험형
1138062500,역촌동,은평구,48.32,417,5,복합위험형
1121575000,중곡제2동,광진구,48.1,134,5,복합위험형
1150056000,화곡제3동,강서구,47.77,1627,5,복합위험형
1123053600,용신동,동대문구,46.97,503,5,복합위험형
1129081000,석관동,성북구,46.92,271,1,다가구밀집형
1150059300,화곡제8동,강서구,46.73,1627,5,복합위험형
1174060000,천호제1동,강동구,46.65,241,5,복합위험형
1130563500,수유3동,강북구,46.46,187,5,복합위험형
1121576000,중곡제3동,광진구,45.67,134,5,복합위험형
1121574000,중곡제1동,광진구,45.34,134,5,복합위험형
1126060000,중화제1동,중랑구,45.14,283,3,신축집중형
1150063000,방화제1동,강서구,44.72,1627,5,복합위험형
1162054500,청림동,관악구,44.67,2292,3,신축집중형
1126056500,면목본동,중랑구,44.4,283,1,다가구밀집형
1150054000,화곡제1동,강서구,43.92,1627,5,복합위험형
1111063000,종로5.6가동,종로구,43.82,34,6,오피스텔밀집형
1153077000,오류제1동,구로구,43.76,527,5,복합위험형
1126052000,면목제2동,중랑구,43.69,283,1,다가구밀집형
1114067000,황학동,중구,43.41,19,5,복합위험형
1120079000,용답동,성동구,43.29,25,6,오피스텔밀집형
1150059000,화곡본동,강서구,43.28,1627,5,복합위험형
1162069500,신림동,관악구,43.2,2292,5,복합위험형
1126059000,상봉제2동,중랑구,43.15,283,5,복합위험형
1156053500,영등포동,영등포구,43.09,498,5,복합위험형
1171053200,거여2동,송파구,42.92,198,3,신축집중형
1126055000,면목제5동,중랑구,42.45,283,1,다가구밀집형
1154570000,시흥제4동,금천구,42.25,775,1,다가구밀집형
1150057000,화곡제4동,강서구,42.13,1627,5,복합위험형
1123066000,장안제2동,동대문구,42.03,503,5,복합위험형
1150061500,우장산동,강서구,41.99,1627,5,복합위험형
1126054000,면목제4동,중랑구,41.7,283,1,다가구밀집형
1126058000,상봉제1동,중랑구,41.65,283,5,복합위험형
1153059500,가리봉동,구로구,41.6,527,3,신축집중형
1162065500,신원동,관악구,41.56,2292,5,복합위험형
1126065500,망우본동,중랑구,41.49,283,1,다가구밀집형
1150059100,화곡제6동,강서구,41.42,1627,5,복합위험형
1162064500,서원동,관악구,41.12,2292,5,복합위험형
1162068500,신사동,관악구,41.07,2292,5,복합위험형
1126061000,중화제2동,중랑구,41.0,283,1,다가구밀집형
1130561500,수유1동,강북구,40.95,187,1,다가구밀집형
1162061500,중앙동,관악구,40.89,2292,3,신축집중형
1132069000,방학제1동,도봉구,40.68,158,5,복합위험형
1154567000,시흥제1동,금천구,40.55,775,1,다가구밀집형
1141058500,신촌동,서대문구,40.52,200,6,오피스텔밀집형
1123065000,장안제1동,동대문구,40.41,503,5,복합위험형
1156067000,신길제5동,영등포구,40.33,498,3,신축집중형
1162072500,조원동,관악구,40.0,2292,5,복합위험형
1130564500,우이동,강북구,39.99,187,1,다가구밀집형
1138057000,대조동,은평구,39.99,417,1,다가구밀집형
1154568000,시흥제2동,금천구,39.93,775,1,다가구밀집형
1130566000,인수동,강북구,39.64,187,1,다가구밀집형
1126057000,면목제7동,중랑구,39.54,283,1,다가구밀집형
1150062000,공항동,강서구,39.53,1627,6,오피스텔밀집형
1153055000,구로제4동,구로구,39.43,527,5,복합위험형
1154571000,시흥제5동,금천구,39.42,775,1,다가구밀집형
1121577000,중곡제4동,광진구,39.3,134,1,다가구밀집형
1138059000,응암제2동,은평구,39.25,417,3,신축집중형
1132070000,방학제2동,도봉구,39.07,158,1,다가구밀집형
1150052000,등촌제1동,강서구,38.83,1627,5,복합위험형
1154569000,시흥제3동,금천구,38.78,775,1,다가구밀집형
1171053100,거여1동,송파구,38.76,198,3,신축집중형
1144061000,염리동,마포구,38.76,164,3,신축집중형
1129062000,정릉제1동,성북구,38.71,271,3,신축집중형
1121585000,구의제1동,광진구,38.68,134,3,신축집중형
1123072000,휘경제1동,동대문구,38.61,503,0,고밀주거형
1138060000,응암제3동,은평구,38.48,417,3,신축집중형
1126057500,면목제3.8동,중랑구,38.48,283,1,다가구밀집형
1174061000,천호제2동,강동구,38.12,241,1,다가구밀집형
1162056500,성현동,관악구,38.01,2292,0,고밀주거형
1162077500,난곡동,관악구,37.97,2292,1,다가구밀집형
1162066500,서림동,관악구,37.87,2292,1,다가구밀집형
1132071000,방학제3동,도봉구,37.78,158,1,다가구밀집형
1123070500,청량리동,동대문구,37.72,503,6,오피스텔밀집형
1123060000,답십리제1동,동대문구,37.59,503,0,고밀주거형
1129061000,보문동,성북구,37.58,271,3,신축집중형
1162057500,행운동,관악구,37.54,2292,0,고밀주거형
1162060500,은천동,관악구,37.48,2292,0,고밀주거형
1153056000,구로제5동,구로구,37.38,527,1,다가구밀집형
1168065000,역삼2동,강남구,37.37,68,1,다가구밀집형
1162071500,난향동,관악구,37.26,2292,1,다가구밀집형
1144066000,서교동,마포구,37.01,164,1,다가구밀집형
1144055500,아현동,마포구,36.91,164,3,신축집중형
1123061000,답십리제2동,동대문구,36.66,503,0,고밀주거형
1130557500,삼각산동,강북구,36.65,187,0,고밀주거형
1121578000,능동,광진구,36.48,134,1,다가구밀집형
1123054500,제기동,동대문구,36.45,503,1,다가구밀집형
1156066000,신길제4동,영등포구,36.34,498,3,신축집중형
1150053500,등촌제3동,강서구,36.34,1627,6,오피스텔밀집형
1153054000,구로제3동,구로구,36.33,527,1,다가구밀집형
1162076500,미성동,관악구,36.33,2292,1,다가구밀집형
1153052000,구로제1동,구로구,36.04,527,1,다가구밀집형
1174065000,성내제2동,강동구,36.01,241,0,고밀주거형
1162052500,보라매동,관악구,35.94,2292,0,고밀주거형
1111061500,종로1.2.3.4가동,종로구,35.94,34,6,오피스텔밀집형
1138058000,응암제1동,은평구,35.88,417,0,고밀주거형
1174068500,길동,강동구,35.82,241,1,다가구밀집형
1120053500,왕십리도선동,성동구,35.54,25,0,고밀주거형
1150053000,등촌제2동,강서구,35.51,1627,6,오피스텔밀집형
1174066000,성내제3동,강동구,35.43,241,0,고밀주거형
1141055500,북아현동,서대문구,35.2,200,0,고밀주거형
1156062000,양평제2동,영등포구,34.95,498,6,오피스텔밀집형
1123073000,휘경제2동,동대문구,34.87,503,1,다가구밀집형
1141061500,연희동,서대문구,34.84,200,1,다가구밀집형
1132052200,도봉제2동,도봉구,34.8,158,0,고밀주거형
1168070000,세곡동,강남구,34.78,68,4,공시지가괴리형
1144056500,공덕동,마포구,34.63,164,0,고밀주거형
1129060000,안암동,성북구,34.52,271,1,다가구밀집형
1123075000,이문제2동,동대문구,34.51,503,1,다가구밀집형
1138063100,신사제1동,은평구,34.5,417,0,고밀주거형
1156061000,양평제1동,영등포구,34.49,498,6,오피스텔밀집형
1153053000,구로제2동,구로구,34.48,527,6,오피스텔밀집형
1174064000,성내제1동,강동구,34.46,241,0,고밀주거형
1171064100,문정1동,송파구,34.39,198,6,오피스텔밀집형
1162059500,청룡동,관악구,34.31,2292,0,고밀주거형
1138055200,갈현제2동,은평구,34.29,417,1,다가구밀집형
1159055000,상도제3동,동작구,34.23,974,3,신축집중형
1156056000,당산제2동,영등포구,34.05,498,6,오피스텔밀집형
1126063000,묵제2동,중랑구,34.02,283,0,고밀주거형
1162063000,남현동,관악구,34.02,2292,6,오피스텔밀집형
1121587000,구의제3동,광진구,33.98,134,0,고밀주거형
1121582000,자양제1동,광진구,33.87,134,3,신축집중형
1159065000,사당제4동,동작구,33.78,974,3,신축집중형
1162062500,인헌동,관악구,33.49,2292,1,다가구밀집형
1132068000,쌍문제3동,도봉구,33.35,158,0,고밀주거형
1111065000,혜화동,종로구,33.21,34,1,다가구밀집형
1144072000,성산제1동,마포구,33.17,164,6,오피스텔밀집형
1174069000,둔촌제1동,강동구,33.12,241,3,신축집중형
1156051500,영등포본동,영등포구,33.06,498,0,고밀주거형
1132067000,쌍문제2동,도봉구,33.03,158,0,고밀주거형
1138056000,구산동,은평구,32.95,417,1,다가구밀집형
1162074500,삼성동,관악구,32.94,2292,1,다가구밀집형
1129055500,삼선동,성북구,32.94,271,1,다가구밀집형
1132068100,쌍문제4동,도봉구,32.82,158,0,고밀주거형
1168064000,역삼1동,강남구,32.78,68,1,다가구밀집형
1156065000,신길제3동,영등포구,32.68,498,0,고밀주거형
1123074000,이문제1동,동대문구,32.62,503,1,다가구밀집형
1123056000,전농제1동,동대문구,32.59,503,0,고밀주거형
1159054000,상도제2동,동작구,32.59,974,3,신축집중형
1117056000,원효로제1동,용산구,32.54,4,3,신축집중형
1156055000,당산제1동,영등포구,32.46,498,0,고밀주거형
1111055000,부암동,종로구,32.43,34,6,오피스텔밀집형
1150061100,발산제1동,강서구,32.39,1627,6,오피스텔밀집형
1138051000,녹번동,은평구,32.34,417,1,다가구밀집형
1111053000,사직동,종로구,32.32,34,6,오피스텔밀집형
1138055100,갈현제1동,은평구,32.32,417,1,다가구밀집형
1159053000,상도제1동,동작구,32.12,974,0,고밀주거형
1130555500,송천동,강북구,32.11,187,1,다가구밀집형
1117055500,청파동,용산구,32.1,4,3,신축집중형
1130553500,미아동,강북구,32.01,187,1,다가구밀집형
1144073000,성산제2동,마포구,31.84,164,6,오피스텔밀집형
1130554500,송중동,강북구,31.84,187,1,다가구밀집형
1156069000,신길제7동,영등포구,31.83,498,0,고밀주거형
1130553400,삼양동,강북구,31.74,187,1,다가구밀집형
1126062000,묵제1동,중랑구,31.73,283,0,고밀주거형
1156068000,신길제6동,영등포구,31.69,498,0,고밀주거형
1129070500,종암동,성북구,31.66,271,0,고밀주거형
1121586000,구의제2동,광진구,31.61,134,1,다가구밀집형
1138063200,신사제2동,은평구,31.5,417,1,다가구밀집형
1171060000,석촌동,송파구,31.5,198,3,신축집중형
1123071000,회기동,동대문구,31.49,503,1,다가구밀집형
1159062000,사당제1동,동작구,31.35,974,3,신축집중형
1162073500,대학동,관악구,31.33,2292,1,다가구밀집형
1153075000,개봉제2동,구로구,31.33,527,0,고밀주거형
1123057000,전농제2동,동대문구,31.23,503,1,다가구밀집형
1156070000,대림제1동,영등포구,31.2,498,0,고밀주거형
1129076000,장위제1동,성북구,30.94,271,3,신축집중형
1156063000,신길제1동,영등포구,30.85,498,0,고밀주거형
1130559500,번1동,강북구,30.76,187,0,고밀주거형
1144071000,연남동,마포구,30.74,164,1,다가구밀집형
1174070000,둔촌제2동,강동구,30.72,241,4,공시지가괴리형
1159056000,상도제4동,동작구,30.68,974,0,고밀주거형
1171056200,방이2동,송파구,30.61,198,6,오피스텔밀집형
1147059000,신월4동,양천구,30.48,354,0,고밀주거형
1132051200,창제2동,도봉구,30.44,158,0,고밀주거형
1150064000,방화제2동,강서구,30.32,1627,4,공시지가괴리형
1144059000,용강동,마포구,30.31,164,3,신축집중형
1159067000,신대방제1동,동작구,30.25,974,0,고밀주거형
1114059000,광희동,중구,30.24,19,6,오피스텔밀집형
1153073000,고척제2동,구로구,30.13,527,0,고밀주거형
1129057500,동선동,성북구,30.08,271,1,다가구밀집형
1129078000,장위제3동,성북구,29.96,271,3,신축집중형
1147054000,목4동,양천구,29.92,354,0,고밀주거형
1138064000,증산동,은평구,29.89,417,3,신축집중형
1174051500,강일동,강동구,29.89,241,3,신축집중형
1138069000,진관동,은평구,29.83,417,4,공시지가괴리형
1120052000,왕십리제2동,성동구,29.8,25,0,고밀주거형
1147053000,목3동,양천구,29.79,354,0,고밀주거형
1171056100,방이1동,송파구,29.77,198,6,오피스텔밀집형
1147061000,신월6동,양천구,29.69,354,0,고밀주거형
1174057000,암사제1동,강동구,29.64,241,0,고밀주거형
1153051000,신도림동,구로구,29.62,527,4,공시지가괴리형
1162058500,낙성대동,관악구,29.61,2292,6,오피스텔밀집형
1132052100,도봉제1동,도봉구,29.58,158,6,오피스텔밀집형
1156071000,대림제2동,영등포구,29.51,498,0,고밀주거형
1138065000,수색동,은평구,29.46,417,3,신축집중형
1147057000,신월2동,양천구,29.42,354,0,고밀주거형
1153072000,고척제1동,구로구,29.39,527,0,고밀주거형
1129068500,길음제2동,성북구,29.16,271,0,고밀주거형
1129077000,장위제2동,성북구,29.0,271,3,신축집중형
1132051500,창제5동,도봉구,28.9,158,0,고밀주거형
1147056000,신월1동,양천구,28.9,354,0,고밀주거형
1141066000,홍은제1동,서대문구,28.83,200,4,공시지가괴리형
1150060300,가양제1동,강서구,28.8,1627,6,오피스텔밀집형
1165053100,서초4동,서초구,28.79,29,0,고밀주거형
1153076000,개봉제3동,구로구,28.78,527,0,고밀주거형
1138053000,불광제2동,은평구,28.77,417,1,다가구밀집형
1153078000,오류제2동,구로구,28.63,527,6,오피스텔밀집형
1111058000,교남동,종로구,28.61,34,4,공시지가괴리형
1159065100,사당제5동,동작구,28.54,974,3,신축집중형
1156072000,대림제3동,영등포구,28.49,498,0,고밀주거형
1174055000,고덕제1동,강동구,28.3,241,4,공시지가괴리형
1129072500,월곡제2동,성북구,28.19,271,1,다가구밀집형
1130560300,번2동,강북구,28.13,187,1,다가구밀집형
1135059500,공릉1동,노원구,28.11,22,0,고밀주거형
1141068500,홍은제2동,서대문구,28.06,200,4,공시지가괴리형
1130560800,번3동,강북구,28.01,187,1,다가구밀집형
1159052000,노량진제2동,동작구,27.97,974,2,저위험형
1159064000,사당제3동,동작구,27.88,974,0,고밀주거형
1117058000,효창동,용산구,27.83,4,3,신축집중형
1129063000,정릉제2동,성북구,27.69,271,4,공시지가괴리형
1114068000,중림동,중구,27.64,19,6,오피스텔밀집형
1132066000,쌍문제1동,도봉구,27.63,158,0,고밀주거형
1126069000,신내2동,중랑구,27.62,283,4,공시지가괴리형
1150064100,방화제3동,강서구,27.57,1627,6,오피스텔밀집형
1153074000,개봉제1동,구로구,27.47,527,0,고밀주거형
1117059000,용문동,용산구,27.47,4,3,신축집중형
1171064600,장지동,송파구,27.35,198,6,오피스텔밀집형
1147060000,신월5동,양천구,27.35,354,0,고밀주거형
1171061000,삼전동,송파구,27.34,198,0,고밀주거형
1121584000,자양제3동,광진구,27.3,134,0,고밀주거형
1159068000,신대방제2동,동작구,27.25,974,0,고밀주거형
1159051000,노량진제1동,동작구,27.2,974,2,저위험형
1129059000,돈암제2동,성북구,27.02,271,0,고밀주거형
1114055000,명동,중구,26.98,19,6,오피스텔밀집형
1129071500,월곡제1동,성북구,26.98,271,0,고밀주거형
1141069000,남가좌제1동,서대문구,26.88,200,0,고밀주거형
1132051300,창제3동,도봉구,26.78,158,0,고밀주거형
1132051400,창제4동,도봉구,26.55,158,0,고밀주거형
1129052500,성북동,성북구,26.52,271,4,공시지가괴리형
1147052000,목2동,양천구,26.41,354,0,고밀주거형
1121584700,자양제4동,광진구,26.4,134,2,저위험형
1111064000,이화동,종로구,26.34,34,6,오피스텔밀집형
1132051100,창제1동,도봉구,26.33,158,0,고밀주거형
1168052100,논현1동,강남구,26.27,68,1,다가구밀집형
1141070000,남가좌제2동,서대문구,26.25,200,0,고밀주거형
1159066000,대방동,동작구,26.24,974,0,고밀주거형
1138052000,불광제1동,은평구,26.23,417,1,다가구밀집형
1147063000,신정2동,양천구,26.18,354,0,고밀주거형
1144060000,대흥동,마포구,26.1,164,2,저위험형
1114057000,필동,중구,26.08,19,6,오피스텔밀집형
1144070000,망원제2동,마포구,25.96,164,0,고밀주거형
1165052000,서초2동,서초구,25.91,29,6,오피스텔밀집형
1114064500,청구동,중구,25.89,19,0,고밀주거형
1114052000,소공동,중구,25.76,19,6,오피스텔밀집형
1141065500,홍제제2동,서대문구,25.75,200,4,공시지가괴리형
1147058000,신월3동,양천구,25.74,354,4,공시지가괴리형
1141072000,북가좌제2동,서대문구,25.71,200,0,고밀주거형
1126068000,신내1동,중랑구,25.58,283,4,공시지가괴리형
1168053100,논현2동,강남구,25.54,68,1,다가구밀집형
1165066000,내곡동,서초구,25.51,29,4,공시지가괴리형
1141071000,북가좌제1동,서대문구,25.42,200,0,고밀주거형
1117057000,원효로제2동,용산구,25.37,4,3,신축집중형
1147061100,신월7동,양천구,25.31,354,4,공시지가괴리형
1174056000,고덕제2동,강동구,25.1,241,4,공시지가괴리형
1171064200,문정2동,송파구,25.04,198,6,오피스텔밀집형
1114065000,신당제5동,중구,24.99,19,0,고밀주거형
1111057000,무악동,종로구,24.93,34,4,공시지가괴리형
1121583000,자양제2동,광진구,24.92,134,2,저위험형
1144074000,상암동,마포구,24.86,164,6,오피스텔밀집형
1147055000,목5동,양천구,24.85,354,0,고밀주거형
1147051000,목1동,양천구,24.77,354,0,고밀주거형
1114066500,동화동,중구,24.76,19,0,고밀주거형
1165051000,서초1동,서초구,24.75,29,6,오피스텔밀집형
1135062100,중계1동,노원구,24.68,22,0,고밀주거형
1135061200,하계2동,노원구,24.68,22,0,고밀주거형
1144063000,신수동,마포구,24.64,164,0,고밀주거형
1114063500,약수동,중구,24.63,19,0,고밀주거형
1150051000,염창동,강서구,24.58,1627,0,고밀주거형
1141056500,충현동,서대문구,24.5,200,2,저위험형
1111051500,청운효자동,종로구,24.48,34,6,오피스텔밀집형
1117053000,남영동,용산구,24.46,4,6,오피스텔밀집형
1129058000,돈암제1동,성북구,24.46,271,4,공시지가괴리형
1120057000,행당제2동,성동구,24.36,25,0,고밀주거형
1171056600,오륜동,송파구,24.36,198,6,오피스텔밀집형
1111056000,평창동,종로구,24.23,34,4,공시지가괴리형
1141062000,홍제제1동,서대문구,24.23,200,4,공시지가괴리형
1111060000,가회동,종로구,23.95,34,6,오피스텔밀집형
1147065000,신정4동,양천구,23.86,354,0,고밀주거형
1120059000,금호1가동,성동구,23.62,25,4,공시지가괴리형
1165053000,서초3동,서초구,23.61,29,2,저위험형
1144069000,망원제1동,마포구,23.6,164,2,저위험형
1147062000,신정1동,양천구,23.59,354,0,고밀주거형
1135062500,중계2.3동,노원구,23.52,22,4,공시지가괴리형
1171064700,위례동,송파구,23.51,198,4,공시지가괴리형
1117051000,후암동,용산구,23.49,4,2,저위험형
1144058500,도화동,마포구,23.46,164,0,고밀주거형
1156060500,문래동,영등포구,23.43,498,6,오피스텔밀집형
1141064000,홍제제3동,서대문구,23.42,200,4,공시지가괴리형
1114060500,을지로동,중구,23.41,19,6,오피스텔밀집형
1129065000,정릉제4동,성북구,23.36,271,4,공시지가괴리형
1114062500,다산동,중구,23.28,19,0,고밀주거형
1171058000,송파1동,송파구,23.28,198,3,신축집중형
1174053000,명일제1동,강동구,23.22,241,0,고밀주거형
1129064000,정릉제3동,성북구,23.06,271,4,공시지가괴리형
1171059000,송파2동,송파구,23.06,198,3,신축집중형
1147067000,신정6동,양천구,22.92,354,0,고밀주거형
1144068000,합정동,마포구,22.91,164,2,저위험형
1129066000,길음제1동,성북구,22.87,271,0,고밀주거형
1141052000,천연동,서대문구,22.85,200,4,공시지가괴리형
1159063000,사당제2동,동작구,22.8,974,2,저위험형
1114058000,장충동,중구,22.66,19,6,오피스텔밀집형
1114061500,신당동,중구,22.61,19,2,저위험형
1135060000,공릉2동,노원구,22.58,22,4,공시지가괴리형
1120072000,송정동,성동구,22.57,25,4,공시지가괴리형
1120061500,금호2.3가동,성동구,22.5,25,0,고밀주거형
1165059000,방배본동,서초구,22.45,29,0,고밀주거형
1120055000,사근동,성동구,22.44,25,4,공시지가괴리형
1120054000,마장동,성동구,22.41,25,2,저위험형
1153079000,수궁동,구로구,22.22,527,4,공시지가괴리형
1150060500,가양제3동,강서구,22.11,1627,0,고밀주거형
1111069000,창신제3동,종로구,22.11,34,0,고밀주거형
1147068000,신정7동,양천구,22.04,354,2,저위험형
1144065500,서강동,마포구,21.92,164,2,저위험형
1174059000,암사제3동,강동구,21.82,241,4,공시지가괴리형
1111068000,창신제2동,종로구,21.8,34,0,고밀주거형
1159060500,흑석동,동작구,21.66,974,2,저위험형
1165060000,방배1동,서초구,21.4,29,2,저위험형
1171051000,풍납1동,송파구,21.25,198,4,공시지가괴리형
1117068500,한남동,용산구,21.18,4,2,저위험형
1120066000,성수1가제2동,성동구,21.16,25,2,저위험형
1174058000,암사제2동,강동구,21.14,241,4,공시지가괴리형
1135070000,상계8동,노원구,21.08,22,0,고밀주거형
1171057000,오금동,송파구,20.97,198,2,저위험형
1135064000,상계2동,노원구,20.83,22,0,고밀주거형
1120058000,응봉동,성동구,20.78,25,4,공시지가괴리형
1121581000,광장동,광진구,20.76,134,4,공시지가괴리형
1171052000,풍납2동,송파구,20.58,198,4,공시지가괴리형
1165062100,방배4동,서초구,20.5,29,2,저위험형
1147064000,신정3동,양천구,20.41,354,2,저위험형
1171063200,가락2동,송파구,20.3,198,0,고밀주거형
1120062000,금호4가동,성동구,20.27,25,4,공시지가괴리형
1135058000,월계3동,노원구,20.25,22,4,공시지가괴리형
1135061100,하계1동,노원구,20.22,22,4,공시지가괴리형
1114054000,회현동,중구,20.13,19,6,오피스텔밀집형
1135071000,상계9동,노원구,20.11,22,2,저위험형
1120056000,행당제1동,성동구,19.99,25,2,저위험형
1150060400,가양제2동,강서구,19.89,1627,2,저위험형
1117062500,한강로동,용산구,19.76,4,6,오피스텔밀집형
1135067000,상계5동,노원구,19.57,22,2,저위험형
1165056000,반포1동,서초구,19.54,29,2,저위험형
1120065000,성수1가제1동,성동구,19.48,25,2,저위험형
1168073000,일원1동,강남구,19.46,68,4,공시지가괴리형
1135061900,중계본동,노원구,19.44,22,4,공시지가괴리형
1120064500,옥수동,성동구,19.42,25,4,공시지가괴리형
1168075000,수서동,강남구,19.36,68,4,공시지가괴리형
1111067000,창신제1동,종로구,19.26,34,2,저위험형
1174054000,명일제2동,강동구,19.24,241,2,저위험형
1135072000,상계10동,노원구,19.22,22,2,저위험형
1135056000,월계1동,노원구,19.08,22,4,공시지가괴리형
1135062400,중계4동,노원구,18.78,22,2,저위험형
1171062000,가락본동,송파구,18.77,198,2,저위험형
1117065000,이태원제1동,용산구,18.76,4,2,저위험형
1168067000,개포2동,강남구,18.75,68,4,공시지가괴리형
1135069500,상계6.7동,노원구,18.65,22,2,저위험형
1168059000,삼성2동,강남구,18.47,68,2,저위험형
1135057000,월계2동,노원구,18.01,22,4,공시지가괴리형
1165065200,양재2동,서초구,17.9,29,2,저위험형
1171054000,마천1동,송파구,17.73,198,2,저위험형
1165065100,양재1동,서초구,17.58,29,2,저위험형
1171063100,가락1동,송파구,17.5,198,2,저위험형
1168060000,대치1동,강남구,17.41,68,2,저위험형
1168065600,도곡2동,강남구,17.35,68,2,저위험형
1117066000,이태원제2동,용산구,17.32,4,2,저위험형
1168063000,대치4동,강남구,17.21,68,2,저위험형
1165061000,방배2동,서초구,16.95,29,2,저위험형
1171069000,잠실4동,송파구,16.8,198,4,공시지가괴리형
1168069000,개포4동,강남구,16.68,68,4,공시지가괴리형
1168072000,일원본동,강남구,16.64,68,4,공시지가괴리형
1171065000,잠실본동,송파구,16.42,198,2,저위험형
1165062000,방배3동,서초구,16.32,29,2,저위험형
1168056500,청담동,강남구,16.24,68,2,저위험형
1120067000,성수2가제1동,성동구,16.22,25,2,저위험형
1135063000,상계1동,노원구,15.87,22,2,저위험형
1120069000,성수2가제3동,성동구,15.79,25,2,저위험형
1171055000,마천2동,송파구,15.69,198,2,저위험형
1135066500,상계3.4동,노원구,15.62,22,2,저위험형
1165057000,반포2동,서초구,15.51,29,2,저위험형
1168066000,개포1동,강남구,15.4,68,4,공시지가괴리형
1171068000,잠실3동,송파구,15.36,198,2,저위험형
1168065500,도곡1동,강남구,15.18,68,2,저위험형
1168061000,대치2동,강남구,15.16,68,2,저위험형
1165058100,반포4동,서초구,15.11,29,2,저위험형
1168058000,삼성1동,강남구,14.95,68,2,저위험형
1156054000,여의동,영등포구,14.76,498,6,오피스텔밀집형
1165058000,반포3동,서초구,14.72,29,2,저위험형
1171072000,잠실7동,송파구,14.51,198,2,저위험형
1117070000,보광동,용산구,14.41,4,2,저위험형
1171071000,잠실6동,송파구,14.19,198,4,공시지가괴리형
1165055000,반포본동,서초구,14.18,29,2,저위험형
1171067000,잠실2동,송파구,13.71,198,2,저위험형
1165054000,잠원동,서초구,13.42,29,2,저위험형
1117052000,용산2가동,용산구,11.82,4,2,저위험형
1117069000,서빙고동,용산구,8.97,4,2,저위험형
1117063000,이촌제1동,용산구,8.05,4,2,저위험형
1117064000,이촌제2동,용산구,7.73,4,2,저위험형
1168054500,압구정동,강남구,7.01,68,2,저위험형
1168051000,신사동,강남구,6.46,68,2,저위험형
1111054000,삼청동,종로구,1.73,34,2,저위험형
