adm_cd,adm_nm,자치구,rent_n,villa_share,apt_share,officetel_share,dagagu_count
1111051500,청운효자동,종로구,520,0.9538,0.0462,0.0,173
1111053000,사직동,종로구,998,0.1323,0.3216,0.5461,56
1111054000,삼청동,종로구,12,1.0,0.0,0.0,63
1111055000,부암동,종로구,458,0.8188,0.0524,0.1288,96
1111056000,평창동,종로구,541,0.7505,0.2403,0.0092,140
1111057000,무악동,종로구,514,0.0272,0.9728,0.0,2
1111058000,교남동,종로구,1517,0.1826,0.7713,0.0461,103
1111060000,가회동,종로구,170,1.0,0.0,0.0,71
1111061500,종로1.2.3.4가동,종로구,642,0.0467,0.3115,0.6417,14
1111063000,종로5.6가동,종로구,1166,0.0515,0.301,0.6475,104
1111064000,이화동,종로구,659,0.8452,0.0941,0.0607,147
1111065000,혜화동,종로구,1406,0.8243,0.143,0.0327,508
1111067000,창신제1동,종로구,1150,0.3687,0.5443,0.087,114
1111068000,창신제2동,종로구,1150,0.3687,0.5443,0.087,114
1111069000,창신제3동,종로구,1150,0.3687,0.5443,0.087,114
1111070000,숭인제1동,종로구,3036,0.1173,0.276,0.6067,104
1111071000,숭인제2동,종로구,3036,0.1173,0.276,0.6067,104
1114052000,소공동,중구,510,0.0,0.6588,0.3412,2
1114054000,회현동,중구,693,0.2828,0.5916,0.1255,13
1114055000,명동,중구,654,0.419,0.2783,0.3028,44
1114057000,필동,중구,1686,0.4953,0.3161,0.1886,50
1114058000,장충동,중구,1104,0.7246,0.2237,0.0516,22
1114059000,광희동,중구,1564,0.0396,0.6324,0.328,57
1114060500,을지로동,중구,708,0.0,0.6723,0.3277,0
1114061500,신당동,중구,6047,0.3182,0.5399,0.1419,136
1114062500,다산동,중구,5529,0.3456,0.5502,0.1042,134
1114063500,약수동,중구,5529,0.3456,0.5502,0.1042,134
1114064500,청구동,중구,5529,0.3456,0.5502,0.1042,134
1114065000,신당제5동,중구,5529,0.3456,0.5502,0.1042,134
1114066500,동화동,중구,5529,0.3456,0.5502,0.1042,134
1114067000,황학동,중구,3417,0.0664,0.309,0.6245,23
1114068000,중림동,중구,1941,0.0778,0.6023,0.3199,19
1117051000,후암동,용산구,1723,0.8799,0.0929,0.0273,329
1117052000,용산2가동,용산구,613,0.9315,0.0685,0.0,213
1117053000,남영동,용산구,667,0.2939,0.2684,0.4378,63
1117055500,청파동,용산구,2354,0.8445,0.0684,0.0871,552
1117056000,원효로제1동,용산구,4552,0.2368,0.4695,0.2937,161
1117057000,원효로제2동,용산구,1767,0.4012,0.4488,0.15,186
1117058000,효창동,용산구,1650,0.6006,0.3994,0.0,106
1117059000,용문동,용산구,1469,0.6378,0.356,0.0061,138
1117062500,한강로동,용산구,3738,0.0674,0.6474,0.2852,64
1117063000,이촌제1동,용산구,3928,0.029,0.971,0.0,3
1117064000,이촌제2동,용산구,3928,0.029,0.971,0.0,3
1117065000,이태원제1동,용산구,1243,0.646,0.3459,0.008,353
1117066000,이태원제2동,용산구,1243,0.646,0.3459,0.008,353
1117068500,한남동,용산구,1403,0.3229,0.6607,0.0164,335
1117069000,서빙고동,용산구,712,0.4621,0.5379,0.0,182
1117070000,보광동,용산구,198,0.2424,0.7576,0.0,573
1120052000,왕십리제2동,성동구,3294,0.0723,0.823,0.1047,118
1120053500,왕십리도선동,성동구,5261,0.0977,0.6155,0.2868,274
1120054000,마장동,성동구,2003,0.2117,0.7464,0.0419,282
1120055000,사근동,성동구,4830,0.1634,0.7745,0.0621,259
1120056000,행당제1동,성동구,4458,0.1335,0.7992,0.0673,80
1120057000,행당제2동,성동구,4458,0.1335,0.7992,0.0673,80
1120058000,응봉동,성동구,1395,0.1534,0.8466,0.0,36
1120059000,금호1가동,성동구,1498,0.0935,0.8945,0.012,18
1120061500,금호2.3가동,성동구,2088,0.1571,0.8429,0.0,251
1120062000,금호4가동,성동구,1402,0.0392,0.9565,0.0043,69
1120064500,옥수동,성동구,3404,0.0176,0.9533,0.0291,31
1120065000,성수1가제1동,성동구,3900,0.1636,0.6405,0.1959,196
1120066000,성수1가제2동,성동구,3900,0.1636,0.6405,0.1959,196
1120067000,성수2가제1동,성동구,2109,0.3115,0.4841,0.2044,217
1120069000,성수2가제3동,성동구,2109,0.3115,0.4841,0.2044,217
1120072000,송정동,성동구,406,0.532,0.3793,0.0887,142
1120079000,용답동,성동구,2590,0.3336,0.1645,0.5019,476
1121571000,화양동,광진구,4065,0.3897,0.1784,0.432,547
1121573000,군자동,광진구,1455,0.6117,0.0674,0.321,581
1121574000,중곡제1동,광진구,5146,0.7717,0.0906,0.1378,561
1121575000,중곡제2동,광진구,5146,0.7717,0.0906,0.1378,561
1121576000,중곡제3동,광진구,5146,0.7717,0.0906,0.1378,561
1121577000,중곡제4동,광진구,5146,0.7717,0.0906,0.1378,561
1121578000,능동,광진구,1000,0.884,0.014,0.102,433
1121581000,광장동,광진구,2641,0.1094,0.8531,0.0375,58
1121582000,자양제1동,광진구,9309,0.4838,0.4151,0.1011,347
1121583000,자양제2동,광진구,9309,0.4838,0.4151,0.1011,347
1121584000,자양제3동,광진구,9309,0.4838,0.4151,0.1011,347
1121584700,자양제4동,광진구,9309,0.4838,0.4151,0.1011,347
1121585000,구의제1동,광진구,7641,0.4999,0.3455,0.1546,387
1121586000,구의제2동,광진구,7641,0.4999,0.3455,0.1546,387
1121587000,구의제3동,광진구,7641,0.4999,0.3455,0.1546,387
1123053600,용신동,동대문구,5971,0.1402,0.4088,0.451,408
1123054500,제기동,동대문구,1621,0.4818,0.4226,0.0956,552
1123056000,전농제1동,동대문구,4704,0.2268,0.5193,0.2538,406
1123057000,전농제2동,동대문구,4704,0.2268,0.5193,0.2538,406
1123060000,답십리제1동,동대문구,6075,0.0714,0.6359,0.2927,322
1123061000,답십리제2동,동대문구,6075,0.0714,0.6359,0.2927,322
1123065000,장안제1동,동대문구,7119,0.2002,0.3894,0.4105,287
1123066000,장안제2동,동대문구,7119,0.2002,0.3894,0.4105,287
1123070500,청량리동,동대문구,1526,0.1206,0.3493,0.5301,267
1123071000,회기동,동대문구,1003,0.338,0.6032,0.0588,304
1123072000,휘경제1동,동대문구,4866,0.1788,0.6291,0.1921,329
1123073000,휘경제2동,동대문구,4866,0.1788,0.6291,0.1921,329
1123074000,이문제1동,동대문구,3994,0.1179,0.7692,0.1129,545
1123075000,이문제2동,동대문구,3994,0.1179,0.7692,0.1129,545
1126052000,면목제2동,중랑구,6921,0.561,0.3744,0.0646,768
1126054000,면목제4동,중랑구,6921,0.561,0.3744,0.0646,768
1126055000,면목제5동,중랑구,6921,0.561,0.3744,0.0646,768
1126056500,면목본동,중랑구,6921,0.561,0.3744,0.0646,768
1126057000,면목제7동,중랑구,6921,0.561,0.3744,0.0646,768
1126057500,면목제3.8동,중랑구,6921,0.561,0.3744,0.0646,768
1126058000,상봉제1동,중랑구,5343,0.356,0.4561,0.1879,334
1126059000,상봉제2동,중랑구,5343,0.356,0.4561,0.1879,334
1126060000,중화제1동,중랑구,2430,0.6181,0.3313,0.0506,596
1126061000,중화제2동,중랑구,2430,0.6181,0.3313,0.0506,596
1126062000,묵제1동,중랑구,2902,0.4294,0.5303,0.0403,327
1126063000,묵제2동,중랑구,2902,0.4294,0.5303,0.0403,327
1126065500,망우본동,중랑구,3830,0.2258,0.5086,0.2655,435
1126066000,망우제3동,중랑구,3830,0.2258,0.5086,0.2655,435
1126068000,신내1동,중랑구,5143,0.049,0.8833,0.0677,102
1126069000,신내2동,중랑구,5143,0.049,0.8833,0.0677,102
1129052500,성북동,성북구,1123,0.7854,0.0962,0.1184,289
1129055500,삼선동,성북구,3432,0.1722,0.7584,0.0693,546
1129057500,동선동,성북구,3794,0.2435,0.6547,0.1017,384
1129058000,돈암제1동,성북구,2234,0.0577,0.9423,0.0,8
1129059000,돈암제2동,성북구,2234,0.0577,0.9423,0.0,8
1129060000,안암동,성북구,726,0.6171,0.3375,0.0455,600
1129061000,보문동,성북구,1214,0.2636,0.6252,0.1112,438
1129062000,정릉제1동,성북구,11312,0.2052,0.7922,0.0027,208
1129063000,정릉제2동,성북구,6283,0.353,0.6422,0.0048,166
1129064000,정릉제3동,성북구,4049,0.5159,0.4767,0.0074,158
1129065000,정릉제4동,성북구,4049,0.5159,0.4767,0.0074,158
1129066000,길음제1동,성북구,5029,0.0205,0.9795,0.0,42
1129068500,길음제2동,성북구,7108,0.0575,0.9163,0.0262,264
1129070500,종암동,성북구,2087,0.3019,0.6933,0.0048,458
1129071500,월곡제1동,성북구,2079,0.1472,0.7633,0.0895,222
1129072500,월곡제2동,성북구,2382,0.173,0.749,0.0781,433
1129076000,장위제1동,성북구,4485,0.4343,0.5173,0.0484,282
1129077000,장위제2동,성북구,4485,0.4343,0.5173,0.0484,282
1129078000,장위제3동,성북구,4485,0.4343,0.5173,0.0484,282
1129081000,석관동,성북구,2032,0.4365,0.4838,0.0797,1143
1130553400,삼양동,강북구,6294,0.3713,0.5745,0.0542,599
1130553500,미아동,강북구,6294,0.3713,0.5745,0.0542,599
1130554500,송중동,강북구,6294,0.3713,0.5745,0.0542,599
1130555500,송천동,강북구,6294,0.3713,0.5745,0.0542,599
1130557500,삼각산동,강북구,6294,0.3713,0.5745,0.0542,599
1130559500,번1동,강북구,2382,0.3686,0.5227,0.1087,285
1130560300,번2동,강북구,2382,0.3686,0.5227,0.1087,285
1130560800,번3동,강북구,2382,0.3686,0.5227,0.1087,285
1130561500,수유1동,강북구,5095,0.5562,0.2269,0.2169,445
1130562500,수유2동,강북구,5095,0.5562,0.2269,0.2169,445
1130563500,수유3동,강북구,5095,0.5562,0.2269,0.2169,445
1130564500,우이동,강북구,5525,0.5781,0.2219,0.2,580
1130566000,인수동,강북구,5095,0.5562,0.2269,0.2169,445
1132051100,창제1동,도봉구,9523,0.1745,0.6305,0.195,179
1132051200,창제2동,도봉구,9523,0.1745,0.6305,0.195,179
1132051300,창제3동,도봉구,9523,0.1745,0.6305,0.195,179
1132051400,창제4동,도봉구,9523,0.1745,0.6305,0.195,179
1132051500,창제5동,도봉구,9523,0.1745,0.6305,0.195,179
1132052100,도봉제1동,도봉구,2462,0.2218,0.5032,0.275,223
1132052200,도봉제2동,도봉구,2462,0.2218,0.5032,0.275,223
1132066000,쌍문제1동,도봉구,3362,0.3664,0.6267,0.0068,212
1132067000,쌍문제2동,도봉구,3362,0.3664,0.6267,0.0068,212
1132068000,쌍문제3동,도봉구,3362,0.3664,0.6267,0.0068,212
1132068100,쌍문제4동,도봉구,3362,0.3664,0.6267,0.0068,212
1132069000,방학제1동,도봉구,3751,0.2698,0.5809,0.1493,361
1132070000,방학제2동,도봉구,3751,0.2698,0.5809,0.1493,361
1132071000,방학제3동,도봉구,3751,0.2698,0.5809,0.1493,361
1135056000,월계1동,노원구,6339,0.1054,0.8793,0.0153,56
1135057000,월계2동,노원구,6339,0.1054,0.8793,0.0153,56
1135058000,월계3동,노원구,6339,0.1054,0.8793,0.0153,56
1135059500,공릉1동,노원구,5205,0.2913,0.6968,0.0119,250
1135060000,공릉2동,노원구,5205,0.2913,0.6968,0.0119,250
1135061100,하계1동,노원구,3594,0.0509,0.9446,0.0045,27
1135061200,하계2동,노원구,3594,0.0509,0.9446,0.0045,27
1135061900,중계본동,노원구,7763,0.0294,0.9454,0.0252,18
1135062100,중계1동,노원구,7763,0.0294,0.9454,0.0252,18
1135062400,중계4동,노원구,26232,0.0581,0.9127,0.0291,157
1135062500,중계2.3동,노원구,7763,0.0294,0.9454,0.0252,18
1135063000,상계1동,노원구,18469,0.0702,0.899,0.0308,139
1135064000,상계2동,노원구,18469,0.0702,0.899,0.0308,139
1135066500,상계3.4동,노원구,18469,0.0702,0.899,0.0308,139
1135067000,상계5동,노원구,18469,0.0702,0.899,0.0308,139
1135069500,상계6.7동,노원구,18469,0.0702,0.899,0.0308,139
1135070000,상계8동,노원구,18469,0.0702,0.899,0.0308,139
1135071000,상계9동,노원구,18469,0.0702,0.899,0.0308,139
1135072000,상계10동,노원구,18469,0.0702,0.899,0.0308,139
1138051000,녹번동,은평구,3414,0.4748,0.4133,0.1119,494
1138052000,불광제1동,은평구,5275,0.5048,0.4457,0.0495,467
1138053000,불광제2동,은평구,5275,0.5048,0.4457,0.0495,467
1138055100,갈현제1동,은평구,2365,0.7844,0.2034,0.0123,294
1138055200,갈현제2동,은평구,2365,0.7844,0.2034,0.0123,294
1138056000,구산동,은평구,1420,0.6937,0.2944,0.012,263
1138057000,대조동,은평구,4104,0.3445,0.4798,0.1757,510
1138058000,응암제1동,은평구,6941,0.2697,0.5535,0.1768,272
1138059000,응암제2동,은평구,6941,0.2697,0.5535,0.1768,272
1138060000,응암제3동,은평구,6941,0.2697,0.5535,0.1768,272
1138062500,역촌동,은평구,2401,0.7555,0.1466,0.0979,595
1138063100,신사제1동,은평구,2691,0.5537,0.3419,0.1044,260
1138063200,신사제2동,은평구,2691,0.5537,0.3419,0.1044,260
1138064000,증산동,은평구,1158,0.2392,0.7539,0.0069,173
1138065000,수색동,은평구,1877,0.1284,0.8716,0.0,25
1138069000,진관동,은평구,6965,0.0057,0.6319,0.3624,43
1141052000,천연동,서대문구,1281,0.0827,0.9141,0.0031,190
1141055500,북아현동,서대문구,5455,0.1265,0.4895,0.3841,248
1141056500,충현동,서대문구,4316,0.1457,0.7266,0.1277,282
1141058500,신촌동,서대문구,4770,0.3212,0.1453,0.5335,350
1141061500,연희동,서대문구,2995,0.5306,0.2441,0.2254,540
1141062000,홍제제1동,서대문구,3953,0.2388,0.7298,0.0314,163
1141064000,홍제제3동,서대문구,3953,0.2388,0.7298,0.0314,163
1141065500,홍제제2동,서대문구,3953,0.2388,0.7298,0.0314,163
1141066000,홍은제1동,서대문구,2833,0.4006,0.5708,0.0286,232
1141068500,홍은제2동,서대문구,2833,0.4006,0.5708,0.0286,232
1141069000,남가좌제1동,서대문구,3865,0.1459,0.8517,0.0023,173
1141070000,남가좌제2동,서대문구,3865,0.1459,0.8517,0.0023,173
1141071000,북가좌제1동,서대문구,2981,0.5606,0.4267,0.0127,202
1141072000,북가좌제2동,서대문구,2981,0.5606,0.4267,0.0127,202
1144055500,아현동,마포구,10045,0.1422,0.6526,0.2053,245
1144056500,공덕동,마포구,12659,0.0909,0.6373,0.2718,350
1144058500,도화동,마포구,3469,0.1505,0.5886,0.2609,58
1144059000,용강동,마포구,8961,0.2297,0.6368,0.1336,208
1144060000,대흥동,마포구,4886,0.2863,0.5639,0.1498,248
1144061000,염리동,마포구,5794,0.1555,0.5861,0.2584,221
1144063000,신수동,마포구,4295,0.2692,0.6864,0.0445,209
1144065500,서강동,마포구,3133,0.2949,0.6454,0.0597,284
1144066000,서교동,마포구,4898,0.4829,0.3083,0.2089,594
1144068000,합정동,마포구,2723,0.7837,0.0815,0.1348,281
1144069000,망원제1동,마포구,3481,0.7748,0.2252,0.0,314
1144070000,망원제2동,마포구,3481,0.7748,0.2252,0.0,314
1144071000,연남동,마포구,1588,0.8986,0.0995,0.0019,431
1144072000,성산제1동,마포구,8966,0.2372,0.2855,0.4772,233
1144073000,성산제2동,마포구,9589,0.2478,0.306,0.4462,290
1144074000,상암동,마포구,5655,0.0621,0.5805,0.3574,165
1147051000,목1동,양천구,14633,0.3727,0.5051,0.1223,167
1147052000,목2동,양천구,14633,0.3727,0.5051,0.1223,167
1147053000,목3동,양천구,14633,0.3727,0.5051,0.1223,167
1147054000,목4동,양천구,14633,0.3727,0.5051,0.1223,167
1147055000,목5동,양천구,14633,0.3727,0.5051,0.1223,167
1147056000,신월1동,양천구,7028,0.4491,0.5176,0.0333,194
1147057000,신월2동,양천구,7028,0.4491,0.5176,0.0333,194
1147058000,신월3동,양천구,7028,0.4491,0.5176,0.0333,194
1147059000,신월4동,양천구,7028,0.4491,0.5176,0.0333,194
1147060000,신월5동,양천구,7028,0.4491,0.5176,0.0333,194
1147061000,신월6동,양천구,7028,0.4491,0.5176,0.0333,194
1147061100,신월7동,양천구,7028,0.4491,0.5176,0.0333,194
1147062000,신정1동,양천구,15249,0.1634,0.7656,0.071,196
1147063000,신정2동,양천구,15249,0.1634,0.7656,0.071,196
1147064000,신정3동,양천구,15249,0.1634,0.7656,0.071,196
1147065000,신정4동,양천구,15249,0.1634,0.7656,0.071,196
1147067000,신정6동,양천구,15249,0.1634,0.7656,0.071,196
1147068000,신정7동,양천구,15249,0.1634,0.7656,0.071,196
1150051000,염창동,강서구,10705,0.0712,0.6866,0.2422,37
1150052000,등촌제1동,강서구,10418,0.1915,0.3632,0.4453,94
1150053000,등촌제2동,강서구,10418,0.1915,0.3632,0.4453,94
1150053500,등촌제3동,강서구,10418,0.1915,0.3632,0.4453,94
1150054000,화곡제1동,강서구,22459,0.5303,0.2357,0.234,287
1150055000,화곡제2동,강서구,22459,0.5303,0.2357,0.234,287
1150056000,화곡제3동,강서구,22459,0.5303,0.2357,0.234,287
1150057000,화곡제4동,강서구,22459,0.5303,0.2357,0.234,287
1150059000,화곡본동,강서구,22459,0.5303,0.2357,0.234,287
1150059100,화곡제6동,강서구,22459,0.5303,0.2357,0.234,287
1150059300,화곡제8동,강서구,22459,0.5303,0.2357,0.234,287
1150060300,가양제1동,강서구,24630,0.0258,0.4266,0.5476,20
1150060400,가양제2동,강서구,5783,0.0486,0.7321,0.2193,6
1150060500,가양제3동,강서구,5783,0.0486,0.7321,0.2193,6
1150061100,발산제1동,강서구,23538,0.0578,0.4203,0.5219,88
1150061500,우장산동,강서구,27091,0.4746,0.329,0.1963,358
1150062000,공항동,강서구,26556,0.1048,0.3693,0.5259,491
1150063000,방화제1동,강서구,26556,0.1048,0.3693,0.5259,491
1150064000,방화제2동,강서구,6125,0.2088,0.5629,0.2282,206
1150064100,방화제3동,강서구,6121,0.2083,0.5633,0.2284,169
1153051000,신도림동,구로구,3859,0.0179,0.6927,0.2895,91
1153052000,구로제1동,구로구,12268,0.1285,0.4973,0.3741,422
1153053000,구로제2동,구로구,12268,0.1285,0.4973,0.3741,422
1153054000,구로제3동,구로구,12268,0.1285,0.4973,0.3741,422
1153055000,구로제4동,구로구,12268,0.1285,0.4973,0.3741,422
1153056000,구로제5동,구로구,12268,0.1285,0.4973,0.3741,422
1153059500,가리봉동,구로구,695,0.7367,0.0604,0.2029,396
1153072000,고척제1동,구로구,3326,0.1527,0.7426,0.1046,244
1153073000,고척제2동,구로구,3326,0.1527,0.7426,0.1046,244
1153074000,개봉제1동,구로구,5126,0.3937,0.5706,0.0357,224
1153075000,개봉제2동,구로구,5126,0.3937,0.5706,0.0357,224
1153076000,개봉제3동,구로구,5126,0.3937,0.5706,0.0357,224
1153077000,오류제1동,구로구,4642,0.2036,0.3725,0.424,194
1153078000,오류제2동,구로구,7887,0.1207,0.6071,0.2722,195
1153079000,수궁동,구로구,1431,0.8036,0.1964,0.0,144
1153080000,항동,구로구,1512,0.0767,0.9233,0.0,27
1154551000,가산동,금천구,6381,0.1294,0.2047,0.6659,332
1154561000,독산제1동,금천구,10940,0.2521,0.2973,0.4506,870
1154562000,독산제2동,금천구,10940,0.2521,0.2973,0.4506,870
1154563000,독산제3동,금천구,10940,0.2521,0.2973,0.4506,870
1154564000,독산제4동,금천구,10940,0.2521,0.2973,0.4506,870
1154567000,시흥제1동,금천구,5325,0.3947,0.419,0.1863,674
1154568000,시흥제2동,금천구,5325,0.3947,0.419,0.1863,674
1154569000,시흥제3동,금천구,5325,0.3947,0.419,0.1863,674
1154570000,시흥제4동,금천구,5325,0.3947,0.419,0.1863,674
1154571000,시흥제5동,금천구,5325,0.3947,0.419,0.1863,674
1156051500,영등포본동,영등포구,9825,0.1893,0.714,0.0967,477
1156053500,영등포동,영등포구,12566,0.1439,0.2562,0.5999,366
1156054000,여의동,영등포구,4270,0.0,0.5689,0.4311,0
1156055000,당산제1동,영등포구,3934,0.1904,0.5305,0.2791,193
1156056000,당산제2동,영등포구,7170,0.1137,0.3968,0.4895,97
1156058500,도림동,영등포구,1885,0.2382,0.2493,0.5125,602
1156060500,문래동,영등포구,3483,0.0184,0.6328,0.3488,5
1156061000,양평제1동,영등포구,3915,0.0853,0.3428,0.5719,64
1156062000,양평제2동,영등포구,5168,0.2835,0.2558,0.4607,62
1156063000,신길제1동,영등포구,8668,0.1826,0.7104,0.1069,326
1156065000,신길제3동,영등포구,8668,0.1826,0.7104,0.1069,326
1156066000,신길제4동,영등포구,8668,0.1826,0.7104,0.1069,326
1156067000,신길제5동,영등포구,12017,0.2174,0.673,0.1096,601
1156068000,신길제6동,영등포구,8668,0.1826,0.7104,0.1069,326
1156069000,신길제7동,영등포구,8668,0.1826,0.7104,0.1069,326
1156070000,대림제1동,영등포구,3349,0.3073,0.5763,0.1165,276
1156071000,대림제2동,영등포구,3349,0.3073,0.5763,0.1165,276
1156072000,대림제3동,영등포구,3349,0.3073,0.5763,0.1165,276
1159051000,노량진제1동,동작구,3903,0.1712,0.6518,0.177,418
1159052000,노량진제2동,동작구,2935,0.2024,0.5622,0.2354,327
1159053000,상도제1동,동작구,9583,0.4925,0.4997,0.0077,395
1159054000,상도제2동,동작구,8733,0.4549,0.5424,0.0026,282
1159055000,상도제3동,동작구,8733,0.4549,0.5424,0.0026,282
1159056000,상도제4동,동작구,8733,0.4549,0.5424,0.0026,282
1159060500,흑석동,동작구,3296,0.0771,0.9229,0.0,218
1159062000,사당제1동,동작구,8460,0.426,0.5364,0.0376,284
1159063000,사당제2동,동작구,8921,0.4111,0.5533,0.0356,285
1159064000,사당제3동,동작구,8460,0.426,0.5364,0.0376,284
1159065000,사당제4동,동작구,8460,0.426,0.5364,0.0376,284
1159065100,사당제5동,동작구,8460,0.426,0.5364,0.0376,284
1159066000,대방동,동작구,2776,0.4024,0.5205,0.0771,258
1159067000,신대방제1동,동작구,3130,0.2939,0.5958,0.1102,275
1159068000,신대방제2동,동작구,3130,0.2939,0.5958,0.1102,275
1162052500,보라매동,관악구,17865,0.2838,0.4398,0.2764,285
1162054500,청림동,관악구,17865,0.2838,0.4398,0.2764,285
1162056500,성현동,관악구,17865,0.2838,0.4398,0.2764,285
1162057500,행운동,관악구,17865,0.2838,0.4398,0.2764,285
1162058500,낙성대동,관악구,17865,0.2838,0.4398,0.2764,285
1162059500,청룡동,관악구,17865,0.2838,0.4398,0.2764,285
1162060500,은천동,관악구,17865,0.2838,0.4398,0.2764,285
1162061500,중앙동,관악구,17865,0.2838,0.4398,0.2764,285
1162062500,인헌동,관악구,17865,0.2838,0.4398,0.2764,285
1162063000,남현동,관악구,1341,0.5474,0.1849,0.2677,211
1162064500,서원동,관악구,13396,0.4368,0.3616,0.2016,400
1162065500,신원동,관악구,13396,0.4368,0.3616,0.2016,400
1162066500,서림동,관악구,13396,0.4368,0.3616,0.2016,400
1162068500,신사동,관악구,13396,0.4368,0.3616,0.2016,400
1162069500,신림동,관악구,13396,0.4368,0.3616,0.2016,400
1162071500,난향동,관악구,13396,0.4368,0.3616,0.2016,400
1162072500,조원동,관악구,13396,0.4368,0.3616,0.2016,400
1162073500,대학동,관악구,13396,0.4368,0.3616,0.2016,400
1162074500,삼성동,관악구,13396,0.4368,0.3616,0.2016,400
1162076500,미성동,관악구,13396,0.4368,0.3616,0.2016,400
1162077500,난곡동,관악구,13396,0.4368,0.3616,0.2016,400
1165051000,서초1동,서초구,15398,0.1694,0.5695,0.2611,90
1165052000,서초2동,서초구,15398,0.1694,0.5695,0.2611,90
1165053000,서초3동,서초구,24763,0.3226,0.5018,0.1756,225
1165053100,서초4동,서초구,15398,0.1694,0.5695,0.2611,90
1165054000,잠원동,서초구,7501,0.0532,0.9384,0.0084,66
1165055000,반포본동,서초구,8793,0.229,0.7708,0.0001,90
1165056000,반포1동,서초구,8793,0.229,0.7708,0.0001,90
1165057000,반포2동,서초구,8793,0.229,0.7708,0.0001,90
1165058000,반포3동,서초구,7501,0.0532,0.9384,0.0084,66
1165058100,반포4동,서초구,8793,0.229,0.7708,0.0001,90
1165059000,방배본동,서초구,9365,0.5745,0.3905,0.035,135
1165060000,방배1동,서초구,9365,0.5745,0.3905,0.035,135
1165061000,방배2동,서초구,9365,0.5745,0.3905,0.035,135
1165062000,방배3동,서초구,9365,0.5745,0.3905,0.035,135
1165062100,방배4동,서초구,9365,0.5745,0.3905,0.035,135
1165065100,양재1동,서초구,9114,0.4637,0.4533,0.0831,216
1165065200,양재2동,서초구,5270,0.7287,0.1968,0.0746,168
1165066000,내곡동,서초구,2301,0.0204,0.7927,0.1869,86
1168051000,신사동,강남구,3353,0.1354,0.8533,0.0113,123
1168052100,논현1동,강남구,5008,0.5605,0.3822,0.0573,448
1168053100,논현2동,강남구,5008,0.5605,0.3822,0.0573,448
1168054500,압구정동,강남구,3353,0.1354,0.8533,0.0113,123
1168056500,청담동,강남구,2721,0.2407,0.7262,0.0331,173
1168058000,삼성1동,강남구,5290,0.2718,0.6187,0.1095,147
1168059000,삼성2동,강남구,5290,0.2718,0.6187,0.1095,147
1168060000,대치1동,강남구,9563,0.2265,0.7159,0.0576,93
1168061000,대치2동,강남구,9563,0.2265,0.7159,0.0576,93
1168063000,대치4동,강남구,9563,0.2265,0.7159,0.0576,93
1168064000,역삼1동,강남구,12190,0.3365,0.3853,0.2782,477
1168065000,역삼2동,강남구,12190,0.3365,0.3853,0.2782,477
1168065500,도곡1동,강남구,5150,0.0992,0.8744,0.0264,42
1168065600,도곡2동,강남구,5150,0.0992,0.8744,0.0264,42
1168066000,개포1동,강남구,9564,0.1794,0.7826,0.038,34
1168067000,개포2동,강남구,13934,0.1944,0.7795,0.0261,62
1168069000,개포4동,강남구,9564,0.1794,0.7826,0.038,34
1168070000,세곡동,강남구,7062,0.0208,0.6073,0.3718,239
1168072000,일원본동,강남구,7204,0.1378,0.8462,0.016,36
1168073000,일원1동,강남구,7204,0.1378,0.8462,0.016,36
1168074000,일원2동,강남구,23497,0.2075,0.7536,0.0389,156
1168075000,수서동,강남구,2834,0.0,0.9594,0.0406,7
1171051000,풍납1동,송파구,2872,0.2967,0.7033,0.0,292
1171052000,풍납2동,송파구,2872,0.2967,0.7033,0.0,292
1171053100,거여1동,송파구,5782,0.1029,0.7554,0.1416,124
1171053200,거여2동,송파구,5782,0.1029,0.7554,0.1416,124
1171054000,마천1동,송파구,2569,0.5263,0.4656,0.0082,312
1171055000,마천2동,송파구,2569,0.5263,0.4656,0.0082,312
1171056100,방이1동,송파구,10800,0.3853,0.2181,0.3967,64
1171056200,방이2동,송파구,10800,0.3853,0.2181,0.3967,64
1171056600,오륜동,송파구,10800,0.3853,0.2181,0.3967,64
1171057000,오금동,송파구,3678,0.3983,0.5816,0.0201,138
1171058000,송파1동,송파구,6446,0.7617,0.222,0.0163,112
1171059000,송파2동,송파구,6446,0.7617,0.222,0.0163,112
1171060000,석촌동,송파구,6492,0.8999,0.0568,0.0433,247
1171061000,삼전동,송파구,6117,0.9603,0.0201,0.0196,303
1171062000,가락본동,송파구,10837,0.2874,0.693,0.0196,48
1171063100,가락1동,송파구,10837,0.2874,0.693,0.0196,48
1171063200,가락2동,송파구,10837,0.2874,0.693,0.0196,48
1171064100,문정1동,송파구,14196,0.2058,0.2191,0.5751,39
1171064200,문정2동,송파구,19337,0.1511,0.4267,0.4222,39
1171064600,장지동,송파구,19337,0.1511,0.4267,0.4222,39
1171064700,위례동,송파구,10923,0.0545,0.8705,0.075,124
1171065000,잠실본동,송파구,14179,0.3152,0.6172,0.0676,76
1171067000,잠실2동,송파구,14179,0.3152,0.6172,0.0676,76
1171068000,잠실3동,송파구,14179,0.3152,0.6172,0.0676,76
1171069000,잠실4동,송파구,4213,0.0,0.986,0.014,0
1171071000,잠실6동,송파구,4213,0.0,0.986,0.014,0
1171072000,잠실7동,송파구,14179,0.3152,0.6172,0.0676,76
1174051500,강일동,강동구,12608,0.0276,0.9244,0.048,65
1174052000,상일동,강동구,6137,0.0567,0.9433,0.0,28
1174053000,명일제1동,강동구,4681,0.1292,0.6945,0.1762,60
1174054000,명일제2동,강동구,4681,0.1292,0.6945,0.1762,60
1174055000,고덕제1동,강동구,5192,0.1389,0.8436,0.0175,62
1174056000,고덕제2동,강동구,5192,0.1389,0.8436,0.0175,62
1174057000,암사제1동,강동구,5806,0.449,0.5133,0.0377,146
1174058000,암사제2동,강동구,5806,0.449,0.5133,0.0377,146
1174059000,암사제3동,강동구,5806,0.449,0.5133,0.0377,146
1174060000,천호제1동,강동구,10490,0.4451,0.2756,0.2793,419
1174061000,천호제2동,강동구,10490,0.4451,0.2756,0.2793,419
1174062000,천호제3동,강동구,10490,0.4451,0.2756,0.2793,419
1174064000,성내제1동,강동구,6712,0.58,0.3586,0.0614,301
1174065000,성내제2동,강동구,6712,0.58,0.3586,0.0614,301
1174066000,성내제3동,강동구,6712,0.58,0.3586,0.0614,301
1174068500,길동,강동구,6241,0.2516,0.5653,0.1831,421
1174069000,둔촌제1동,강동구,3999,0.2601,0.7349,0.005,92
1174070000,둔촌제2동,강동구,3999,0.2601,0.7349,0.005,92
