adm_cd,adm_nm,자치구,전세가율,고전세가율비율,villa_total,newvilla_count,newvilla_ratio,area_km2,newvilla_density
1111051500,청운효자동,종로구,71.08,23.7,375,10,0.0267,2.5686,3.89
1111053000,사직동,종로구,60.02,14.3,82,1,0.0122,1.1577,0.86
1111054000,삼청동,종로구,6.41,0.0,12,0,0.0,1.4772,0.0
1111055000,부암동,종로구,75.94,31.9,248,5,0.0202,2.2733,2.2
1111056000,평창동,종로구,65.6,16.0,460,19,0.0413,8.9404,2.13
1111057000,무악동,종로구,44.3,0.0,42,0,0.0,0.3692,0.0
1111058000,교남동,종로구,48.16,5.1,273,0,0.0,0.3467,0.0
1111060000,가회동,종로구,76.09,30.6,132,0,0.0,0.5396,0.0
1111061500,종로1.2.3.4가동,종로구,92.14,85.7,20,0,0.0,2.4142,0.0
1111063000,종로5.6가동,종로구,89.5,90.5,15,2,0.1333,0.6027,3.32
1111064000,이화동,종로구,76.97,40.8,233,5,0.0215,0.7818,6.4
1111065000,혜화동,종로구,76.22,32.1,377,14,0.0371,1.1317,12.37
1111067000,창신제1동,종로구,48.88,12.3,272,2,0.0074,0.3049,6.56
1111068000,창신제2동,종로구,48.88,12.3,272,2,0.0074,0.2573,7.77
1111069000,창신제3동,종로구,48.88,12.3,272,2,0.0074,0.2167,9.23
1111070000,숭인제1동,종로구,71.71,23.0,229,12,0.0524,0.2392,50.17
1111071000,숭인제2동,종로구,71.71,23.0,229,12,0.0524,0.3516,34.13
1114054000,회현동,중구,82.36,70.2,27,3,0.1111,0.8972,3.34
1114055000,명동,중구,83.63,60.0,42,7,0.1667,0.9689,7.22
1114057000,필동,중구,74.17,23.9,181,8,0.0442,1.4636,5.47
1114058000,장충동,중구,67.52,11.7,180,4,0.0222,1.017,3.93
1114059000,광희동,중구,59.35,21.1,27,1,0.037,0.7367,1.36
1114060500,을지로동,중구,,,13,0,0.0,0.6112,0.0
1114061500,신당동,중구,59.4,17.1,729,15,0.0206,0.5345,28.06
1114062500,다산동,중구,59.4,17.1,726,15,0.0207,0.5237,28.64
1114063500,약수동,중구,59.4,17.1,726,15,0.0207,0.4859,30.87
1114064500,청구동,중구,59.4,17.1,726,15,0.0207,0.3423,43.82
1114065000,신당제5동,중구,59.4,17.1,726,15,0.0207,0.3193,46.98
1114066500,동화동,중구,59.4,17.1,726,15,0.0207,0.3268,45.9
1114067000,황학동,중구,94.34,73.7,13,0,0.0,0.3284,0.0
1114068000,중림동,중구,72.38,39.4,104,1,0.0096,0.4839,2.07
1117051000,후암동,용산구,43.05,1.2,431,19,0.0441,0.8653,21.96
1117052000,용산2가동,용산구,35.11,0.9,329,7,0.0213,1.9701,3.55
1117053000,남영동,용산구,21.24,0.0,76,0,0.0,1.1769,0.0
1117055500,청파동,용산구,41.33,0.5,518,42,0.0811,0.8855,47.43
1117056000,원효로제1동,용산구,36.45,0.4,131,27,0.2061,0.5886,45.87
1117057000,원효로제2동,용산구,34.6,0.0,141,43,0.305,0.7084,60.7
1117058000,효창동,용산구,44.81,3.0,207,31,0.1498,0.4459,69.52
1117059000,용문동,용산구,47.47,0.5,183,16,0.0874,0.2773,57.7
1117062500,한강로동,용산구,44.64,0.0,79,14,0.1772,2.8677,4.88
1117063000,이촌제1동,용산구,18.73,0.0,130,0,0.0,2.8706,0.0
1117064000,이촌제2동,용산구,18.73,0.0,130,0,0.0,1.2046,0.0
1117065000,이태원제1동,용산구,38.73,0.8,320,26,0.0812,0.5824,44.64
1117066000,이태원제2동,용산구,38.73,0.8,320,26,0.0812,0.8735,29.77
1117068500,한남동,용산구,56.31,10.7,486,8,0.0165,3.0296,2.64
1117069000,서빙고동,용산구,18.37,0.0,217,4,0.0184,2.8151,1.42
1117070000,보광동,용산구,6.48,0.0,164,0,0.0,0.7147,0.0
1120052000,왕십리제2동,성동구,63.68,5.6,108,10,0.0926,0.3723,26.86
1120053500,왕십리도선동,성동구,66.57,21.0,141,11,0.078,0.7097,15.5
1120054000,마장동,성동구,65.42,34.6,95,6,0.0632,1.0342,5.8
1120055000,사근동,성동구,58.14,18.7,267,7,0.0262,1.1687,5.99
1120056000,행당제1동,성동구,57.05,21.7,203,3,0.0148,0.5731,5.23
1120057000,행당제2동,성동구,57.05,21.7,203,3,0.0148,0.4573,6.56
1120058000,응봉동,성동구,31.95,4.1,240,0,0.0,0.5532,0.0
1120059000,금호1가동,성동구,41.02,2.8,179,0,0.0,0.4451,0.0
1120061500,금호2.3가동,성동구,29.4,2.4,263,0,0.0,0.6307,0.0
1120062000,금호4가동,성동구,28.11,0.0,103,11,0.1068,0.8312,13.23
1120064500,옥수동,성동구,55.11,14.8,103,1,0.0097,1.9207,0.52
1120065000,성수1가제1동,성동구,31.5,10.6,193,20,0.1036,1.8844,10.61
1120066000,성수1가제2동,성동구,31.5,10.6,193,20,0.1036,0.9294,21.52
1120067000,성수2가제1동,성동구,22.74,3.1,172,0,0.0,1.1841,0.0
1120069000,성수2가제3동,성동구,22.74,3.1,172,0,0.0,1.0537,0.0
1120072000,송정동,성동구,66.15,20.0,58,3,0.0517,0.6814,4.4
1120079000,용답동,성동구,49.34,5.3,142,49,0.3451,2.3753,20.63
1121571000,화양동,광진구,87.21,51.8,118,4,0.0339,1.1354,3.52
1121573000,군자동,광진구,84.91,46.7,208,4,0.0192,0.7375,5.42
1121574000,중곡제1동,광진구,76.53,34.1,1400,59,0.0421,0.614,96.09
1121575000,중곡제2동,광진구,76.53,34.1,1400,59,0.0421,0.5451,108.24
1121576000,중곡제3동,광진구,76.53,34.1,1400,59,0.0421,0.6014,98.1
1121577000,중곡제4동,광진구,76.53,34.1,1400,59,0.0421,2.3117,25.52
1121578000,능동,광진구,72.49,24.7,184,12,0.0652,1.0913,11.0
1121581000,광장동,광진구,55.84,7.8,153,4,0.0261,2.3919,1.67
1121582000,자양제1동,광진구,42.97,2.1,964,82,0.0851,0.5684,144.26
1121583000,자양제2동,광진구,42.97,2.1,964,82,0.0851,1.6563,49.51
1121584000,자양제3동,광진구,42.97,2.1,964,82,0.0851,1.1955,68.59
1121584700,자양제4동,광진구,42.97,2.1,964,82,0.0851,1.1791,69.54
1121585000,구의제1동,광진구,68.67,22.6,1198,56,0.0467,0.5945,94.2
1121586000,구의제2동,광진구,68.67,22.6,1198,56,0.0467,1.387,40.37
1121587000,구의제3동,광진구,68.67,22.6,1198,56,0.0467,1.0268,54.54
1123053600,용신동,동대문구,53.47,10.2,236,60,0.2542,1.6172,37.1
1123054500,제기동,동대문구,78.64,42.8,271,13,0.048,1.1808,11.01
1123056000,전농제1동,동대문구,49.67,5.1,272,13,0.0478,1.1258,11.55
1123057000,전농제2동,동대문구,49.67,5.1,272,13,0.0478,0.9768,13.31
1123060000,답십리제1동,동대문구,72.14,17.8,197,19,0.0964,0.7876,24.12
1123061000,답십리제2동,동대문구,72.14,17.8,197,19,0.0964,0.8751,21.71
1123065000,장안제1동,동대문구,74.55,35.6,473,23,0.0486,1.3411,17.15
1123066000,장안제2동,동대문구,74.55,35.6,473,23,0.0486,0.9959,23.09
1123070500,청량리동,동대문구,48.85,12.0,112,0,0.0,1.2035,0.0
1123071000,회기동,동대문구,80.68,28.3,65,4,0.0615,0.7663,5.22
1123072000,휘경제1동,동대문구,66.33,24.3,284,27,0.0951,0.5214,51.78
1123073000,휘경제2동,동대문구,66.33,24.3,284,27,0.0951,1.1128,24.26
1123074000,이문제1동,동대문구,38.88,3.9,224,1,0.0045,1.038,0.96
1123075000,이문제2동,동대문구,38.88,3.9,224,1,0.0045,0.724,1.38
1126052000,면목제2동,중랑구,69.11,22.6,1194,41,0.0343,0.7625,53.77
1126054000,면목제4동,중랑구,69.11,22.6,1194,41,0.0343,0.8428,48.65
1126055000,면목제5동,중랑구,69.11,22.6,1194,41,0.0343,0.7044,58.21
1126056500,면목본동,중랑구,69.11,22.6,1194,41,0.0343,0.8484,48.33
1126057000,면목제7동,중랑구,69.11,22.6,1194,41,0.0343,1.2345,33.21
1126057500,면목제3.8동,중랑구,69.11,22.6,1194,41,0.0343,1.6135,25.41
1126058000,상봉제1동,중랑구,85.45,55.2,298,15,0.0503,0.8531,17.58
1126059000,상봉제2동,중랑구,85.45,55.2,298,15,0.0503,0.6769,22.16
1126060000,중화제1동,중랑구,68.36,21.5,496,57,0.1149,0.6414,88.87
1126061000,중화제2동,중랑구,68.36,21.5,496,57,0.1149,1.0162,56.09
1126062000,묵제1동,중랑구,76.06,40.7,535,23,0.043,1.2375,18.59
1126063000,묵제2동,중랑구,76.06,40.7,535,23,0.043,0.6687,34.4
1126065500,망우본동,중랑구,72.25,22.1,501,90,0.1796,2.948,30.53
1126066000,망우제3동,중랑구,72.25,22.1,501,90,0.1796,0.9618,93.57
1126068000,신내1동,중랑구,65.92,20.3,211,13,0.0616,2.6028,4.99
1126069000,신내2동,중랑구,65.92,20.3,211,13,0.0616,0.9106,14.28
1129052500,성북동,성북구,56.82,8.6,314,17,0.0541,2.8776,5.91
1129055500,삼선동,성북구,70.5,31.4,374,6,0.016,0.9255,6.48
1129057500,동선동,성북구,65.86,28.2,349,12,0.0344,0.7243,16.57
1129058000,돈암제1동,성북구,65.88,30.1,184,3,0.0163,0.4889,6.14
1129059000,돈암제2동,성북구,65.88,30.1,184,3,0.0163,0.5181,5.79
1129060000,안암동,성북구,90.74,49.1,124,15,0.121,1.3785,10.88
1129061000,보문동,성북구,74.39,12.2,136,22,0.1618,0.5526,39.81
1129062000,정릉제1동,성북구,71.21,37.0,1656,58,0.035,0.4117,140.88
1129063000,정릉제2동,성북구,72.06,38.0,1443,43,0.0298,1.0941,39.3
1129064000,정릉제3동,성북구,72.73,38.9,1259,40,0.0318,3.3246,12.03
1129065000,정릉제4동,성북구,72.73,38.9,1259,40,0.0318,3.5682,11.21
1129066000,길음제1동,성북구,54.86,17.9,213,15,0.0704,0.7967,18.83
1129068500,길음제2동,성북구,75.18,25.5,407,19,0.0467,0.5876,32.33
1129070500,종암동,성북구,75.5,34.6,293,10,0.0341,1.4035,7.13
1129071500,월곡제1동,성북구,81.89,28.0,194,4,0.0206,0.8011,4.99
1129072500,월곡제2동,성북구,77.97,23.0,261,4,0.0153,1.3642,2.93
1129076000,장위제1동,성북구,47.21,0.9,860,76,0.0884,0.708,107.34
1129077000,장위제2동,성북구,47.21,0.9,860,76,0.0884,0.679,111.93
1129078000,장위제3동,성북구,47.21,0.9,860,76,0.0884,0.6521,116.55
1129081000,석관동,성북구,77.87,39.9,348,27,0.0776,1.7039,15.85
1130553400,삼양동,강북구,54.98,14.6,1885,43,0.0228,0.9234,46.57
1130553500,미아동,강북구,54.98,14.6,1885,43,0.0228,0.8406,51.15
1130554500,송중동,강북구,54.98,14.6,1885,43,0.0228,1.075,40.0
1130555500,송천동,강북구,54.98,14.6,1885,43,0.0228,0.9292,46.28
1130557500,삼각산동,강북구,54.98,14.6,1885,43,0.0228,0.6214,69.2
1130559500,번1동,강북구,55.51,10.9,705,14,0.0199,0.6266,22.34
1130560300,번2동,강북구,55.51,10.9,705,14,0.0199,0.9736,14.38
1130560800,번3동,강북구,55.51,10.9,705,14,0.0199,1.0804,12.96
1130561500,수유1동,강북구,68.71,35.3,2328,89,0.0382,1.6487,53.98
1130562500,수유2동,강북구,68.71,35.3,2328,89,0.0382,0.5812,153.13
1130563500,수유3동,강북구,68.71,35.3,2328,89,0.0382,0.7451,119.45
1130564500,우이동,강북구,69.18,35.0,2660,105,0.0395,10.5798,9.92
1130566000,인수동,강북구,68.71,35.3,2328,89,0.0382,2.9957,29.71
1132051100,창제1동,도봉구,73.76,31.3,926,6,0.0065,1.1213,5.35
1132051200,창제2동,도봉구,73.76,31.3,926,6,0.0065,0.6539,9.18
1132051300,창제3동,도봉구,73.76,31.3,926,6,0.0065,0.655,9.16
1132051400,창제4동,도봉구,73.76,31.3,926,6,0.0065,1.1388,5.27
1132051500,창제5동,도봉구,73.76,31.3,926,6,0.0065,0.7009,8.56
1132052100,도봉제1동,도봉구,72.69,28.2,624,29,0.0465,8.4451,3.43
1132052200,도봉제2동,도봉구,72.69,28.2,624,29,0.0465,1.1182,25.93
1132066000,쌍문제1동,도봉구,68.18,32.9,1127,64,0.0568,1.1749,54.47
1132067000,쌍문제2동,도봉구,68.18,32.9,1127,64,0.0568,0.5408,118.34
1132068000,쌍문제3동,도봉구,68.18,32.9,1127,64,0.0568,0.5044,126.88
1132068100,쌍문제4동,도봉구,68.18,32.9,1127,64,0.0568,0.5544,115.44
1132069000,방학제1동,도봉구,67.11,31.8,820,31,0.0378,1.0401,29.8
1132070000,방학제2동,도봉구,67.11,31.8,820,31,0.0378,1.092,28.39
1132071000,방학제3동,도봉구,67.11,31.8,820,31,0.0378,1.9495,15.9
1135056000,월계1동,노원구,79.63,32.9,487,4,0.0082,1.1407,3.51
1135057000,월계2동,노원구,79.63,32.9,487,4,0.0082,2.0038,2.0
1135058000,월계3동,노원구,79.63,32.9,487,4,0.0082,1.1333,3.53
1135059500,공릉1동,노원구,74.54,37.0,616,14,0.0227,1.2623,11.09
1135060000,공릉2동,노원구,74.54,37.0,616,14,0.0227,6.9797,2.01
1135061100,하계1동,노원구,88.36,43.3,183,0,0.0,1.5259,0.0
1135061200,하계2동,노원구,88.36,43.3,183,0,0.0,0.4997,0.0
1135061900,중계본동,노원구,85.4,52.4,314,1,0.0032,2.1816,0.46
1135062100,중계1동,노원구,85.4,52.4,314,1,0.0032,0.623,1.61
1135062400,중계4동,노원구,63.38,27.3,1471,41,0.0279,1.5181,27.01
1135062500,중계2.3동,노원구,85.4,52.4,314,1,0.0032,0.9184,1.09
1135063000,상계1동,노원구,58.44,21.7,1157,40,0.0346,5.3985,7.41
1135064000,상계2동,노원구,58.44,21.7,1157,40,0.0346,0.6226,64.25
1135066500,상계3.4동,노원구,58.44,21.7,1157,40,0.0346,5.2079,7.68
1135067000,상계5동,노원구,58.44,21.7,1157,40,0.0346,0.9061,44.15
1135069500,상계6.7동,노원구,58.44,21.7,1157,40,0.0346,1.4492,27.6
1135070000,상계8동,노원구,58.44,21.7,1157,40,0.0346,0.6658,60.08
1135071000,상계9동,노원구,58.44,21.7,1157,40,0.0346,0.719,55.63
1135072000,상계10동,노원구,58.44,21.7,1157,40,0.0346,0.8086,49.47
1138051000,녹번동,은평구,64.55,16.5,657,18,0.0274,1.7929,10.04
1138052000,불광제1동,은평구,54.38,10.7,1407,46,0.0327,3.1226,14.73
1138053000,불광제2동,은평구,54.38,10.7,1407,46,0.0327,1.3951,32.97
1138055100,갈현제1동,은평구,73.1,34.4,998,21,0.021,0.9604,21.87
1138055200,갈현제2동,은평구,73.1,34.4,998,21,0.021,0.9844,21.33
1138056000,구산동,은평구,75.83,35.5,693,26,0.0375,1.3888,18.72
1138057000,대조동,은평구,61.46,8.7,496,16,0.0323,0.8511,18.8
1138058000,응암제1동,은평구,69.28,26.4,1108,62,0.056,1.109,55.91
1138059000,응암제2동,은평구,69.28,26.4,1108,62,0.056,0.7547,82.15
1138060000,응암제3동,은평구,69.28,26.4,1108,62,0.056,0.7522,82.42
1138062500,역촌동,은평구,78.64,37.6,1067,20,0.0187,1.1567,17.29
1138063100,신사제1동,은평구,68.66,30.3,920,21,0.0228,0.8077,26.0
1138063200,신사제2동,은평구,68.66,30.3,920,21,0.0228,1.0455,20.09
1138064000,증산동,은평구,40.47,1.4,286,36,0.1259,0.8071,44.6
1138065000,수색동,은평구,52.25,4.5,167,86,0.515,1.289,66.72
1138069000,진관동,은평구,68.65,16.7,505,16,0.0317,11.5568,1.38
1141052000,천연동,서대문구,61.98,5.4,105,1,0.0095,0.9821,1.02
1141055500,북아현동,서대문구,30.54,8.0,314,30,0.0955,0.4587,65.4
1141056500,충현동,서대문구,23.91,3.1,395,30,0.0759,1.1152,26.9
1141058500,신촌동,서대문구,65.63,41.2,212,9,0.0425,2.7182,3.31
1141061500,연희동,서대문구,66.22,20.9,655,12,0.0183,2.9271,4.1
1141062000,홍제제1동,서대문구,55.16,10.3,636,44,0.0692,,
1141064000,홍제제3동,서대문구,55.16,10.3,636,44,0.0692,,
1141065500,홍제제2동,서대문구,55.16,10.3,636,44,0.0692,,
1141066000,홍은제1동,서대문구,77.55,37.5,867,52,0.06,1.5976,32.55
1141068500,홍은제2동,서대문구,77.55,37.5,867,52,0.06,2.0735,25.08
1141069000,남가좌제1동,서대문구,75.6,29.3,374,8,0.0214,0.4752,16.84
1141070000,남가좌제2동,서대문구,75.6,29.3,374,8,0.0214,0.783,10.22
1141071000,북가좌제1동,서대문구,50.27,11.8,1053,15,0.0142,0.5776,25.97
1141072000,북가좌제2동,서대문구,50.27,11.8,1053,15,0.0142,0.8243,18.2
1144055500,아현동,마포구,37.38,5.5,723,149,0.2061,0.7483,199.12
1144056500,공덕동,마포구,41.48,3.2,631,81,0.1284,1.0185,79.53
1144058500,도화동,마포구,44.08,2.8,94,22,0.234,0.6246,35.22
1144059000,용강동,마포구,41.24,4.7,485,139,0.2866,0.79,175.95
1144060000,대흥동,마포구,43.71,2.2,333,51,0.1532,0.8476,60.17
1144061000,염리동,마포구,36.96,6.1,303,125,0.4125,0.497,251.51
1144063000,신수동,마포구,45.85,2.2,330,34,0.103,0.7973,42.64
1144065500,서강동,마포구,50.63,11.5,323,23,0.0712,1.4777,15.56
1144066000,서교동,마포구,63.74,23.1,497,27,0.0543,1.6775,16.1
1144068000,합정동,마포구,54.37,6.8,531,15,0.0282,1.7111,8.77
1144069000,망원제1동,마포구,64.03,14.8,869,9,0.0104,1.1002,8.18
1144070000,망원제2동,마포구,64.03,14.8,869,9,0.0104,0.6759,13.32
1144071000,연남동,마포구,70.13,22.3,378,20,0.0529,0.647,30.91
1144072000,성산제1동,마포구,63.96,15.6,774,20,0.0258,0.8586,23.29
1144073000,성산제2동,마포구,63.54,14.7,867,22,0.0254,1.9773,11.13
1144074000,상암동,마포구,76.19,37.5,160,0,0.0,8.3963,0.0
1147051000,목1동,양천구,67.0,22.2,1715,36,0.021,1.4321,25.14
1147052000,목2동,양천구,67.0,22.2,1715,36,0.021,1.0206,35.27
1147053000,목3동,양천구,67.0,22.2,1715,36,0.021,0.5315,67.73
1147054000,목4동,양천구,67.0,22.2,1715,36,0.021,0.5771,62.38
1147055000,목5동,양천구,67.0,22.2,1715,36,0.021,1.7651,20.4
1147056000,신월1동,양천구,75.04,32.1,2138,32,0.015,0.622,51.45
1147057000,신월2동,양천구,75.04,32.1,2138,32,0.015,0.6064,52.77
1147058000,신월3동,양천구,75.04,32.1,2138,32,0.015,0.9174,34.88
1147059000,신월4동,양천구,75.04,32.1,2138,32,0.015,0.4695,68.16
1147060000,신월5동,양천구,75.04,32.1,2138,32,0.015,0.6381,50.15
1147061000,신월6동,양천구,75.04,32.1,2138,32,0.015,0.444,72.07
1147061100,신월7동,양천구,75.04,32.1,2138,32,0.015,1.2297,26.02
1147062000,신정1동,양천구,52.2,10.2,1119,43,0.0384,0.747,57.56
1147063000,신정2동,양천구,52.2,10.2,1119,43,0.0384,0.5255,81.83
1147064000,신정3동,양천구,52.2,10.2,1119,43,0.0384,2.7545,15.61
1147065000,신정4동,양천구,52.2,10.2,1119,43,0.0384,0.9964,43.16
1147067000,신정6동,양천구,52.2,10.2,1119,43,0.0384,0.9402,45.73
1147068000,신정7동,양천구,52.2,10.2,1119,43,0.0384,1.2332,34.87
1150051000,염창동,강서구,90.85,65.4,234,1,0.0043,1.7332,0.58
1150052000,등촌제1동,강서구,83.36,39.4,492,12,0.0244,0.6503,18.45
1150053000,등촌제2동,강서구,83.36,39.4,492,12,0.0244,0.91,13.19
1150053500,등촌제3동,강서구,83.36,39.4,492,12,0.0244,1.0596,11.33
1150054000,화곡제1동,강서구,84.11,41.7,4506,90,0.02,1.1967,75.21
1150055000,화곡제2동,강서구,84.11,41.7,4506,90,0.02,0.4543,198.11
1150056000,화곡제3동,강서구,84.11,41.7,4506,90,0.02,0.5214,172.61
1150057000,화곡제4동,강서구,84.11,41.7,4506,90,0.02,0.8514,105.71
1150059000,화곡본동,강서구,84.11,41.7,4506,90,0.02,0.9717,92.62
1150059100,화곡제6동,강서구,84.11,41.7,4506,90,0.02,1.0372,86.77
1150059300,화곡제8동,강서구,84.11,41.7,4506,90,0.02,0.5933,151.69
1150060300,가양제1동,강서구,73.24,42.5,319,19,0.0596,4.8658,3.9
1150060400,가양제2동,강서구,89.36,61.7,81,0,0.0,0.8233,0.0
1150060500,가양제3동,강서구,89.36,61.7,81,0,0.0,0.4723,0.0
1150061100,발산제1동,강서구,81.76,38.4,687,26,0.0378,2.8856,9.01
1150061500,우장산동,강서구,84.58,41.8,4922,96,0.0195,1.2607,76.15
1150062000,공항동,강서구,72.15,36.0,1070,48,0.0449,10.9559,4.38
1150063000,방화제1동,강서구,72.15,36.0,1070,48,0.0449,1.4745,32.55
1150064000,방화제2동,강서구,67.74,30.4,612,24,0.0392,6.1531,3.9
1150064100,방화제3동,강서구,67.74,30.4,605,24,0.0397,2.557,9.39
1153051000,신도림동,구로구,27.82,7.9,92,0,0.0,1.3918,0.0
1153052000,구로제1동,구로구,72.21,28.1,1381,32,0.0232,1.0082,31.74
1153053000,구로제2동,구로구,72.21,28.1,1381,32,0.0232,1.7021,18.8
1153054000,구로제3동,구로구,72.21,28.1,1381,32,0.0232,1.0393,30.79
1153055000,구로제4동,구로구,72.21,28.1,1381,32,0.0232,0.5241,61.06
1153056000,구로제5동,구로구,72.21,28.1,1381,32,0.0232,1.0117,31.63
1153059500,가리봉동,구로구,55.43,11.5,195,11,0.0564,0.4107,26.78
1153072000,고척제1동,구로구,65.89,21.1,421,43,0.1021,1.1504,37.38
1153073000,고척제2동,구로구,65.89,21.1,421,43,0.1021,1.0247,41.96
1153074000,개봉제1동,구로구,80.89,41.1,1231,46,0.0374,1.3193,34.87
1153075000,개봉제2동,구로구,80.89,41.1,1231,46,0.0374,0.7819,58.83
1153076000,개봉제3동,구로구,80.89,41.1,1231,46,0.0374,0.8278,55.57
1153077000,오류제1동,구로구,61.36,18.5,525,33,0.0629,0.7271,45.39
1153078000,오류제2동,구로구,61.38,18.3,615,33,0.0537,3.0589,10.79
1153079000,수궁동,구로구,51.73,16.4,508,24,0.0472,2.6594,9.02
1153080000,항동,구로구,52.64,15.5,178,0,0.0,1.4459,0.0
1154551000,가산동,금천구,116.28,78.9,169,14,0.0828,2.511,5.58
1154561000,독산제1동,금천구,82.85,46.1,1141,82,0.0719,2.0604,39.8
1154562000,독산제2동,금천구,82.85,46.1,1141,82,0.0719,0.6168,132.94
1154563000,독산제3동,금천구,82.85,46.1,1141,82,0.0719,0.9343,87.77
1154564000,독산제4동,금천구,82.85,46.1,1141,82,0.0719,0.5906,138.84
1154567000,시흥제1동,금천구,74.75,32.4,1392,80,0.0575,1.5222,52.56
1154568000,시흥제2동,금천구,74.75,32.4,1392,80,0.0575,1.3079,61.17
1154569000,시흥제3동,금천구,74.75,32.4,1392,80,0.0575,1.2605,63.47
1154570000,시흥제4동,금천구,74.75,32.4,1392,80,0.0575,0.8211,97.43
1154571000,시흥제5동,금천구,74.75,32.4,1392,80,0.0575,1.386,57.72
1156051500,영등포본동,영등포구,52.64,6.4,827,90,0.1088,0.8457,106.42
1156053500,영등포동,영등포구,78.68,49.1,137,7,0.0511,1.3714,5.1
1156054000,여의동,영등포구,,,11,2,0.1818,8.4313,0.24
1156055000,당산제1동,영등포구,84.42,56.6,52,5,0.0962,0.7448,6.71
1156056000,당산제2동,영등포구,92.58,62.2,104,0,0.0,1.5799,0.0
1156058500,도림동,영등포구,49.63,2.2,147,11,0.0748,0.5855,18.79
1156060500,문래동,영등포구,79.32,58.3,56,0,0.0,1.7854,0.0
1156061000,양평제1동,영등포구,84.95,55.9,54,11,0.2037,0.9742,11.29
1156062000,양평제2동,영등포구,84.92,58.9,145,4,0.0276,2.8725,1.39
1156063000,신길제1동,영등포구,54.19,7.0,737,83,0.1126,0.7224,114.89
1156065000,신길제3동,영등포구,54.19,7.0,737,83,0.1126,0.5197,159.71
1156066000,신길제4동,영등포구,54.19,7.0,737,83,0.1126,0.3224,257.44
1156067000,신길제5동,영등포구,56.43,11.2,1226,122,0.0995,0.4943,246.81
1156068000,신길제6동,영등포구,54.19,7.0,737,83,0.1126,0.6179,134.33
1156069000,신길제7동,영등포구,54.19,7.0,737,83,0.1126,0.6467,128.34
1156070000,대림제1동,영등포구,62.9,23.4,489,39,0.0798,0.4986,78.22
1156071000,대림제2동,영등포구,62.9,23.4,489,39,0.0798,0.5721,68.17
1156072000,대림제3동,영등포구,62.9,23.4,489,39,0.0798,0.921,42.35
1159051000,노량진제1동,동작구,35.14,0.0,250,21,0.084,1.6122,13.03
1159052000,노량진제2동,동작구,36.26,0.0,181,19,0.105,0.6001,31.66
1159053000,상도제1동,동작구,61.01,13.4,2136,84,0.0393,1.4814,56.7
1159054000,상도제2동,동작구,59.98,11.9,1937,80,0.0413,0.7784,102.77
1159055000,상도제3동,동작구,59.98,11.9,1937,80,0.0413,0.6369,125.61
1159056000,상도제4동,동작구,59.98,11.9,1937,80,0.0413,0.9389,85.21
1159060500,흑석동,동작구,56.93,13.8,193,16,0.0829,1.707,9.37
1159062000,사당제1동,동작구,56.27,14.9,1366,104,0.0761,0.6347,163.86
1159063000,사당제2동,동작구,56.29,14.7,1422,104,0.0731,2.7611,37.67
1159064000,사당제3동,동작구,56.27,14.9,1366,104,0.0761,0.907,114.66
1159065000,사당제4동,동작구,56.27,14.9,1366,104,0.0761,0.4358,238.64
1159065100,사당제5동,동작구,56.27,14.9,1366,104,0.0761,0.6817,152.56
1159066000,대방동,동작구,56.92,16.6,326,9,0.0276,1.5438,5.83
1159067000,신대방제1동,동작구,57.72,15.1,323,15,0.0464,0.6748,22.23
1159068000,신대방제2동,동작구,57.72,15.1,323,15,0.0464,0.9697,15.47
1162052500,보라매동,관악구,83.6,45.0,2536,47,0.0185,0.7561,62.16
1162054500,청림동,관악구,83.6,45.0,2536,47,0.0185,0.2969,158.3
1162056500,성현동,관악구,83.6,45.0,2536,47,0.0185,0.6777,69.35
1162057500,행운동,관악구,83.6,45.0,2536,47,0.0185,0.7177,65.49
1162058500,낙성대동,관악구,83.6,45.0,2536,47,0.0185,2.2611,20.79
1162059500,청룡동,관악구,83.6,45.0,2536,47,0.0185,1.1947,39.34
1162060500,은천동,관악구,83.6,45.0,2536,47,0.0185,0.7756,60.6
1162061500,중앙동,관악구,83.6,45.0,2536,47,0.0185,0.3844,122.27
1162062500,인헌동,관악구,83.6,45.0,2536,47,0.0185,1.0883,43.19
1162063000,남현동,관악구,87.58,50.0,269,5,0.0186,3.2786,1.53
1162064500,서원동,관악구,77.35,38.3,2485,69,0.0278,0.6471,106.63
1162065500,신원동,관악구,77.35,38.3,2485,69,0.0278,0.5446,126.7
1162066500,서림동,관악구,77.35,38.3,2485,69,0.0278,0.9406,73.36
1162068500,신사동,관악구,77.35,38.3,2485,69,0.0278,0.6406,107.71
1162069500,신림동,관악구,77.35,38.3,2485,69,0.0278,0.5408,127.59
1162071500,난향동,관악구,77.35,38.3,2485,69,0.0278,0.8208,84.06
1162072500,조원동,관악구,77.35,38.3,2485,69,0.0278,0.6661,103.59
1162073500,대학동,관악구,77.35,38.3,2485,69,0.0278,8.3989,8.22
1162074500,삼성동,관악구,77.35,38.3,2485,69,0.0278,2.6025,26.51
1162076500,미성동,관악구,77.35,38.3,2485,69,0.0278,1.3584,50.8
1162077500,난곡동,관악구,77.35,38.3,2485,69,0.0278,0.9717,71.01
1165051000,서초1동,서초구,62.14,28.1,736,45,0.0611,1.3816,32.57
1165052000,서초2동,서초구,62.14,28.1,736,45,0.0611,1.2302,36.58
1165053000,서초3동,서초구,56.61,14.1,2273,105,0.0462,2.9963,35.04
1165053100,서초4동,서초구,62.14,28.1,736,45,0.0611,0.8791,51.19
1165054000,잠원동,서초구,48.06,11.0,175,46,0.2629,1.7555,26.2
1165055000,반포본동,서초구,50.82,6.4,703,84,0.1195,0.9718,86.44
1165056000,반포1동,서초구,50.82,6.4,703,84,0.1195,0.9916,84.71
1165057000,반포2동,서초구,50.82,6.4,703,84,0.1195,1.395,60.22
1165058000,반포3동,서초구,48.06,11.0,175,46,0.2629,1.2508,36.78
1165058100,반포4동,서초구,50.82,6.4,703,84,0.1195,1.4261,58.9
1165059000,방배본동,서초구,54.02,7.5,1537,60,0.039,0.677,88.63
1165060000,방배1동,서초구,54.02,7.5,1537,60,0.039,0.6887,87.12
1165061000,방배2동,서초구,54.02,7.5,1537,60,0.039,1.9026,31.54
1165062000,방배3동,서초구,54.02,7.5,1537,60,0.039,2.3733,25.28
1165062100,방배4동,서초구,54.02,7.5,1537,60,0.039,0.9488,63.24
1165065100,양재1동,서초구,54.79,4.3,1011,40,0.0396,5.7601,6.94
1165065200,양재2동,서초구,54.83,4.2,776,37,0.0477,7.5574,4.9
1165066000,내곡동,서초구,81.35,47.8,81,2,0.0247,12.6992,0.16
1168051000,신사동,강남구,47.54,2.5,153,1,0.0065,2.0577,0.49
1168052100,논현1동,강남구,61.67,21.5,780,28,0.0359,1.2578,22.26
1168053100,논현2동,강남구,61.67,21.5,780,28,0.0359,1.4574,19.21
1168054500,압구정동,강남구,47.54,2.5,153,1,0.0065,2.3433,0.43
1168056500,청담동,강남구,47.01,10.8,235,2,0.0085,2.3274,0.86
1168058000,삼성1동,강남구,36.45,1.8,528,11,0.0208,1.9431,5.66
1168059000,삼성2동,강남구,36.45,1.8,528,11,0.0208,1.2413,8.86
1168060000,대치1동,강남구,48.66,3.4,551,24,0.0436,0.8092,29.66
1168061000,대치2동,강남구,48.66,3.4,551,24,0.0436,1.836,13.07
1168063000,대치4동,강남구,48.66,3.4,551,24,0.0436,0.7005,34.26
1168064000,역삼1동,강남구,58.63,17.0,838,38,0.0453,2.3603,16.1
1168065000,역삼2동,강남구,58.63,17.0,838,38,0.0453,1.1342,33.5
1168065500,도곡1동,강남구,59.53,4.3,158,5,0.0316,1.0498,4.76
1168065600,도곡2동,강남구,59.53,4.3,158,5,0.0316,0.99,5.05
1168066000,개포1동,강남구,54.18,3.5,472,48,0.1017,1.4488,33.13
1168067000,개포2동,강남구,47.27,2.0,837,130,0.1553,2.2416,57.99
1168069000,개포4동,강남구,54.18,3.5,472,48,0.1017,1.6642,28.84
1168070000,세곡동,강남구,48.9,1.3,286,59,0.2063,6.362,9.27
1168072000,일원본동,강남구,38.32,0.1,397,82,0.2065,2.3528,34.85
1168073000,일원1동,강남구,38.32,0.1,397,82,0.2065,0.9527,86.07
1168074000,일원2동,강남구,47.71,2.5,1388,154,0.111,,
1168075000,수서동,강남구,,,32,0,0.0,1.6281,0.0
1171051000,풍납1동,송파구,58.53,17.2,275,3,0.0109,1.0745,2.79
1171052000,풍납2동,송파구,58.53,17.2,275,3,0.0109,2.5626,1.17
1171053100,거여1동,송파구,55.36,16.4,359,97,0.2702,0.5219,185.86
1171053200,거여2동,송파구,55.36,16.4,359,97,0.2702,0.5092,190.49
1171054000,마천1동,송파구,28.13,2.3,677,3,0.0044,0.5748,5.22
1171055000,마천2동,송파구,28.13,2.3,677,3,0.0044,0.89,3.37
1171056100,방이1동,송파구,70.04,24.8,936,29,0.031,0.6088,47.63
1171056200,방이2동,송파구,70.04,24.8,936,29,0.031,0.7692,37.7
1171056600,오륜동,송파구,70.04,24.8,936,29,0.031,3.0827,9.41
1171057000,오금동,송파구,70.82,34.2,540,15,0.0278,1.6476,9.1
1171058000,송파1동,송파구,69.87,29.5,946,56,0.0592,0.6864,81.59
1171059000,송파2동,송파구,69.87,29.5,946,56,0.0592,0.6305,88.82
1171060000,석촌동,송파구,64.49,21.3,1004,44,0.0438,0.9462,46.5
1171061000,삼전동,송파구,54.47,8.8,979,38,0.0388,0.9526,39.89
1171062000,가락본동,송파구,73.88,37.0,757,22,0.0291,1.014,21.7
1171063100,가락1동,송파구,73.88,37.0,757,22,0.0291,1.3922,15.8
1171063200,가락2동,송파구,73.88,37.0,757,22,0.0291,0.9316,23.62
1171064100,문정1동,송파구,71.28,31.8,508,33,0.065,0.6121,53.91
1171064200,문정2동,송파구,71.28,31.8,763,33,0.0433,2.2403,14.73
1171064600,장지동,송파구,71.28,31.8,763,33,0.0433,1.2774,25.83
1171064700,위례동,송파구,55.36,16.4,614,97,0.158,2.6386,36.76
1171065000,잠실본동,송파구,55.89,13.6,704,19,0.027,1.0282,18.48
1171067000,잠실2동,송파구,55.89,13.6,704,19,0.027,2.6848,7.08
1171068000,잠실3동,송파구,55.89,13.6,704,19,0.027,1.5415,12.33
1171069000,잠실4동,송파구,,,24,0,0.0,0.7796,0.0
1171071000,잠실6동,송파구,,,24,0,0.0,1.5068,0.0
1171072000,잠실7동,송파구,55.89,13.6,704,19,0.027,0.7229,26.28
1174051500,강일동,강동구,50.95,5.8,505,165,0.3267,2.2704,72.67
1174052000,상일동,강동구,50.95,5.8,325,104,0.32,,
1174053000,명일제1동,강동구,64.58,18.3,137,12,0.0876,0.6344,18.92
1174054000,명일제2동,강동구,64.58,18.3,137,12,0.0876,0.9136,13.13
1174055000,고덕제1동,강동구,50.51,0.8,287,91,0.3171,1.5158,60.03
1174056000,고덕제2동,강동구,50.51,0.8,287,91,0.3171,2.4749,36.77
1174057000,암사제1동,강동구,76.34,38.4,722,27,0.0374,0.7349,36.74
1174058000,암사제2동,강동구,76.34,38.4,722,27,0.0374,2.1726,12.43
1174059000,암사제3동,강동구,76.34,38.4,722,27,0.0374,1.798,15.02
1174060000,천호제1동,강동구,71.88,32.6,989,60,0.0607,0.6685,89.75
1174061000,천호제2동,강동구,71.88,32.6,989,60,0.0607,1.8497,32.44
1174062000,천호제3동,강동구,71.88,32.6,989,60,0.0607,0.5611,106.93
1174064000,성내제1동,강동구,76.11,40.2,955,40,0.0419,0.6632,60.31
1174065000,성내제2동,강동구,76.11,40.2,955,40,0.0419,0.6247,64.03
1174066000,성내제3동,강동구,76.11,40.2,955,40,0.0419,0.6469,61.83
1174068500,길동,강동구,66.29,30.0,458,17,0.0371,1.6303,10.43
1174069000,둔촌제1동,강동구,47.83,10.7,317,92,0.2902,0.9115,100.93
1174070000,둔촌제2동,강동구,47.83,10.7,317,92,0.2902,1.5492,59.39
