adm_cd,adm_nm,자치구,전세가율,고전세가율비율,jeonse_per_m2,공시지가대비전세가괴리,villa_share,apt_share,officetel_share,dagagu_count,new_density,avg_age,old30_ratio,avg_units,small_ratio,pop_density,youth_ratio,gongsi_per_m2,area_km2,pop,rent_n,거래건수,res_building_n
1111051500,청운효자동,종로구,69.94,26.1,534.37,1.1372,0.9538,0.0462,0.0,173,23.75,37.17,0.54,2.64,0.8236,4416.9,0.2560599382988101,4698870.0,2.5685600682299867,11345.0,520,222,1803
1111053000,사직동,종로구,74.02,38.1,782.58,1.0915,0.1323,0.3216,0.5461,56,6.91,40.31,0.6398,2.78,0.9125,7788.0,0.2737355811889973,7169778.0,1.157671317613387,9016.0,998,320,960
1111054000,삼청동,종로구,6.41,0.0,55.76,0.0819,1.0,0.0,0.0,63,4.06,47.73,0.7631,1.31,0.9684,1520.5,0.2315227070347284,6807582.0,1.4771876683734249,2246.0,12,1,632
1111055000,부암동,종로구,76.02,31.5,479.37,2.2582,0.8188,0.0524,0.1288,96,21.11,40.54,0.6929,2.44,0.862,4014.0,0.2510684931506849,2122815.0,2.2732870688484392,9125.0,458,213,1268
1111056000,평창동,종로구,66.24,13.2,514.75,2.1433,0.7505,0.2403,0.0092,140,10.51,33.18,0.6069,2.96,0.8536,1947.9,0.2353718059144415,2401689.0,8.940412645356531,17415.0,541,288,2076
1111057000,무악동,종로구,54.72,0.0,851.42,3.2041,0.0272,0.9728,0.0,2,5.42,35.39,0.4577,16.72,0.7432,21638.7,0.2082603254067584,2657259.0,0.3692454822689112,7990.0,514,305,183
1111058000,교남동,종로구,52.7,2.9,1174.3,3.3915,0.1826,0.7713,0.0461,103,5.77,33.52,0.513,7.26,0.6689,27977.8,0.2631199092689968,3462447.0,0.3466671341848279,9699.0,1517,658,598
1111060000,가회동,종로구,76.09,30.6,510.66,0.9315,1.0,0.0,0.0,71,22.24,37.15,0.4938,2.1,0.8671,7164.6,0.2364200724262803,5482398.0,0.5395998544895816,3866.0,170,49,865
1111061500,종로1.2.3.4가동,종로구,88.97,54.6,820.97,0.7595,0.0467,0.3115,0.6417,14,1.24,57.21,0.8283,2.15,0.9864,2774.0,0.2871434970882485,10809000.0,2.414221382726018,6697.0,642,174,884
1111063000,종로5.6가동,종로구,82.35,66.8,1043.1,1.4731,0.0515,0.301,0.6475,104,8.3,46.11,0.9043,2.03,0.959,8952.9,0.385470719051149,7081139.0,0.6027128344364789,5396.0,1166,292,830
1111064000,이화동,종로구,73.48,34.8,427.38,1.0053,0.8452,0.0941,0.0607,147,14.07,38.65,0.719,3.36,0.7376,8865.3,0.3953253498773625,4251218.0,0.7818101018487006,6931.0,659,132,945
1111065000,혜화동,종로구,74.26,23.8,642.38,1.3348,0.8243,0.143,0.0327,508,18.56,35.33,0.6646,4.18,0.7013,14066.4,0.3968842263961304,4812495.0,1.131701742030812,15919.0,1406,290,1778
1111067000,창신제1동,종로구,54.96,4.9,541.39,1.2627,0.3687,0.5443,0.087,114,13.12,48.36,0.8035,3.64,0.8305,14879.6,0.2508265373594886,4287689.0,0.3049150813649594,4537.0,1150,611,643
1111068000,창신제2동,종로구,54.96,4.9,541.39,1.2627,0.3687,0.5443,0.087,114,15.54,48.36,0.8035,3.64,0.8305,29255.3,0.2460148777895855,4287689.0,0.2573209611168592,7528.0,1150,611,643
1111069000,창신제3동,종로구,54.96,4.9,541.39,1.2627,0.3687,0.5443,0.087,114,18.46,48.36,0.8035,3.64,0.8305,29431.6,0.2739532695624902,4287689.0,0.2166718878995405,6377.0,1150,611,643
1111070000,숭인제1동,종로구,103.92,65.0,795.55,1.8308,0.1173,0.276,0.6067,104,45.98,45.61,0.7159,4.92,0.7609,24120.5,0.2622183708838821,4345251.0,0.2392153162210979,5770.0,3036,734,654
1111071000,숭인제2동,종로구,103.92,65.0,795.55,1.8308,0.1173,0.276,0.6067,104,31.28,45.61,0.7159,4.92,0.7609,27724.4,0.4266078572161247,4345251.0,0.3516402556351991,9749.0,3036,734,654
1114052000,소공동,중구,77.55,33.3,1105.01,0.9421,0.0,0.6588,0.3412,2,0.0,70.67,0.9307,5.65,0.9634,2308.4,0.3082223242994947,11728712.0,0.9430899716163058,2177.0,510,195,123
1114054000,회현동,중구,72.18,15.5,987.55,1.071,0.2828,0.5916,0.1255,13,7.25,61.33,0.8515,5.44,0.9179,4883.2,0.2152476603515179,9220625.0,0.8971561060294297,4381.0,693,335,335
1114055000,명동,중구,74.95,31.4,985.46,1.0708,0.419,0.2783,0.3028,44,12.39,58.95,0.8438,3.19,0.9167,2705.2,0.2613506295307135,9203335.0,0.9688762729108646,2621.0,654,309,552
1114057000,필동,중구,75.42,33.6,813.78,1.2331,0.4953,0.3161,0.1886,50,6.15,53.54,0.7804,3.76,0.8693,2734.4,0.3595702148925537,6599645.0,1.463586717338946,4002.0,1686,425,822
1114058000,장충동,중구,71.54,22.3,805.0,1.5685,0.7246,0.2237,0.0516,22,6.39,48.79,0.7089,4.04,0.7732,4507.3,0.4240837696335078,5132328.0,1.0170220678307842,4584.0,1104,215,474
1114059000,광희동,중구,81.24,41.2,912.56,0.9718,0.0396,0.6324,0.328,57,5.43,64.59,0.9217,3.47,0.9588,7800.2,0.4242951618517229,9390666.0,0.7366515536173608,5746.0,1564,507,898
1114060500,을지로동,중구,69.32,27.2,1093.32,0.9076,0.0,0.6723,0.3277,0,3.27,74.41,0.9838,3.7,0.9909,4865.9,0.4253530598520511,12046464.0,0.6111918104707862,2974.0,708,272,656
1114061500,신당동,중구,57.42,9.6,753.23,1.4913,0.3182,0.5399,0.1419,136,11.22,46.02,0.7483,7.04,0.7593,13916.7,0.3505847560155934,5050673.0,0.5345379291869445,7439.0,6047,2743,747
1114062500,다산동,중구,55.89,6.9,749.52,1.5324,0.3456,0.5502,0.1042,134,11.46,45.3,0.7362,6.42,0.7467,25393.8,0.3210767726896759,4891229.0,0.5237100984720056,13299.0,5529,2641,694
1114063500,약수동,중구,55.89,6.9,749.52,1.5324,0.3456,0.5502,0.1042,134,12.35,45.3,0.7362,6.42,0.7467,33291.1,0.252241112828439,4891229.0,0.485866116045088,16175.0,5529,2641,694
1114064500,청구동,중구,55.89,6.9,749.52,1.5324,0.3456,0.5502,0.1042,134,17.53,45.3,0.7362,6.42,0.7467,38053.0,0.2894211576846307,4891229.0,0.3423120959136084,13026.0,5529,2641,694
1114065000,신당제5동,중구,55.89,6.9,749.52,1.5324,0.3456,0.5502,0.1042,134,18.79,45.3,0.7362,6.42,0.7467,31667.6,0.3215663008009493,4891229.0,0.3193483263890687,10113.0,5529,2641,694
1114066500,동화동,중구,55.89,6.9,749.52,1.5324,0.3456,0.5502,0.1042,134,18.36,45.3,0.7362,6.42,0.7467,30456.1,0.2435446599015372,4891229.0,0.3267983566222675,9953.0,5529,2641,694
1114067000,황학동,중구,82.76,53.6,843.27,1.2567,0.0664,0.309,0.6245,23,9.14,47.3,0.8092,5.79,0.936,38612.5,0.4050473186119874,6710200.0,0.3283911731698873,12680.0,3417,1513,578
1114068000,중림동,중구,58.03,15.1,1004.14,1.8475,0.0778,0.6023,0.3199,19,8.27,45.07,0.719,11.37,0.8012,25065.6,0.2812036273701566,5435256.0,0.4839301426154696,12130.0,1941,982,498
1117051000,후암동,용산구,43.3,1.1,680.41,1.3717,0.8799,0.0929,0.0273,329,45.07,45.2,0.7168,3.47,0.7687,18516.8,0.309449506927974,4960219.0,0.8652703210984056,16022.0,1723,1164,1980
1117052000,용산2가동,용산구,35.4,0.8,494.76,1.0303,0.9315,0.0685,0.0,213,6.09,38.02,0.7469,2.66,0.8399,4536.3,0.3310954458990712,4802104.0,1.970115285422349,8937.0,613,363,1299
1117053000,남영동,용산구,52.91,36.8,739.71,0.8284,0.2939,0.2684,0.4378,63,0.85,58.57,0.8841,2.73,0.8825,5810.1,0.260602515355367,8929744.0,1.1769088909618264,6838.0,667,247,800
1117055500,청파동,용산구,43.61,5.0,795.2,1.4645,0.8445,0.0684,0.0871,552,66.63,45.91,0.7624,3.49,0.7593,21452.8,0.3926935831973469,5429941.0,0.8855240806155187,18997.0,2354,1509,2418
1117056000,원효로제1동,용산구,53.55,9.3,932.65,1.37,0.2368,0.4695,0.2937,161,74.75,47.57,0.7336,8.14,0.7707,29020.5,0.4145299145299145,6807571.0,0.5886182572141507,17082.0,4552,2370,907
1117057000,원효로제2동,용산구,40.6,0.5,789.8,1.4553,0.4012,0.4488,0.15,186,71.99,44.69,0.7258,7.84,0.6944,19250.5,0.3091362369848951,5427238.0,0.7084486133911987,13638.0,1767,1305,733
1117058000,효창동,용산구,46.95,1.9,920.49,1.7667,0.6006,0.3994,0.0,106,96.44,35.01,0.574,7.55,0.5741,24040.4,0.3368784401529993,5210221.0,0.4458744391186892,10719.0,1650,1138,587
1117059000,용문동,용산구,45.23,0.3,824.81,1.2539,0.6378,0.356,0.0061,138,90.15,39.06,0.5717,7.15,0.6395,41247.6,0.3142757234023953,6578142.0,0.2773250017997597,11439.0,1469,1004,688
1117062500,한강로동,용산구,58.86,9.7,1024.56,0.9803,0.0674,0.6474,0.2852,64,6.63,55.47,0.8806,9.06,0.9222,7366.9,0.382277761999432,10451693.0,2.867675943424178,21126.0,3738,1386,977
1117063000,이촌제1동,용산구,31.08,0.1,884.24,1.1789,0.029,0.971,0.0,3,0.17,39.17,0.5669,41.44,0.2898,8705.1,0.219736684141022,7500415.0,2.870622471404526,24989.0,3928,2364,157
1117064000,이촌제2동,용산구,31.08,0.1,884.24,1.1789,0.029,0.971,0.0,3,0.42,39.17,0.5669,41.44,0.2898,6567.1,0.2653267602073063,7500415.0,1.204647598040513,7911.0,3928,2364,157
1117065000,이태원제1동,용산구,36.24,1.0,726.43,0.9797,0.646,0.3459,0.008,353,42.07,41.81,0.7659,3.24,0.8213,10351.8,0.334052081605573,7414939.0,0.5824089930307011,6029.0,1243,613,1122
1117066000,이태원제2동,용산구,36.24,1.0,726.43,0.9797,0.646,0.3459,0.008,353,28.05,41.81,0.7659,3.24,0.8213,9864.5,0.3315539050713705,7414939.0,0.8735334661781103,8617.0,1243,613,1122
1117068500,한남동,용산구,57.04,1.4,1297.27,1.5879,0.3229,0.6607,0.0164,335,4.62,41.17,0.7566,4.42,0.7549,6109.1,0.2961422087745839,8169746.0,3.0295946526163187,18508.0,1403,563,2003
1117069000,서빙고동,용산구,22.14,0.2,679.71,1.1621,0.4621,0.5379,0.0,182,2.13,42.68,0.8237,5.33,0.8013,4426.1,0.2418940609951846,5848795.0,2.815099674507888,12460.0,712,429,896
1117070000,보광동,용산구,14.35,0.0,637.08,0.8157,0.2424,0.7576,0.0,573,0.0,44.77,0.9397,2.36,0.8837,16910.2,0.2973934629706247,7810175.0,0.7146556768954624,12085.0,198,127,2201
1120052000,왕십리제2동,성동구,54.58,1.4,997.62,2.3061,0.0723,0.823,0.1047,118,25.52,41.39,0.7208,12.81,0.7245,43386.4,0.3103213423317442,4326044.0,0.3722595665234973,16151.0,3294,1950,481
1120053500,왕십리도선동,성동구,60.22,13.7,992.93,1.9611,0.0977,0.6155,0.2868,274,21.84,42.76,0.7665,8.83,0.7667,37068.1,0.3241856398950929,5063085.0,0.7097473508175205,26309.0,5261,2615,1078
1120054000,마장동,성동구,46.88,4.0,670.19,1.6099,0.2117,0.7464,0.0419,282,11.6,41.91,0.7543,6.14,0.7991,20941.7,0.3356882301334442,4162845.0,1.0341555161986198,21657.0,2003,756,1299
1120055000,사근동,성동구,49.23,3.2,886.98,1.9434,0.1634,0.7745,0.0621,259,10.55,41.86,0.7739,7.45,0.7469,10275.0,0.5450532978014657,4564152.0,1.1686605101471408,12008.0,4830,2357,1059
1120056000,행당제1동,성동구,48.72,2.8,895.15,1.7183,0.1335,0.7992,0.0673,80,7.56,39.03,0.6229,13.84,0.6735,23907.3,0.3211939862793753,5209634.0,0.5731304114628734,13702.0,4458,2261,377
1120057000,행당제2동,성동구,48.72,2.8,895.15,1.7183,0.1335,0.7992,0.0673,80,9.48,39.03,0.6229,13.84,0.6735,50096.0,0.2632038411174159,5209634.0,0.4573221643300055,22910.0,4458,2261,377
1120058000,응봉동,성동구,41.08,0.1,667.15,2.6343,0.1534,0.8466,0.0,36,1.81,42.43,0.8038,11.02,0.5817,27098.6,0.2475650433622415,2532597.0,0.5531645804898544,14990.0,1395,932,526
1120059000,금호1가동,성동구,50.63,0.3,908.69,2.707,0.0935,0.8945,0.012,18,0.0,33.46,0.5385,18.26,0.4882,33298.4,0.2603063221105188,3356781.0,0.4450969559049278,14821.0,1498,873,340
1120061500,금호2.3가동,성동구,44.1,0.4,862.3,1.8844,0.1571,0.8429,0.0,251,0.0,38.83,0.7738,6.91,0.7487,34817.4,0.285792349726776,4575988.0,0.6307189491758431,21960.0,2088,1308,1194
1120062000,금호4가동,성동구,46.84,0.0,1005.59,2.2205,0.0392,0.9565,0.0043,69,16.84,37.59,0.6982,9.98,0.7884,17047.9,0.258151023288638,4528730.0,0.8311889085641809,14170.0,1402,842,553
1120064500,옥수동,성동구,41.81,0.6,973.74,2.7165,0.0176,0.9533,0.0291,31,0.52,31.97,0.5099,27.35,0.601,13218.8,0.2751476959432847,3584533.0,1.920742048901401,25390.0,3404,1900,391
1120065000,성수1가제1동,성동구,40.05,5.2,1055.63,1.5216,0.1636,0.6405,0.1959,196,9.29,39.98,0.8021,8.23,0.712,8209.3,0.3268261150614092,6937485.0,1.8844415421701677,15470.0,3900,2086,688
1120066000,성수1가제2동,성동구,40.05,5.2,1055.63,1.5216,0.1636,0.6405,0.1959,196,18.83,39.98,0.8021,8.23,0.712,12917.2,0.3403581840899625,6937485.0,0.929378438526312,12005.0,3900,2086,688
1120067000,성수2가제1동,성동구,32.3,6.1,772.45,1.0507,0.3115,0.4841,0.2044,217,0.84,40.09,0.8259,6.03,0.6938,12344.8,0.2945200793596497,7351643.0,1.184060923094584,14617.0,2109,1212,718
1120069000,성수2가제3동,성동구,32.3,6.1,772.45,1.0507,0.3115,0.4841,0.2044,217,0.95,40.09,0.8259,6.03,0.6938,9584.4,0.3469650460441628,7351643.0,1.0536967303295863,10099.0,2109,1212,718
1120072000,송정동,성동구,55.73,3.7,667.89,1.9736,0.532,0.3793,0.0887,142,7.34,40.0,0.8182,3.63,0.7257,14341.2,0.3065902578796561,3384179.0,0.6813944691890195,9772.0,406,215,463
1120079000,용답동,성동구,69.5,26.1,865.01,2.2012,0.3336,0.1645,0.5019,476,30.73,38.1,0.8203,3.91,0.7622,5053.6,0.3902032655781406,3929794.0,2.3753342358422063,12004.0,2590,1043,1476
1121571000,화양동,광진구,79.65,48.3,938.16,1.5971,0.3897,0.1784,0.432,547,23.78,35.24,0.7495,5.12,0.6122,20581.8,0.6471821644058368,5873986.0,1.135422416099913,23369.0,4065,606,1547
1121573000,군자동,광진구,83.72,49.1,844.45,1.9496,0.6117,0.0674,0.321,581,20.34,33.03,0.6687,4.3,0.6363,25971.6,0.4058894168015454,4331342.0,0.7374601628786804,19153.0,1455,452,1622
1121574000,중곡제1동,광진구,74.62,32.8,692.48,1.8441,0.7717,0.0906,0.1378,561,55.78,29.8,0.5771,4.73,0.5239,24861.8,0.3839250622297916,3755020.0,0.6140336278144418,15266.0,5146,1810,1570
1121575000,중곡제2동,광진구,74.62,32.8,692.48,1.8441,0.7717,0.0906,0.1378,561,62.83,29.8,0.5771,4.73,0.5239,37800.6,0.3403862952538096,3755020.0,0.5451230428057884,20606.0,5146,1810,1570
1121576000,중곡제3동,광진구,74.62,32.8,692.48,1.8441,0.7717,0.0906,0.1378,561,56.95,29.8,0.5771,4.73,0.5239,26212.0,0.3230144633341791,3755020.0,0.6014042892692064,15764.0,5146,1810,1570
1121577000,중곡제4동,광진구,74.62,32.8,692.48,1.8441,0.7717,0.0906,0.1378,561,14.82,29.8,0.5771,4.73,0.5239,11938.9,0.2904453059893474,3755020.0,2.3116869214269413,27599.0,5146,1810,1570
1121578000,능동,광진구,73.34,28.5,828.91,1.8378,0.884,0.014,0.102,433,28.41,28.71,0.4165,5.15,0.4802,10185.4,0.4241115609536662,4510439.0,1.0912666209278998,11115.0,1000,355,987
1121581000,광장동,광진구,45.34,1.9,843.72,2.5482,0.1094,0.8531,0.0375,58,5.85,32.36,0.5667,21.8,0.5113,14241.7,0.2112432115074123,3311050.0,2.391913518422568,34065.0,2641,1717,487
1121582000,자양제1동,광진구,47.39,3.3,838.24,1.6214,0.4838,0.4151,0.1011,347,79.61,31.91,0.6538,7.09,0.5443,38523.6,0.3524522787469175,5170012.0,0.5684313696452786,21898.0,9309,5099,1222
1121583000,자양제2동,광진구,47.39,3.3,838.24,1.6214,0.4838,0.4151,0.1011,347,27.32,31.91,0.6538,7.09,0.5443,14291.3,0.2914237431347697,5170012.0,1.656250524188192,23670.0,9309,5099,1222
1121584000,자양제3동,광진구,47.39,3.3,838.24,1.6214,0.4838,0.4151,0.1011,347,37.85,31.91,0.6538,7.09,0.5443,22802.1,0.2692223037417461,5170012.0,1.1955033831220765,27260.0,9309,5099,1222
1121584700,자양제4동,광진구,47.39,3.3,838.24,1.6214,0.4838,0.4151,0.1011,347,38.38,31.91,0.6538,7.09,0.5443,16824.0,0.3328964613368283,5170012.0,1.179145776119927,19838.0,9309,5099,1222
1121585000,구의제1동,광진구,62.69,9.8,783.02,1.6762,0.4999,0.3455,0.1546,387,68.4,28.98,0.5094,7.67,0.3921,38997.7,0.4038644009315966,4671496.0,0.5945473367860555,23186.0,7641,3065,1257
1121586000,구의제2동,광진구,62.69,9.8,783.02,1.6762,0.4999,0.3455,0.1546,387,29.32,28.98,0.5094,7.67,0.3921,18520.9,0.2700872002491435,4671496.0,1.386971877556738,25688.0,7641,3065,1257
1121587000,구의제3동,광진구,62.69,9.8,783.02,1.6762,0.4999,0.3455,0.1546,387,39.61,28.98,0.5094,7.67,0.3921,27091.7,0.3091994104324693,4671496.0,1.0267703223489637,27817.0,7641,3065,1257
1123053600,용신동,동대문구,67.54,26.8,886.81,2.0011,0.1402,0.4088,0.451,408,70.49,41.37,0.736,6.03,0.7969,23763.7,0.3661982825917252,4431616.0,1.6171722653629337,38430.0,5971,2257,2235
1123054500,제기동,동대문구,62.83,21.8,642.81,1.7452,0.4818,0.4226,0.0956,552,29.64,43.36,0.7595,3.82,0.8094,19658.6,0.3191746004394089,3683215.0,1.1808076471536273,23213.0,1621,620,2576
1123056000,전농제1동,동대문구,54.26,6.9,751.0,1.9315,0.2268,0.5193,0.2538,406,13.32,40.85,0.7906,6.5,0.7875,28231.4,0.290271834885477,3888238.0,1.1258371922958417,31784.0,4704,2626,1464
1123057000,전농제2동,동대문구,54.26,6.9,751.0,1.9315,0.2268,0.5193,0.2538,406,15.36,40.85,0.7906,6.5,0.7875,18453.7,0.2287251747475868,3888238.0,0.9768211383111722,18026.0,4704,2626,1464
1123060000,답십리제1동,동대문구,61.07,11.3,786.01,2.1185,0.0714,0.6359,0.2927,322,31.11,38.18,0.7322,10.27,0.7581,35414.6,0.3112855811285581,3710237.0,0.7876412759746796,27894.0,6075,2701,1066
1123061000,답십리제2동,동대문구,61.07,11.3,786.01,2.1185,0.0714,0.6359,0.2927,322,28.0,38.18,0.7322,10.27,0.7581,31447.5,0.2692321668665285,3710237.0,0.8750762487017265,27519.0,6075,2701,1066
1123065000,장안제1동,동대문구,70.36,33.0,675.33,1.638,0.2002,0.3894,0.4105,287,25.35,30.71,0.5977,9.95,0.5379,27955.3,0.2900618798677051,4122950.0,1.3411408763924286,37492.0,7119,2602,1214
1123066000,장안제2동,동대문구,70.36,33.0,675.33,1.638,0.2002,0.3894,0.4105,287,34.14,30.71,0.5977,9.95,0.5379,32716.9,0.2585783561475661,4122950.0,0.9958771705655406,32582.0,7119,2602,1214
1123070500,청량리동,동대문구,69.47,33.1,687.14,1.7115,0.1206,0.3493,0.5301,267,0.83,48.42,0.8599,4.4,0.8618,15593.9,0.2337613896733628,4014870.0,1.2034820441630074,18767.0,1526,718,1505
1123071000,회기동,동대문구,70.88,24.2,679.98,1.6305,0.338,0.6032,0.0588,304,24.79,37.46,0.712,5.58,0.6498,13628.5,0.472041363462275,4170381.0,0.7663324689248591,10444.0,1003,252,791
1123072000,휘경제1동,동대문구,66.88,14.0,728.25,2.0395,0.1788,0.6291,0.1921,329,58.5,33.16,0.6433,8.19,0.627,26356.1,0.4201717362829282,3570769.0,0.5213976534486326,13742.0,4866,1626,916
1123073000,휘경제2동,동대문구,66.88,14.0,728.25,2.0395,0.1788,0.6291,0.1921,329,27.41,33.16,0.6433,8.19,0.627,21855.6,0.3671463815789473,3570769.0,1.112757608487857,24320.0,4866,1626,916
1123074000,이문제1동,동대문구,62.68,11.0,700.87,1.8599,0.1179,0.7692,0.1129,545,8.19,41.14,0.8295,5.22,0.7632,17201.2,0.4049285914309717,3768316.0,1.0380095675983532,17855.0,3994,2029,1440
1123075000,이문제2동,동대문구,62.68,11.0,700.87,1.8599,0.1179,0.7692,0.1129,545,11.74,41.14,0.8295,5.22,0.7632,26868.1,0.2574924176219606,3768316.0,0.7240172669340116,19453.0,3994,2029,1440
1126052000,면목제2동,중랑구,65.39,12.6,640.79,1.9844,0.561,0.3744,0.0646,768,52.02,32.91,0.736,5.57,0.5569,31076.5,0.2678398109465333,3229080.0,0.7625364178128635,23697.0,6921,3302,1653
1126054000,면목제4동,중랑구,65.39,12.6,640.79,1.9844,0.561,0.3744,0.0646,768,47.06,32.91,0.736,5.57,0.5569,21631.0,0.2576380889693379,3229080.0,0.8428184055941811,18231.0,6921,3302,1653
1126055000,면목제5동,중랑구,65.39,12.6,640.79,1.9844,0.561,0.3744,0.0646,768,56.31,32.91,0.736,5.57,0.5569,20736.9,0.2737728486342164,3229080.0,0.7043952680827219,14607.0,6921,3302,1653
1126056500,면목본동,중랑구,65.39,12.6,640.79,1.9844,0.561,0.3744,0.0646,768,46.76,32.91,0.736,5.57,0.5569,38736.8,0.3090101329762955,3229080.0,0.8483657710714066,32863.0,6921,3302,1653
1126057000,면목제7동,중랑구,65.39,12.6,640.79,1.9844,0.561,0.3744,0.0646,768,32.13,32.91,0.736,5.57,0.5569,17190.4,0.2823485062670813,3229080.0,1.234523923918471,21222.0,6921,3302,1653
1126057500,면목제3.8동,중랑구,65.39,12.6,640.79,1.9844,0.561,0.3744,0.0646,768,24.58,32.91,0.736,5.57,0.5569,15187.2,0.2830850846765966,3229080.0,1.6135312926858565,24505.0,6921,3302,1653
1126058000,상봉제1동,중랑구,74.21,36.0,701.94,1.8564,0.356,0.4561,0.1879,334,41.03,29.99,0.5987,9.05,0.5215,27232.9,0.2734902939783928,3781160.0,0.8531215173493478,23233.0,5343,1948,1000
1126059000,상봉제2동,중랑구,74.21,36.0,701.94,1.8564,0.356,0.4561,0.1879,334,51.7,29.99,0.5987,9.05,0.5215,30099.3,0.4361717791411043,3781160.0,0.6769249753356164,20375.0,5343,1948,1000
1126060000,중화제1동,중랑구,69.28,13.0,650.55,2.0866,0.6181,0.3313,0.0506,596,89.64,31.52,0.6818,5.57,0.5272,29326.1,0.284142257189942,3117784.0,0.6414412238193113,18811.0,2430,1301,1590
1126061000,중화제2동,중랑구,69.28,13.0,650.55,2.0866,0.6181,0.3313,0.0506,596,56.58,31.52,0.6818,5.57,0.5272,23484.1,0.2891803553469661,3117784.0,1.01617609696156,23864.0,2430,1301,1590
1126062000,묵제1동,중랑구,67.27,13.7,556.97,1.6869,0.4294,0.5303,0.0403,327,27.88,28.14,0.5153,8.2,0.5524,27271.4,0.2747718383311603,3301822.0,1.237485266032999,33748.0,2902,1312,1251
1126063000,묵제2동,중랑구,67.27,13.7,556.97,1.6869,0.4294,0.5303,0.0403,327,51.59,28.14,0.5153,8.2,0.5524,27186.0,0.2819186973980967,3301822.0,0.6686907952550871,18179.0,2902,1312,1251
1126065500,망우본동,중랑구,75.84,21.5,626.93,2.2367,0.2258,0.5086,0.2655,435,39.69,31.74,0.685,4.66,0.7479,12022.9,0.2891120954772451,2802965.0,2.947959839352839,35443.0,3830,1773,1864
1126066000,망우제3동,중랑구,75.84,21.5,626.93,2.2367,0.2258,0.5086,0.2655,435,121.64,31.74,0.685,4.66,0.7479,16388.7,0.2536319228573241,2802965.0,0.9618184875693766,15763.0,3830,1773,1864
1126068000,신내1동,중랑구,54.77,5.8,459.4,2.7795,0.049,0.8833,0.0677,102,4.99,26.45,0.5304,24.8,0.5312,14612.1,0.2328039545645772,1652801.0,2.6027794413352594,38032.0,5143,2570,448
1126069000,신내2동,중랑구,54.77,5.8,459.4,2.7795,0.049,0.8833,0.0677,102,14.28,26.45,0.5304,24.8,0.5312,21762.4,0.2460513700358278,1652801.0,0.910608614839586,19817.0,5143,2570,448
1129052500,성북동,성북구,58.31,9.2,631.19,1.9229,0.7854,0.0962,0.1184,289,18.42,39.68,0.7039,2.54,0.8527,5548.7,0.3167157261852571,3282531.0,2.877618122369605,15967.0,1123,564,2465
1129055500,삼선동,성북구,63.05,7.2,637.32,1.7294,0.1722,0.7584,0.0693,546,20.17,37.43,0.6926,5.13,0.7827,24009.0,0.3268079744385941,3685212.0,0.925528305238122,22221.0,3432,1894,2021
1129057500,동선동,성북구,62.37,6.8,612.71,1.4725,0.2435,0.6547,0.1017,384,35.44,38.34,0.6559,5.88,0.7319,20770.2,0.4699195639167719,4161112.0,0.7242597467801175,15043.0,3794,1701,1388
1129058000,돈암제1동,성북구,60.7,2.6,611.2,2.5914,0.0577,0.9423,0.0,8,1.36,45.69,0.6585,15.76,0.7344,29233.5,0.2608969425592947,2358555.0,0.4889253485618327,14293.0,2234,1450,155
1129059000,돈암제2동,성북구,60.7,2.6,611.2,2.5914,0.0577,0.9423,0.0,8,1.29,45.69,0.6585,15.76,0.7344,45260.1,0.2317796068062604,2358555.0,0.518093739240975,23449.0,2234,1450,155
1129060000,안암동,성북구,73.75,16.8,566.97,1.3039,0.6171,0.3375,0.0455,600,34.82,31.25,0.6628,5.48,0.6891,10870.3,0.5034367701034368,4348169.0,1.3785262860072889,14985.0,726,190,1232
1129061000,보문동,성북구,61.65,4.0,822.94,1.8272,0.2636,0.6252,0.1112,438,76.01,38.79,0.7098,5.41,0.7509,29351.0,0.3389234848017757,4503867.0,0.552588328433588,16219.0,1214,506,1168
1129062000,정릉제1동,성북구,58.88,4.1,647.59,2.4501,0.2052,0.7922,0.0027,208,96.16,38.9,0.6612,9.47,0.7025,43286.3,0.2565800549974746,2643144.0,0.4116542325601758,17819.0,11312,6611,1765
1129063000,정릉제2동,성북구,62.55,6.5,538.75,2.2751,0.353,0.6422,0.0048,166,24.6,39.34,0.6918,7.23,0.7026,20649.6,0.2669529036827195,2368011.0,1.094064484965256,22592.0,6283,3400,1402
1129064000,정릉제3동,성북구,63.92,9.4,484.87,2.0464,0.5159,0.4767,0.0074,158,7.9,38.63,0.6955,6.17,0.6986,4516.9,0.3456083105813411,2369351.0,3.324627350064239,15017.0,4049,1950,1248
1129065000,정릉제4동,성북구,63.92,9.4,484.87,2.0464,0.5159,0.4767,0.0074,158,7.36,38.63,0.6955,6.17,0.6986,6764.1,0.2472240636393768,2369351.0,3.568232250528116,24136.0,4049,1950,1248
1129066000,길음제1동,성북구,54.99,1.7,762.85,1.6423,0.0205,0.9795,0.0,42,15.9,37.1,0.536,18.12,0.7022,43749.9,0.2050436079871471,4645065.0,0.7967102730862298,34856.0,5029,3211,363
1129068500,길음제2동,성북구,56.32,3.1,727.79,1.8407,0.0575,0.9163,0.0262,264,32.34,36.96,0.6468,11.64,0.7261,37026.2,0.2475293036083659,3953780.0,0.5875565326336962,21755.0,7108,4338,986
1129070500,종암동,성북구,57.74,3.9,641.53,2.1406,0.3019,0.6933,0.0048,458,23.51,34.94,0.631,9.23,0.6325,26929.1,0.2663650314864793,2996943.0,1.403462295028497,37794.0,2087,1108,1638
1129071500,월곡제1동,성북구,60.11,7.4,627.91,1.694,0.1472,0.7633,0.0895,222,7.91,36.89,0.7063,7.86,0.74,32002.8,0.2355396076290027,3706662.0,0.8011485081250485,25639.0,2079,1127,623
1129072500,월곡제2동,성북구,60.23,6.7,619.04,1.7544,0.173,0.749,0.0781,433,11.97,37.8,0.7392,6.44,0.7583,13913.6,0.3195827406353722,3528465.0,1.3642055052760724,18981.0,2382,1305,1320
1129076000,장위제1동,성북구,50.13,2.9,589.88,1.8854,0.4343,0.5173,0.0484,282,60.26,40.16,0.7995,4.84,0.7117,33107.0,0.2651023890784983,3128644.0,0.7080071957631724,23440.0,4485,2749,1448
1129077000,장위제2동,성북구,50.13,2.9,589.88,1.8854,0.4343,0.5173,0.0484,282,62.83,40.16,0.7995,4.84,0.7117,19451.0,0.2699878861296184,3128644.0,0.6790398236874388,13208.0,4485,2749,1448
1129078000,장위제3동,성북구,50.13,2.9,589.88,1.8854,0.4343,0.5173,0.0484,282,65.43,40.16,0.7995,4.84,0.7117,23872.0,0.2710862722425644,3128644.0,0.652103888871973,15567.0,4485,2749,1448
1129081000,석관동,성북구,61.69,10.5,642.79,2.3356,0.4365,0.4838,0.0797,1143,27.0,36.44,0.7466,5.0,0.6918,19902.3,0.2729497803072749,2752152.0,1.703869738280126,33911.0,2032,1196,2881
1130553400,삼양동,강북구,57.8,5.6,511.3,1.6034,0.3713,0.5745,0.0542,599,19.49,37.44,0.7672,5.22,0.6971,24359.0,0.242653269906193,3188860.0,0.9233943161756524,22493.0,6294,3139,1973
1130553500,미아동,강북구,57.8,5.6,511.3,1.6034,0.3713,0.5745,0.0542,599,21.41,37.44,0.7672,5.22,0.6971,24898.6,0.2994887476706961,3188860.0,0.8405677197461855,20929.0,6294,3139,1973
1130554500,송중동,강북구,57.8,5.6,511.3,1.6034,0.3713,0.5745,0.0542,599,16.74,37.44,0.7672,5.22,0.6971,26701.9,0.2645624303232999,3188860.0,1.0749799081166198,28704.0,6294,3139,1973
1130555500,송천동,강북구,57.8,5.6,511.3,1.6034,0.3713,0.5745,0.0542,599,19.37,37.44,0.7672,5.22,0.6971,26766.8,0.239667095529109,3188860.0,0.9292092445107046,24872.0,6294,3139,1973
1130557500,삼각산동,강북구,57.8,5.6,511.3,1.6034,0.3713,0.5745,0.0542,599,28.96,37.44,0.7672,5.22,0.6971,49314.4,0.2117405207857469,3188860.0,0.6214412077007793,30646.0,6294,3139,1973
1130559500,번1동,강북구,62.75,14.1,453.84,1.7856,0.3686,0.5227,0.1087,285,15.96,34.04,0.7654,8.69,0.4968,28278.2,0.309572186477029,2541640.0,0.6265607164943696,17718.0,2382,1149,829
1130560300,번2동,강북구,62.75,14.1,453.84,1.7856,0.3686,0.5227,0.1087,285,10.27,34.04,0.7654,8.69,0.4968,15320.1,0.2313778075762655,2541640.0,0.9735585324575802,14915.0,2382,1149,829
1130560800,번3동,강북구,62.75,14.1,453.84,1.7856,0.3686,0.5227,0.1087,285,9.26,34.04,0.7654,8.69,0.4968,15158.9,0.2035781889234902,2541640.0,1.0803548893471548,16377.0,2382,1149,829
1130561500,수유1동,강북구,80.87,37.3,451.39,1.8123,0.5562,0.2269,0.2169,445,21.23,33.97,0.6796,5.04,0.5979,12110.0,0.2751677852348993,2490684.0,1.6487187126957854,19966.0,5095,1548,1683
1130562500,수유2동,강북구,80.87,37.3,451.39,1.8123,0.5562,0.2269,0.2169,445,60.22,33.97,0.6796,5.04,0.5979,35490.0,0.2419276641132551,2490684.0,0.5811771186678908,20626.0,5095,1548,1683
1130563500,수유3동,강북구,80.87,37.3,451.39,1.8123,0.5562,0.2269,0.2169,445,46.97,33.97,0.6796,5.04,0.5979,30924.2,0.3301506011023827,2490684.0,0.745080988957229,23041.0,5095,1548,1683
1130564500,우이동,강북구,80.48,36.3,444.99,1.8574,0.5781,0.2219,0.2,580,6.9,34.4,0.6733,5.09,0.5988,1880.5,0.2372455390801709,2395735.0,10.579835026007654,19895.0,5525,1710,2569
1130566000,인수동,강북구,80.87,37.3,451.39,1.8123,0.5562,0.2269,0.2169,445,11.68,33.97,0.6796,5.04,0.5979,9743.9,0.2388489208633093,2490684.0,2.995709989273608,29190.0,5095,1548,1683
1132051100,창제1동,도봉구,56.73,11.8,479.99,1.6671,0.1745,0.6305,0.195,179,9.27,31.24,0.65,12.64,0.5096,21482.8,0.2553862758935614,2879129.0,1.1213181009073514,24089.0,9523,5047,699
1132051200,창제2동,도봉구,56.73,11.8,479.99,1.6671,0.1745,0.6305,0.195,179,15.9,31.24,0.65,12.64,0.5096,43144.3,0.267562203161551,2879129.0,0.6539453207338671,28214.0,9523,5047,699
1132051300,창제3동,도봉구,56.73,11.8,479.99,1.6671,0.1745,0.6305,0.195,179,15.88,31.24,0.65,12.64,0.5096,20243.1,0.2281469190738366,2879129.0,0.654987358771939,13259.0,9523,5047,699
1132051400,창제4동,도봉구,56.73,11.8,479.99,1.6671,0.1745,0.6305,0.195,179,9.13,31.24,0.65,12.64,0.5096,22919.7,0.2549710739052143,2879129.0,1.1388033534430624,26101.0,9523,5047,699
1132051500,창제5동,도봉구,56.73,11.8,479.99,1.6671,0.1745,0.6305,0.195,179,14.84,31.24,0.65,12.64,0.5096,34136.9,0.2767051153460381,2879129.0,0.7009429105795203,23928.0,9523,5047,699
1132052100,도봉제1동,도봉구,70.58,17.8,420.62,1.9214,0.2218,0.5032,0.275,223,2.96,33.14,0.6855,8.61,0.5977,2382.6,0.2111724069380249,2189108.0,8.44506904747045,20121.0,2462,1230,1056
1132052200,도봉제2동,도봉구,70.58,17.8,420.62,1.9214,0.2218,0.5032,0.275,223,22.36,33.14,0.6855,8.61,0.5977,23220.8,0.2321971885230117,2189108.0,1.1181793708143104,25965.0,2462,1230,1056
1132066000,쌍문제1동,도봉구,68.83,11.5,417.16,1.7504,0.3664,0.6267,0.0068,212,25.53,32.44,0.6427,8.28,0.5413,17600.9,0.2499153730838048,2383186.0,1.1748855635053204,20679.0,3362,1599,908
1132067000,쌍문제2동,도봉구,68.83,11.5,417.16,1.7504,0.3664,0.6267,0.0068,212,55.48,32.44,0.6427,8.28,0.5413,33190.8,0.250877486210931,2383186.0,0.5407818048786313,17949.0,3362,1599,908
1132068000,쌍문제3동,도봉구,68.83,11.5,417.16,1.7504,0.3664,0.6267,0.0068,212,59.47,32.44,0.6427,8.28,0.5413,32716.6,0.289038356662425,2383186.0,0.5044229295120296,16503.0,3362,1599,908
1132068100,쌍문제4동,도봉구,68.83,11.5,417.16,1.7504,0.3664,0.6267,0.0068,212,54.11,32.44,0.6427,8.28,0.5413,32675.8,0.2396644035988298,2383186.0,0.554447018231978,18117.0,3362,1599,908
1132069000,방학제1동,도봉구,86.33,27.5,514.25,2.0354,0.2698,0.5809,0.1493,361,17.31,31.31,0.6794,9.58,0.45,26657.0,0.2363931469792606,2526534.0,1.0400656271029225,27725.0,3751,1897,997
1132070000,방학제2동,도봉구,86.33,27.5,514.25,2.0354,0.2698,0.5809,0.1493,361,16.48,31.31,0.6794,9.58,0.45,17078.1,0.2225856614295672,2526534.0,1.0919856081384876,18649.0,3751,1897,997
1132071000,방학제3동,도봉구,86.33,27.5,514.25,2.0354,0.2698,0.5809,0.1493,361,9.23,31.31,0.6794,9.58,0.45,13424.1,0.2155057124297887,2526534.0,1.9495498104886932,26171.0,3751,1897,997
1135056000,월계1동,노원구,46.61,0.8,490.85,2.1658,0.1054,0.8793,0.0153,56,5.26,31.18,0.5511,24.12,0.5287,18079.0,0.2907918343596954,2266369.0,1.140714985330496,20623.0,6339,3470,447
1135057000,월계2동,노원구,46.61,0.8,490.85,2.1658,0.1054,0.8793,0.0153,56,2.99,31.18,0.5511,24.12,0.5287,12769.0,0.2189087782380989,2266369.0,2.003761440963024,25586.0,6339,3470,447
1135058000,월계3동,노원구,46.61,0.8,490.85,2.1658,0.1054,0.8793,0.0153,56,5.29,31.18,0.5511,24.12,0.5287,25379.2,0.2580835825046937,2266369.0,1.1332909394026158,28762.0,6339,3470,447
1135059500,공릉1동,노원구,61.03,3.1,557.68,1.9801,0.2913,0.6968,0.0119,250,24.16,26.68,0.4036,13.68,0.5229,28552.0,0.3207735634416359,2816411.0,1.26229321209143,36041.0,5205,2198,1071
1135060000,공릉2동,노원구,61.03,3.1,557.68,1.9801,0.2913,0.6968,0.0119,250,4.37,26.68,0.4036,13.68,0.5229,5969.9,0.2978304694249784,2816411.0,6.97965133921439,41668.0,5205,2198,1071
1135061100,하계1동,노원구,53.33,0.5,538.8,2.3832,0.0509,0.9446,0.0045,27,1.97,28.67,0.5079,42.7,0.3896,17232.6,0.2746149458071877,2260833.0,1.5258904896010084,26295.0,3594,2086,222
1135061200,하계2동,노원구,53.33,0.5,538.8,2.3832,0.0509,0.9446,0.0045,27,6.0,28.67,0.5079,42.7,0.3896,42705.7,0.2367027508318103,2260833.0,0.4996755922696115,21339.0,3594,2086,222
1135061900,중계본동,노원구,55.66,2.0,558.3,2.292,0.0294,0.9454,0.0252,18,0.69,33.21,0.7685,27.39,0.6558,10579.1,0.1979288530698904,2435837.0,2.181556338277089,23079.0,7763,4793,360
1135062100,중계1동,노원구,55.66,2.0,558.3,2.292,0.0294,0.9454,0.0252,18,2.41,33.21,0.7685,27.39,0.6558,42308.4,0.1774101756649087,2435837.0,0.6229729480024311,26357.0,7763,4793,360
1135062400,중계4동,노원구,51.09,1.8,492.13,1.6552,0.0581,0.9127,0.0291,157,6.4,32.79,0.7227,23.15,0.535,12625.6,0.2139614963218031,2973244.0,1.5181047984495022,19167.0,26232,15181,814
1135062500,중계2.3동,노원구,55.66,2.0,558.3,2.292,0.0294,0.9454,0.0252,18,1.63,33.21,0.7685,27.39,0.6558,35484.2,0.2310666503007241,2435837.0,0.9183804956780356,32588.0,7763,4793,360
1135063000,상계1동,노원구,48.97,1.8,461.6,1.486,0.0702,0.899,0.0308,139,1.52,32.47,0.6871,19.79,0.4392,6854.3,0.243818068805232,3106377.0,5.398483718208765,37003.0,18469,10388,454
1135064000,상계2동,노원구,48.97,1.8,461.6,1.486,0.0702,0.899,0.0308,139,13.21,32.47,0.6871,19.79,0.4392,30794.2,0.2636382601439449,3106377.0,0.6226489470859548,19174.0,18469,10388,454
1135066500,상계3.4동,노원구,48.97,1.8,461.6,1.486,0.0702,0.899,0.0308,139,1.58,32.47,0.6871,19.79,0.4392,5273.2,0.2192484159930085,3106377.0,5.207882552877278,27462.0,18469,10388,454
1135067000,상계5동,노원구,48.97,1.8,461.6,1.486,0.0702,0.899,0.0308,139,9.07,32.47,0.6871,19.79,0.4392,25462.6,0.2385575589459084,3106377.0,0.9061132847280132,23072.0,18469,10388,454
1135069500,상계6.7동,노원구,48.97,1.8,461.6,1.486,0.0702,0.899,0.0308,139,5.67,32.47,0.6871,19.79,0.4392,21721.0,0.2765511325729898,3106377.0,1.449153925187527,31477.0,18469,10388,454
1135070000,상계8동,노원구,48.97,1.8,461.6,1.486,0.0702,0.899,0.0308,139,12.35,32.47,0.6871,19.79,0.4392,32893.8,0.324627887864122,3106377.0,0.6658402351533523,21902.0,18469,10388,454
1135071000,상계9동,노원구,48.97,1.8,461.6,1.486,0.0702,0.899,0.0308,139,11.44,32.47,0.6871,19.79,0.4392,27376.3,0.2567189960879947,3106377.0,0.7189792112597636,19683.0,18469,10388,454
1135072000,상계10동,노원구,48.97,1.8,461.6,1.486,0.0702,0.899,0.0308,139,10.17,32.47,0.6871,19.79,0.4392,22600.9,0.2828454172366621,3106377.0,0.8085968920433795,18275.0,18469,10388,454
1138051000,녹번동,은평구,58.94,6.0,645.7,1.9882,0.4748,0.4133,0.1119,494,20.08,30.07,0.589,7.8,0.455,20163.6,0.2826201211584742,3247717.0,1.7928885926640146,36151.0,3414,1846,1868
1138052000,불광제1동,은평구,54.24,7.5,532.03,1.5878,0.5048,0.4457,0.0495,467,11.53,34.95,0.702,6.26,0.5381,12020.7,0.2652653452685422,3350721.0,3.122614191161749,37536.0,5275,2704,2186
1138053000,불광제2동,은평구,54.24,7.5,532.03,1.5878,0.5048,0.4457,0.0495,467,25.81,34.95,0.702,6.26,0.5381,19197.0,0.2848661364400134,3350721.0,1.3950583150902642,26781.0,5275,2704,2186
1138055100,갈현제1동,은평구,71.97,34.1,472.35,1.4019,0.7844,0.2034,0.0123,294,30.2,31.06,0.5636,6.11,0.467,15197.4,0.2861939020212402,3369411.0,0.9603643929415254,14595.0,2365,1044,1356
1138055200,갈현제2동,은평구,71.97,34.1,472.35,1.4019,0.7844,0.2034,0.0123,294,29.46,31.06,0.5636,6.11,0.467,27978.3,0.2733543913153977,3369411.0,0.9844411030101792,27543.0,2365,1044,1356
1138056000,구산동,은평구,74.74,26.3,429.31,1.5036,0.6937,0.2944,0.012,263,34.56,29.15,0.495,7.5,0.4153,22700.2,0.2559555908009516,2855122.0,1.388754754128713,31525.0,1420,506,1642
1138057000,대조동,은평구,71.51,24.3,600.45,1.3205,0.3445,0.4798,0.1757,510,41.12,32.64,0.6278,6.11,0.5044,32115.1,0.3629445338797014,4547166.0,0.8510647011472164,27332.0,4104,1146,1822
1138058000,응암제1동,은평구,65.06,9.8,685.53,2.026,0.2697,0.5535,0.1768,272,50.19,33.8,0.6744,7.48,0.5828,29464.1,0.2896838755087676,3383731.0,1.1090438926085848,32677.0,6941,3542,1353
1138059000,응암제2동,은평구,65.06,9.8,685.53,2.026,0.2697,0.5535,0.1768,272,73.76,33.8,0.6744,7.48,0.5828,36261.2,0.2441350581012935,3383731.0,0.7546903857188577,27366.0,6941,3542,1353
1138060000,응암제3동,은평구,65.06,9.8,685.53,2.026,0.2697,0.5535,0.1768,272,74.0,33.8,0.6744,7.48,0.5828,31258.2,0.279760132692553,3383731.0,0.752218723870843,23513.0,6941,3542,1353
1138062500,역촌동,은평구,86.62,34.0,529.8,1.5213,0.7555,0.1466,0.0979,595,56.19,28.97,0.5046,6.62,0.3927,37981.6,0.2710263355564155,3482662.0,1.156690831493452,43933.0,2401,1071,2725
1138063100,신사제1동,은평구,71.99,21.6,480.73,1.5966,0.5537,0.3419,0.1044,260,29.71,32.26,0.6172,6.7,0.5222,32838.1,0.2796335394359825,3011048.0,0.8077200241344538,26524.0,2691,1393,1328
1138063200,신사제2동,은평구,71.99,21.6,480.73,1.5966,0.5537,0.3419,0.1044,260,22.96,32.26,0.6172,6.7,0.5222,18151.9,0.2675343837276703,3011048.0,1.0454542618807765,18977.0,2691,1393,1328
1138064000,증산동,은평구,54.16,1.1,742.25,2.3084,0.2392,0.7539,0.0069,173,66.9,38.33,0.7733,6.22,0.6637,22726.0,0.2736193643351687,3215428.0,0.8071364694132803,18343.0,1158,663,1127
1138065000,수색동,은평구,52.55,1.2,750.74,1.9927,0.1284,0.8716,0.0,25,121.02,30.21,0.4594,17.52,0.6528,15473.3,0.2989721734770619,3767397.0,1.2889940882150197,19945.0,1877,1141,481
1138069000,진관동,은평구,54.39,8.7,507.39,3.3096,0.0057,0.6319,0.3624,43,4.15,15.81,0.035,15.68,0.6511,4705.7,0.2354779986392806,1533080.0,11.556755625063191,54383.0,6965,3045,1155
1141052000,천연동,서대문구,54.38,0.3,776.46,2.2802,0.0827,0.9141,0.0031,190,4.07,41.66,0.734,8.84,0.7584,16923.2,0.2557761732851986,3405222.0,0.9820858037136796,16620.0,1281,719,778
1141055500,북아현동,서대문구,53.57,13.9,876.88,1.3974,0.1265,0.4895,0.3841,248,54.51,41.91,0.7729,5.94,0.7646,33687.9,0.304316872694324,6274899.0,0.4586518813887063,15451.0,5455,2136,1028
1141056500,충현동,서대문구,46.93,5.6,820.21,1.612,0.1457,0.7266,0.1277,282,21.97,46.01,0.8082,5.18,0.7985,17645.7,0.3229494867364569,5088070.0,1.1151712529589508,19678.0,4316,1921,1615
1141058500,신촌동,서대문구,71.55,50.8,844.91,1.3259,0.3212,0.1453,0.5335,350,9.01,37.78,0.6816,5.32,0.6494,7489.8,0.602387150645906,6372396.0,2.718219868558421,20359.0,4770,798,1305
1141061500,연희동,서대문구,64.62,12.8,551.83,1.7829,0.5306,0.2441,0.2254,540,20.5,37.4,0.7048,4.75,0.6994,11652.2,0.3825900841469493,3095117.0,2.9270882490316863,34107.0,2995,726,2911
1141062000,홍제제1동,서대문구,54.96,1.3,640.41,2.0373,0.2388,0.7298,0.0314,163,22.95,37.02,0.7254,8.79,0.6391,20049.7,0.2706599886905242,3143404.0,1.2348334052704113,24758.0,3953,2390,835
1141064000,홍제제3동,서대문구,54.96,1.3,640.41,2.0373,0.2388,0.7298,0.0314,163,23.45,37.02,0.7254,8.79,0.6391,14677.3,0.2635645798082346,3143404.0,1.2079916605318353,17730.0,3953,2390,835
1141065500,홍제제2동,서대문구,54.96,1.3,640.41,2.0373,0.2388,0.7298,0.0314,163,40.51,37.02,0.7254,8.79,0.6391,18868.9,0.2597363236854069,3143404.0,0.6994577528954172,13198.0,3953,2390,835
1141066000,홍은제1동,서대문구,63.5,6.1,559.45,2.2219,0.4006,0.5708,0.0286,232,33.49,37.48,0.6998,6.42,0.6569,13906.1,0.2533309326611451,2517944.0,1.5975731965686475,22216.0,2833,1636,1550
1141068500,홍은제2동,서대문구,63.5,6.1,559.45,2.2219,0.4006,0.5708,0.0286,232,25.8,37.48,0.6998,6.42,0.6569,13799.3,0.2857092929787159,2517944.0,2.073509617443637,28613.0,2833,1636,1550
1141069000,남가좌제1동,서대문구,54.92,4.4,788.15,1.9764,0.1459,0.8517,0.0023,173,25.25,30.77,0.5909,11.36,0.63,35148.3,0.2288947431445336,3987835.0,0.4751864436371864,16702.0,3865,1960,769
1141070000,남가좌제2동,서대문구,54.92,4.4,788.15,1.9764,0.1459,0.8517,0.0023,173,15.32,30.77,0.5909,11.36,0.63,37239.6,0.2818244170096022,3987835.0,0.7830369802803475,29160.0,3865,1960,769
1141071000,북가좌제1동,서대문구,55.26,5.2,558.45,1.6082,0.5606,0.4267,0.0127,202,27.7,33.34,0.6159,7.08,0.5091,30466.4,0.2268129120254603,3472432.0,0.5775550758424148,17596.0,2981,1511,1322
1141072000,북가좌제2동,서대문구,55.26,5.2,558.45,1.6082,0.5606,0.4267,0.0127,202,19.41,33.34,0.6159,7.08,0.5091,37289.0,0.2740167214288038,3472432.0,0.8243452242543763,30739.0,2981,1511,1322
1144055500,아현동,마포구,47.99,9.1,1005.68,1.5485,0.1422,0.6526,0.2053,245,105.13,34.38,0.6519,8.88,0.7366,38122.2,0.3129075229615088,6494566.0,0.7482780870368088,28526.0,10045,5386,1223
1144056500,공덕동,마포구,51.11,11.0,931.13,1.4079,0.0909,0.6373,0.2718,350,53.67,34.72,0.6549,10.06,0.7498,35918.7,0.3363765580581675,6613651.0,1.0185226144623485,36584.0,12659,6189,1565
1144058500,도화동,마포구,52.13,8.3,757.64,1.0892,0.1505,0.5886,0.2609,58,17.35,36.96,0.6175,12.55,0.7157,33007.5,0.2978413776376425,6955798.0,0.624554471771684,20615.0,3469,1652,262
1144059000,용강동,마포구,47.98,4.3,922.41,1.4213,0.2297,0.6368,0.1336,208,89.24,33.68,0.5813,11.03,0.6613,26913.4,0.2553851942432508,6489956.0,0.7900159470397212,21262.0,8961,4798,1011
1144060000,대흥동,마포구,51.37,5.4,950.34,1.4852,0.2863,0.5639,0.1498,248,40.51,35.2,0.6723,7.4,0.6844,17094.7,0.4250120781282352,6398630.0,0.8475704667223432,14489.0,4886,2289,864
1144061000,염리동,마포구,50.24,13.2,979.24,1.5692,0.1555,0.5861,0.2584,221,114.03,34.71,0.6614,7.7,0.8068,33873.7,0.304265177616728,6240547.0,0.4969641641472359,16834.0,5794,3125,718
1144063000,신수동,마포구,47.52,1.2,955.79,1.7037,0.2692,0.6864,0.0445,209,35.54,32.81,0.5839,9.97,0.6112,27755.3,0.3010529169867594,5610099.0,0.7972896333683109,22129.0,4295,2390,766
1144065500,서강동,마포구,50.1,3.7,807.69,1.2977,0.2949,0.6454,0.0597,284,20.98,31.5,0.5501,10.8,0.5018,16615.8,0.3580825153749032,6224173.0,1.4776937800864374,24553.0,3133,1176,998
1144066000,서교동,마포구,76.29,30.3,818.12,0.8626,0.4829,0.3083,0.2089,594,22.06,34.35,0.6258,7.03,0.5128,14361.0,0.4700510564111079,9484880.0,1.6775346278278371,24091.0,4898,1141,1818
1144068000,합정동,마포구,55.74,9.1,735.62,1.1361,0.7837,0.0815,0.1348,281,18.7,31.89,0.6281,6.46,0.3877,9579.6,0.4027574426549536,6475103.0,1.7111313968054631,16392.0,2723,1314,1153
1144069000,망원제1동,마포구,62.03,8.8,678.65,1.1745,0.7748,0.2252,0.0,314,14.54,30.62,0.6077,7.37,0.3807,17412.3,0.3493762071305528,5778314.0,1.1001982478879784,19157.0,3481,1718,1069
1144070000,망원제2동,마포구,62.03,8.8,678.65,1.1745,0.7748,0.2252,0.0,314,23.67,30.62,0.6077,7.37,0.3807,26621.7,0.3008224963876847,5778314.0,0.6759150220603931,17994.0,3481,1718,1069
1144071000,연남동,마포구,63.65,14.9,640.98,0.9476,0.8986,0.0995,0.0019,431,55.64,32.77,0.5842,5.37,0.522,22078.6,0.4082189862783534,6764541.0,0.6469627479165596,14284.0,1588,376,1364
1144072000,성산제1동,마포구,54.26,16.0,667.58,1.494,0.2372,0.2855,0.4772,233,31.45,30.67,0.5884,9.67,0.419,21633.5,0.3387348586810229,4468475.0,0.8586227768147766,18575.0,8966,2782,988
1144073000,성산제2동,마포구,54.46,14.2,664.61,1.533,0.2478,0.306,0.4462,290,16.69,31.08,0.6011,10.25,0.4394,19608.8,0.344501186423192,4335235.0,1.977273316798634,38772.0,9589,3159,1263
1144074000,상암동,마포구,52.46,9.0,622.11,1.9456,0.0621,0.5805,0.3574,165,0.36,25.91,0.2222,15.65,0.6319,3536.8,0.2611799568965517,3197588.0,8.39629095398473,29696.0,5655,1805,652
1147051000,목1동,양천구,54.85,6.7,763.68,1.8319,0.3727,0.5051,0.1223,167,12.15,28.71,0.5267,12.18,0.3614,21142.8,0.1902701631547658,4168863.0,1.43206814727914,30278.0,14633,8015,817
1147052000,목2동,양천구,54.85,6.7,763.68,1.8319,0.3727,0.5051,0.1223,167,17.05,28.71,0.5267,12.18,0.3614,28417.3,0.3267937799537979,4168863.0,1.020612387401023,29003.0,14633,8015,817
1147053000,목3동,양천구,54.85,6.7,763.68,1.8319,0.3727,0.5051,0.1223,167,32.74,28.71,0.5267,12.18,0.3614,40047.9,0.3247509866566435,4168863.0,0.5314639163368732,21284.0,14633,8015,817
1147054000,목4동,양천구,54.85,6.7,763.68,1.8319,0.3727,0.5051,0.1223,167,30.15,28.71,0.5267,12.18,0.3614,42462.5,0.2627326150832517,4168863.0,0.5770737998581845,24504.0,14633,8015,817
1147055000,목5동,양천구,54.85,6.7,763.68,1.8319,0.3727,0.5051,0.1223,167,9.86,28.71,0.5267,12.18,0.3614,23046.6,0.1834853364143661,4168863.0,1.7650737118870805,40679.0,14633,8015,817
1147056000,신월1동,양천구,61.78,12.8,504.77,1.8523,0.4491,0.5176,0.0333,194,20.67,32.08,0.7057,8.1,0.4065,31425.3,0.2450754668713226,2725120.0,0.6219515840535602,19545.0,7028,3989,837
1147057000,신월2동,양천구,61.78,12.8,504.77,1.8523,0.4491,0.5176,0.0333,194,21.2,32.08,0.7057,8.1,0.4065,34358.4,0.2493520207353364,2725120.0,0.606373176052303,20834.0,7028,3989,837
1147058000,신월3동,양천구,61.78,12.8,504.77,1.8523,0.4491,0.5176,0.0333,194,14.02,32.08,0.7057,8.1,0.4065,15686.0,0.2510076441973592,2725120.0,0.9173797440192822,14390.0,7028,3989,837
1147059000,신월4동,양천구,61.78,12.8,504.77,1.8523,0.4491,0.5176,0.0333,194,27.38,32.08,0.7057,8.1,0.4065,37207.1,0.2302804808242702,2725120.0,0.4695345178777235,17470.0,7028,3989,837
1147060000,신월5동,양천구,61.78,12.8,504.77,1.8523,0.4491,0.5176,0.0333,194,20.15,32.08,0.7057,8.1,0.4065,22065.2,0.2676136363636364,2725120.0,0.6381084342484997,14080.0,7028,3989,837
1147061000,신월6동,양천구,61.78,12.8,504.77,1.8523,0.4491,0.5176,0.0333,194,28.96,32.08,0.7057,8.1,0.4065,31292.9,0.2645217015763334,2725120.0,0.443965829853224,13893.0,7028,3989,837
1147061100,신월7동,양천구,61.78,12.8,504.77,1.8523,0.4491,0.5176,0.0333,194,10.46,32.08,0.7057,8.1,0.4065,15175.5,0.2490622655663916,2725120.0,1.229742632944702,18662.0,7028,3989,837
1147062000,신정1동,양천구,44.71,3.7,658.75,1.6957,0.1634,0.7656,0.071,196,26.1,29.92,0.5633,14.49,0.4637,26396.7,0.1966124042801359,3884898.0,0.7470264143285434,19719.0,15249,8753,718
1147063000,신정2동,양천구,44.71,3.7,658.75,1.6957,0.1634,0.7656,0.071,196,37.11,29.92,0.5633,14.49,0.4637,35896.1,0.1978901611535199,3884898.0,0.5255164171944339,18864.0,15249,8753,718
1147064000,신정3동,양천구,44.71,3.7,658.75,1.6957,0.1634,0.7656,0.071,196,7.08,29.92,0.5633,14.49,0.4637,18066.1,0.2417410176030865,3884898.0,2.7545477312107387,49764.0,15249,8753,718
1147065000,신정4동,양천구,44.71,3.7,658.75,1.6957,0.1634,0.7656,0.071,196,19.57,29.92,0.5633,14.49,0.4637,32056.7,0.3095297727130424,3884898.0,0.9964213134420408,31942.0,15249,8753,718
1147067000,신정6동,양천구,44.71,3.7,658.75,1.6957,0.1634,0.7656,0.071,196,20.74,29.92,0.5633,14.49,0.4637,25464.8,0.2136830674129145,3884898.0,0.9402009535468376,23942.0,15249,8753,718
1147068000,신정7동,양천구,44.71,3.7,658.75,1.6957,0.1634,0.7656,0.071,196,15.81,29.92,0.5633,14.49,0.4637,22985.1,0.2084597474070415,3884898.0,1.23323441147065,28346.0,15249,8753,718
1150051000,염창동,강서구,52.52,12.2,694.56,1.792,0.0712,0.6866,0.2422,37,6.49,24.27,0.3146,36.21,0.3429,23863.4,0.305899419729207,3875957.0,1.733196046375561,41360.0,10705,5635,532
1150052000,등촌제1동,강서구,69.05,34.0,726.06,1.6454,0.1915,0.3632,0.4453,94,21.53,26.62,0.4746,20.07,0.3225,38327.2,0.457047706937367,4412693.0,0.6502691617402474,24923.0,10418,4515,462
1150053000,등촌제2동,강서구,69.05,34.0,726.06,1.6454,0.1915,0.3632,0.4453,94,15.38,26.62,0.4746,20.07,0.3225,21340.5,0.311740473738414,4412693.0,0.910005509587704,19420.0,10418,4515,462
1150053500,등촌제3동,강서구,69.05,34.0,726.06,1.6454,0.1915,0.3632,0.4453,94,13.21,26.62,0.4746,20.07,0.3225,27837.0,0.2679346352047735,4412693.0,1.0595965667506249,29496.0,10418,4515,462
1150054000,화곡제1동,강서구,81.29,39.4,583.51,1.599,0.5303,0.2357,0.234,287,33.32,27.85,0.47,8.26,0.3289,42692.3,0.3816747572815534,3649314.0,1.1966553716523989,51088.0,22459,8312,1334
1150055000,화곡제2동,강서구,81.29,39.4,583.51,1.599,0.5303,0.2357,0.234,287,87.77,27.85,0.47,8.26,0.3289,37731.3,0.2922816638469167,3649314.0,0.4542915848018447,17141.0,22459,8312,1334
1150056000,화곡제3동,강서구,81.29,39.4,583.51,1.599,0.5303,0.2357,0.234,287,76.47,27.85,0.47,8.26,0.3289,40556.6,0.2904766408170985,3649314.0,0.5214442467792646,21148.0,22459,8312,1334
1150057000,화곡제4동,강서구,81.29,39.4,583.51,1.599,0.5303,0.2357,0.234,287,46.83,27.85,0.47,8.26,0.3289,23274.9,0.2763788666296614,3649314.0,0.8514316625077106,19817.0,22459,8312,1334
1150059000,화곡본동,강서구,81.29,39.4,583.51,1.599,0.5303,0.2357,0.234,287,41.04,27.85,0.47,8.26,0.3289,34001.1,0.3541073914885889,3649314.0,0.9716742816671352,33038.0,22459,8312,1334
1150059100,화곡제6동,강서구,81.29,39.4,583.51,1.599,0.5303,0.2357,0.234,287,38.45,27.85,0.47,8.26,0.3289,23952.9,0.3547880690737833,3649314.0,1.0371607494609143,24843.0,22459,8312,1334
1150059300,화곡제8동,강서구,81.29,39.4,583.51,1.599,0.5303,0.2357,0.234,287,67.21,27.85,0.47,8.26,0.3289,39704.9,0.3138187221396731,3649314.0,0.5932512422777197,23555.0,22459,8312,1334
1150060300,가양제1동,강서구,51.69,20.0,644.0,2.1345,0.0258,0.4266,0.5476,20,2.52,21.44,0.3278,39.91,0.3998,6990.9,0.4948553621825023,3017095.0,4.865764986732689,34016.0,24630,9408,231
1150060400,가양제2동,강서구,46.46,9.6,658.7,1.7113,0.0486,0.7321,0.2193,6,0.3,29.35,0.6203,60.87,0.3144,16396.6,0.2626120453366916,3849097.0,0.8232780501876679,13499.0,5783,3171,84
1150060500,가양제3동,강서구,46.46,9.6,658.7,1.7113,0.0486,0.7321,0.2193,6,0.53,29.35,0.6203,60.87,0.3144,30087.9,0.294792399718508,3849097.0,0.4722836404729739,14210.0,5783,3171,84
1150061100,발산제1동,강서구,54.31,20.8,631.67,2.2757,0.0578,0.4203,0.5219,88,8.66,23.64,0.2885,17.42,0.3882,12382.2,0.2261404981808004,2775747.0,2.885594606892885,35730.0,23538,8315,737
1150061500,우장산동,강서구,75.85,33.0,590.63,1.6221,0.4746,0.329,0.1963,358,41.15,26.99,0.4223,10.35,0.3419,34736.1,0.2404832043113881,3641231.0,1.2606779893907902,43791.0,27091,10366,1868
1150062000,공항동,강서구,58.49,22.0,613.9,2.4743,0.1048,0.3693,0.5259,491,4.45,29.48,0.5128,9.57,0.567,2707.1,0.2916821200984524,2481075.0,10.955944847618143,29659.0,26556,9726,1540
1150063000,방화제1동,강서구,58.49,22.0,613.9,2.1246,0.1048,0.3693,0.5259,491,33.06,29.46,0.5119,9.65,0.5628,28594.5,0.2479129114884735,2889424.0,1.4745478213620575,42164.0,26556,9726,1526
1150064000,방화제2동,강서구,65.39,12.0,574.47,2.6093,0.2088,0.5629,0.2282,206,4.75,34.42,0.6914,7.14,0.7276,3691.3,0.3014132875445779,2201593.0,6.153143123495626,22713.0,6125,2932,998
1150064100,방화제3동,강서구,65.39,12.0,574.47,2.001,0.2083,0.5633,0.2284,169,5.96,32.34,0.6193,10.72,0.5751,8624.0,0.2441501904589152,2870917.0,2.557045329153736,22052.0,6121,2932,621
1153051000,신도림동,구로구,56.02,15.0,761.38,2.2752,0.0179,0.6927,0.2895,91,1.44,38.73,0.6742,23.3,0.659,25772.9,0.2779760245330359,3346402.0,1.391772765971076,35870.0,3859,1856,525
1153052000,구로제1동,구로구,64.0,19.4,551.88,1.68,0.1285,0.4973,0.3741,422,10.32,33.66,0.6905,7.91,0.5943,20391.6,0.2902519700359957,3285041.0,1.0081580885646009,20558.0,12268,4857,1252
1153053000,구로제2동,구로구,64.0,19.4,551.88,1.68,0.1285,0.4973,0.3741,422,6.11,33.66,0.6905,7.91,0.5943,13240.0,0.2472044728434504,3285041.0,1.7021145506901252,22536.0,12268,4857,1252
1153054000,구로제3동,구로구,64.0,19.4,551.88,1.68,0.1285,0.4973,0.3741,422,10.01,33.66,0.6905,7.91,0.5943,22442.9,0.388536397153391,3285041.0,1.039346944374484,23326.0,12268,4857,1252
1153055000,구로제4동,구로구,64.0,19.4,551.88,1.68,0.1285,0.4973,0.3741,422,19.84,33.66,0.6905,7.91,0.5943,35820.2,0.2835836795568339,3285041.0,0.5241178132560111,18774.0,12268,4857,1252
1153056000,구로제5동,구로구,64.0,19.4,551.88,1.68,0.1285,0.4973,0.3741,422,10.28,33.66,0.6905,7.91,0.5943,28849.5,0.3623064272988899,3285041.0,1.0117337410060057,29188.0,12268,4857,1252
1153059500,가리봉동,구로구,62.55,25.2,509.44,1.4609,0.7367,0.0604,0.2029,396,99.83,34.73,0.7469,3.71,0.6899,21383.1,0.3491232065588704,3487281.0,0.4106989086030989,8782.0,695,286,1193
1153072000,고척제1동,구로구,63.85,7.3,509.51,1.7736,0.1527,0.7426,0.1046,244,30.42,34.65,0.7286,8.03,0.6697,22883.3,0.3190503323836657,2872799.0,1.1504030764553037,26325.0,3326,1399,1196
1153073000,고척제2동,구로구,63.85,7.3,509.51,1.7736,0.1527,0.7426,0.1046,244,34.16,34.65,0.7286,8.03,0.6697,25288.7,0.2382587890248138,2872799.0,1.024687353302526,25913.0,3326,1399,1196
1153074000,개봉제1동,구로구,57.28,11.6,513.14,1.7507,0.3937,0.5706,0.0357,224,26.53,30.97,0.5966,8.93,0.5127,25179.0,0.2711400102351064,2931131.0,1.3193136020731944,33219.0,5126,2430,1259
1153075000,개봉제2동,구로구,57.28,11.6,513.14,1.7507,0.3937,0.5706,0.0357,224,44.76,30.97,0.5966,8.93,0.5127,38216.3,0.2431980188079381,2931131.0,0.7818905587421366,29881.0,5126,2430,1259
1153076000,개봉제3동,구로구,57.28,11.6,513.14,1.7507,0.3937,0.5706,0.0357,224,42.28,30.97,0.5966,8.93,0.5127,23802.3,0.2374644742184328,2931131.0,0.8278189913390529,19704.0,5126,2430,1259
1153077000,오류제1동,구로구,77.09,34.1,519.7,1.8895,0.2036,0.3725,0.424,194,41.26,32.69,0.6309,9.12,0.5773,31293.5,0.3820595086362238,2750477.0,0.7270828222397656,22753.0,4642,1500,968
1153078000,오류제2동,구로구,60.49,20.7,436.03,1.6506,0.1207,0.6071,0.2722,195,9.81,29.49,0.524,12.77,0.5628,12257.8,0.2345112681690892,2641567.0,3.058878520064113,37495.0,7887,2581,1190
1153079000,수궁동,구로구,54.46,11.9,378.44,1.9433,0.8036,0.1964,0.0,144,14.66,26.25,0.4765,10.42,0.2688,8562.7,0.2458721236606358,1947427.0,2.659440569219275,22772.0,1431,687,945
1153080000,항동,구로구,57.43,2.4,547.38,,0.0767,0.9233,0.0,27,4.15,11.51,0.0745,20.68,0.5518,,,,1.4459024639735227,,1512,460,299
1154551000,가산동,금천구,94.12,74.5,742.29,2.3288,0.1294,0.2047,0.6659,332,13.14,31.34,0.5874,9.62,0.599,9840.2,0.5467643368812983,3187423.0,2.5110196953220623,24709.0,6381,1421,763
1154561000,독산제1동,금천구,78.55,42.5,681.83,2.2048,0.2521,0.2973,0.4506,870,21.23,31.57,0.6613,7.54,0.561,22530.9,0.3960105981948603,3092458.0,2.060413430001076,46423.0,10940,4423,1350
1154562000,독산제2동,금천구,78.55,42.5,681.83,2.2048,0.2521,0.2973,0.4506,870,70.94,31.57,0.6613,7.54,0.561,28996.9,0.2752180720196824,3092458.0,0.6167554969069016,17884.0,10940,4423,1350
1154563000,독산제3동,금천구,78.55,42.5,681.83,2.2048,0.2521,0.2973,0.4506,870,46.83,31.57,0.6613,7.54,0.561,25426.5,0.3130998484593366,3092458.0,0.9342992367530072,23756.0,10940,4423,1350
1154564000,독산제4동,금천구,78.55,42.5,681.83,2.2048,0.2521,0.2973,0.4506,870,74.08,31.57,0.6613,7.54,0.561,24789.3,0.273155737704918,3092458.0,0.5905777867720436,14640.0,10940,4423,1350
1154567000,시흥제1동,금천구,70.25,24.3,502.51,1.7281,0.3947,0.419,0.1863,674,15.37,32.68,0.7037,7.88,0.5747,21160.9,0.286228734633056,2907949.0,1.5222419921185306,32212.0,5325,2798,1073
1154568000,시흥제2동,금천구,70.25,24.3,502.51,1.7281,0.3947,0.419,0.1863,674,17.89,32.68,0.7037,7.88,0.5747,15740.3,0.2108612231019575,2907949.0,1.3079178679647536,20587.0,5325,2798,1073
1154569000,시흥제3동,금천구,70.25,24.3,502.51,1.7281,0.3947,0.419,0.1863,674,18.56,32.68,0.7037,7.88,0.5747,8144.6,0.2436197155659458,2907949.0,1.2604652821368687,10266.0,5325,2798,1073
1154570000,시흥제4동,금천구,70.25,24.3,502.51,1.7281,0.3947,0.419,0.1863,674,28.5,32.68,0.7037,7.88,0.5747,23827.6,0.2428315870176335,2907949.0,0.8211059386114624,19565.0,5325,2798,1073
1154571000,시흥제5동,금천구,70.25,24.3,502.51,1.7281,0.3947,0.419,0.1863,674,16.88,32.68,0.7037,7.88,0.5747,13154.8,0.23376480912681,2907949.0,1.385953307240518,18232.0,5325,2798,1073
1156051500,영등포본동,영등포구,50.61,5.9,799.18,2.1593,0.1893,0.714,0.0967,477,32.68,37.42,0.7562,5.61,0.7587,24711.8,0.2892822966507177,3701041.0,0.8457489302886876,20900.0,9825,5523,1478
1156053500,영등포동,영등포구,72.05,43.3,909.98,1.3308,0.1439,0.2562,0.5999,366,11.3,41.83,0.6785,7.34,0.8406,22281.3,0.5430357376619976,6837604.0,1.3713763105959298,30556.0,12566,4443,1414
1156054000,여의동,영등포구,37.62,9.9,827.07,0.7612,0.0,0.5689,0.4311,0,0.47,47.14,0.8911,102.13,0.0571,3921.6,0.2530546818291798,10865080.0,8.431315740357293,33064.0,4270,2218,105
1156055000,당산제1동,영등포구,62.91,18.6,834.65,1.5241,0.1904,0.5305,0.2791,193,28.2,35.42,0.7337,8.38,0.8079,28201.1,0.4087511307908394,5476465.0,0.7447591147104619,21003.0,3934,1471,833
1156056000,당산제2동,영등포구,64.24,20.0,914.31,2.068,0.1137,0.3968,0.4895,97,4.43,35.74,0.5622,11.6,0.7397,23256.5,0.4074084154373741,4421227.0,1.5798609287508851,36742.0,7170,2690,999
1156058500,도림동,영등포구,60.5,20.5,688.4,2.2885,0.2382,0.2493,0.5125,602,42.7,36.44,0.8004,3.97,0.7371,30033.0,0.3287266109310129,3008021.0,0.5854553412496291,17583.0,1885,794,1651
1156060500,문래동,영등포구,56.61,13.0,698.67,1.4724,0.0184,0.6328,0.3488,5,0.56,41.58,0.6081,15.63,0.8215,18004.9,0.2825857027312885,4745179.0,1.785402731093962,32146.0,3483,1808,577
1156061000,양평제1동,영등포구,65.83,31.4,772.49,1.4751,0.0853,0.3428,0.5719,64,14.88,38.05,0.749,8.3,0.8598,18666.6,0.4135276326642838,5236819.0,0.974200447472836,18185.0,3915,1864,560
1156062000,양평제2동,영등포구,70.78,39.1,837.53,1.9865,0.2835,0.2558,0.4607,62,4.7,31.57,0.5197,11.12,0.6396,7830.8,0.4067751400373433,4216031.0,2.8724957729053204,22494.0,5168,2391,634
1156063000,신길제1동,영등포구,50.77,5.9,801.38,2.1836,0.1826,0.7104,0.1069,326,30.65,36.13,0.7666,5.47,0.7424,26741.7,0.3725023294336888,3670041.0,0.7223923824144116,19318.0,8668,4796,1025
1156065000,신길제3동,영등포구,50.77,5.9,801.38,2.1836,0.1826,0.7104,0.1069,326,42.61,36.13,0.7666,5.47,0.7424,30944.7,0.2675040417858475,3670041.0,0.5197018126125077,16082.0,8668,4796,1025
1156066000,신길제4동,영등포구,50.77,5.9,801.38,2.1836,0.1826,0.7104,0.1069,326,68.69,36.13,0.7666,5.47,0.7424,37997.4,0.2610825373499877,3670041.0,0.3223644790039472,12249.0,8668,4796,1025
1156067000,신길제5동,영등포구,53.02,6.1,761.85,2.0567,0.2174,0.673,0.1096,601,90.82,34.59,0.7494,5.34,0.7169,20241.2,0.241079460269865,3704310.0,0.4942898647847579,10005.0,12017,6273,1989
1156068000,신길제6동,영등포구,50.77,5.9,801.38,2.1836,0.1826,0.7104,0.1069,326,35.84,36.13,0.7666,5.47,0.7424,28839.7,0.3241863075196408,3670041.0,0.6178988532489748,17820.0,8668,4796,1025
1156069000,신길제7동,영등포구,50.77,5.9,801.38,2.1836,0.1826,0.7104,0.1069,326,34.24,36.13,0.7666,5.47,0.7424,30676.1,0.2886883758443391,3670041.0,0.6466931713693795,19838.0,8668,4796,1025
1156070000,대림제1동,영등포구,60.31,7.0,633.5,1.6801,0.3073,0.5763,0.1165,276,45.63,33.08,0.7326,5.2,0.6897,27706.9,0.2634817227651104,3770702.0,0.4986117674963767,13815.0,3349,1477,964
1156071000,대림제2동,영등포구,60.31,7.0,633.5,1.6801,0.3073,0.5763,0.1165,276,39.76,33.08,0.7326,5.2,0.6897,20719.1,0.3128058039480344,3770702.0,0.5721283834858186,11854.0,3349,1477,964
1156072000,대림제3동,영등포구,60.31,7.0,633.5,1.6801,0.3073,0.5763,0.1165,276,24.7,33.08,0.7326,5.2,0.6897,23476.1,0.2729627231523448,3770702.0,0.9210217114466988,21622.0,3349,1477,964
1159051000,노량진제1동,동작구,47.14,8.6,774.41,1.5637,0.1712,0.6518,0.177,418,10.23,39.06,0.8076,5.56,0.804,19868.5,0.3589423407111416,4952292.0,1.6122486505854003,32033.0,3903,1903,1860
1159052000,노량진제2동,동작구,48.64,13.3,789.1,1.4446,0.2024,0.5622,0.2354,327,24.16,40.36,0.8605,4.99,0.7866,17154.8,0.3753278290432248,5462395.0,0.6001241216779689,10295.0,2935,1229,1141
1159053000,상도제1동,동작구,58.97,4.4,743.08,1.9069,0.4925,0.4997,0.0077,395,42.7,30.49,0.5385,6.57,0.5731,29993.3,0.3648864582630027,3896836.0,1.481432640061388,44433.0,9583,4843,2164
1159054000,상도제2동,동작구,58.29,3.2,746.67,1.9852,0.4549,0.5424,0.0026,282,59.42,30.08,0.5382,7.12,0.5752,35371.2,0.3057058802164675,3761237.0,0.7784020275319241,27533.0,8733,4688,1525
1159055000,상도제3동,동작구,58.29,3.2,746.67,1.9852,0.4549,0.5424,0.0026,282,72.62,30.08,0.5382,7.12,0.5752,37622.6,0.3332776896753192,3761237.0,0.6369041224948448,23962.0,8733,4688,1525
1159056000,상도제4동,동작구,58.29,3.2,746.67,1.9852,0.4549,0.5424,0.0026,282,49.26,30.08,0.5382,7.12,0.5752,29646.4,0.3170223467701372,3761237.0,0.9388667340850156,27834.0,8733,4688,1525
1159060500,흑석동,동작구,43.53,0.4,919.66,1.7892,0.0771,0.9229,0.0,218,31.63,34.85,0.6441,8.5,0.7819,17574.3,0.2866333333333333,5139919.0,1.70703392258753,30000.0,3296,2029,1339
1159062000,사당제1동,동작구,53.2,4.3,765.03,1.5977,0.426,0.5364,0.0376,284,68.06,30.14,0.6034,6.99,0.5653,35487.8,0.4385100337417865,4788354.0,0.6346976984802543,22524.0,8460,4399,1015
1159063000,사당제2동,동작구,53.41,4.1,775.76,1.7168,0.4111,0.5533,0.0356,285,15.65,29.71,0.5812,7.64,0.5545,10211.5,0.2798723177868416,4518692.0,2.761107601228676,28195.0,8921,4670,1134
1159064000,사당제3동,동작구,53.2,4.3,765.03,1.5977,0.426,0.5364,0.0376,284,47.63,30.14,0.6034,6.99,0.5653,26157.7,0.2783865801230717,4788354.0,0.907037142997832,23726.0,8460,4399,1015
1159065000,사당제4동,동작구,53.2,4.3,765.03,1.5977,0.426,0.5364,0.0376,284,99.12,30.14,0.6034,6.99,0.5653,31790.5,0.3408877661494045,4788354.0,0.4358223270023358,13855.0,8460,4399,1015
1159065100,사당제5동,동작구,53.2,4.3,765.03,1.5977,0.426,0.5364,0.0376,284,63.37,30.14,0.6034,6.99,0.5653,20752.8,0.3190782498056125,4788354.0,0.6816901280909213,14147.0,8460,4399,1015
1159066000,대방동,동작구,53.91,6.2,745.24,1.7278,0.4024,0.5205,0.0771,258,22.67,31.57,0.5302,9.23,0.5854,23122.1,0.3095391511416164,4313205.0,1.5437628820891838,35695.0,2776,1165,1353
1159067000,신대방제1동,동작구,55.14,3.2,697.48,1.781,0.2939,0.5958,0.1102,275,37.79,30.63,0.6142,8.26,0.6195,34556.2,0.2769105412127969,3916227.0,0.6747845446602588,23318.0,3130,1727,960
1159068000,신대방제2동,동작구,55.14,3.2,697.48,1.781,0.2939,0.5958,0.1102,275,26.3,30.63,0.6142,8.26,0.6195,22780.2,0.3372114078768674,3916227.0,0.9697027895363132,22090.0,3130,1727,960
1162052500,보라매동,관악구,66.86,14.1,681.18,1.6152,0.2838,0.4398,0.2764,285,38.8,30.07,0.569,7.12,0.5689,31614.6,0.3605672690763052,4217302.0,0.7561060233759294,23904.0,17865,6119,1127
1162054500,청림동,관악구,66.86,14.1,681.18,1.6152,0.2838,0.4398,0.2764,285,98.79,30.07,0.569,7.12,0.5689,49714.8,0.2706272862755724,4217302.0,0.2969338443861867,14762.0,17865,6119,1127
1162056500,성현동,관악구,66.86,14.1,681.18,1.6152,0.2838,0.4398,0.2764,285,43.28,30.07,0.569,7.12,0.5689,41794.6,0.2491791703442188,4217302.0,0.6777191228618452,28325.0,17865,6119,1127
1162057500,행운동,관악구,66.86,14.1,681.18,1.6152,0.2838,0.4398,0.2764,285,40.87,30.07,0.569,7.12,0.5689,40353.9,0.4733098542918307,4217302.0,0.7177001609514527,28962.0,17865,6119,1127
1162058500,낙성대동,관악구,66.86,14.1,681.18,1.6152,0.2838,0.4398,0.2764,285,12.97,30.07,0.569,7.12,0.5689,7703.2,0.5586175221035711,4217302.0,2.261134485316892,17418.0,17865,6119,1127
1162059500,청룡동,관악구,66.86,14.1,681.18,1.6152,0.2838,0.4398,0.2764,285,24.55,30.07,0.569,7.12,0.5689,30078.2,0.531904828161959,4217302.0,1.1947180123684848,35935.0,17865,6119,1127
1162060500,은천동,관악구,66.86,14.1,681.18,1.6152,0.2838,0.4398,0.2764,285,37.82,30.07,0.569,7.12,0.5689,41852.0,0.3139979052430534,4217302.0,0.7756371485778779,32462.0,17865,6119,1127
1162061500,중앙동,관악구,66.86,14.1,681.18,1.6152,0.2838,0.4398,0.2764,285,76.3,30.07,0.569,7.12,0.5689,39774.5,0.504218167549539,4217302.0,0.3844426776419706,15291.0,17865,6119,1127
1162062500,인헌동,관악구,66.86,14.1,681.18,1.6152,0.2838,0.4398,0.2764,285,26.95,30.07,0.569,7.12,0.5689,23490.6,0.4250117352526991,4217302.0,1.088265711537561,25564.0,17865,6119,1127
1162063000,남현동,관악구,83.78,38.6,710.78,1.4347,0.5474,0.1849,0.2677,211,6.41,25.2,0.4249,7.33,0.3951,5420.7,0.4215620076524871,4954156.0,3.2785715020861264,17772.0,1341,420,815
1162064500,서원동,관악구,73.58,23.7,596.65,1.4996,0.4368,0.3616,0.2016,400,51.0,30.59,0.6511,5.84,0.5646,35531.8,0.501109129659432,3978718.0,0.6470538792064403,22991.0,13396,4043,1249
1162065500,신원동,관악구,73.58,23.7,596.65,1.4996,0.4368,0.3616,0.2016,400,60.6,30.59,0.6511,5.84,0.5646,32498.7,0.4310656571363996,3978718.0,0.5445750235580561,17698.0,13396,4043,1249
1162066500,서림동,관악구,73.58,23.7,596.65,1.4996,0.4368,0.3616,0.2016,400,35.09,30.59,0.6511,5.84,0.5646,24913.0,0.4455445544554455,3978718.0,0.9405547948842404,23432.0,13396,4043,1249
1162068500,신사동,관악구,73.58,23.7,596.65,1.4996,0.4368,0.3616,0.2016,400,51.51,30.59,0.6511,5.84,0.5646,34953.1,0.4549392640228653,3978718.0,0.6406301973048565,22392.0,13396,4043,1249
1162069500,신림동,관악구,73.58,23.7,596.65,1.4996,0.4368,0.3616,0.2016,400,61.02,30.59,0.6511,5.84,0.5646,42483.9,0.6633150517976844,3978718.0,0.540769856588561,22974.0,13396,4043,1249
1162071500,난향동,관악구,73.58,23.7,596.65,1.4996,0.4368,0.3616,0.2016,400,40.21,30.59,0.6511,5.84,0.5646,17992.4,0.2162107258938244,3978718.0,0.820791946906767,14768.0,13396,4043,1249
1162072500,조원동,관악구,73.58,23.7,596.65,1.4996,0.4368,0.3616,0.2016,400,49.54,30.59,0.6511,5.84,0.5646,29436.2,0.4488474092207262,3978718.0,0.6661174715076456,19608.0,13396,4043,1249
1162073500,대학동,관악구,73.58,23.7,596.65,1.4996,0.4368,0.3616,0.2016,400,3.93,30.59,0.6511,5.84,0.5646,2914.3,0.4731380479633942,3978718.0,8.398948241817322,24477.0,13396,4043,1249
1162074500,삼성동,관악구,73.58,23.7,596.65,1.4996,0.4368,0.3616,0.2016,400,12.68,30.59,0.6511,5.84,0.5646,7710.0,0.2204834288562173,3978718.0,2.6024637530960946,20065.0,13396,4043,1249
1162076500,미성동,관악구,73.58,23.7,596.65,1.4996,0.4368,0.3616,0.2016,400,24.29,30.59,0.6511,5.84,0.5646,21854.6,0.2873888439773646,3978718.0,1.3584297106798071,29688.0,13396,4043,1249
1162077500,난곡동,관악구,73.58,23.7,596.65,1.4996,0.4368,0.3616,0.2016,400,33.96,30.59,0.6511,5.84,0.5646,26214.0,0.2778453927996545,3978718.0,0.971656598044894,25471.0,13396,4043,1249
1165051000,서초1동,서초구,58.55,22.2,1099.69,1.0922,0.1694,0.5695,0.2611,90,15.74,25.79,0.4123,18.99,0.3824,14701.4,0.2954411185506105,10069025.0,1.381640301885933,20312.0,15398,6350,487
1165052000,서초2동,서초구,58.55,22.2,1099.69,1.0922,0.1694,0.5695,0.2611,90,17.68,25.79,0.4123,18.99,0.3824,20731.0,0.3300266624843161,10069025.0,1.2302356882240435,25504.0,15398,6350,487
1165053000,서초3동,서초구,55.89,15.2,1039.56,1.1497,0.3226,0.5018,0.1756,225,15.16,26.37,0.4222,13.25,0.3921,10673.8,0.3325933337502345,9042297.0,2.996312171110295,31982.0,24763,11040,1124
1165053100,서초4동,서초구,58.55,22.2,1099.69,1.0922,0.1694,0.5695,0.2611,90,24.74,25.79,0.4123,18.99,0.3824,34488.4,0.2148487746957353,10069025.0,0.8791084228906586,30319.0,15398,6350,487
1165054000,잠원동,서초구,37.11,0.5,1306.3,1.2213,0.0532,0.9384,0.0084,66,17.66,24.01,0.3786,32.49,0.3452,15268.8,0.2473419138220481,10695644.0,1.7555415913986467,26805.0,7501,4105,266
1165055000,반포본동,서초구,39.97,1.1,1501.81,1.3116,0.229,0.7708,0.0001,90,36.02,23.82,0.3831,17.96,0.3373,235.6,0.1965065502183406,11450504.0,0.971807050955919,229.0,8793,4503,396
1165056000,반포1동,서초구,39.97,1.1,1501.81,1.3116,0.229,0.7708,0.0001,90,35.3,23.82,0.3831,17.96,0.3373,34164.4,0.2667808017002184,11450504.0,0.9916184288347256,33878.0,8793,4503,396
1165057000,반포2동,서초구,39.97,1.1,1501.81,1.3116,0.229,0.7708,0.0001,90,25.09,23.82,0.3831,17.96,0.3373,15161.5,0.182127659574468,11450504.0,1.3949827280874303,21150.0,8793,4503,396
1165058000,반포3동,서초구,37.11,0.5,1306.3,1.2213,0.0532,0.9384,0.0084,66,24.78,24.01,0.3786,32.49,0.3452,19044.3,0.2140638119227539,10695644.0,1.2507662434957412,23820.0,7501,4105,266
1165058100,반포4동,서초구,39.97,1.1,1501.81,1.3116,0.229,0.7708,0.0001,90,24.54,23.82,0.3831,17.96,0.3373,12983.3,0.2384012962462867,11450504.0,1.4260670127258483,18515.0,8793,4503,396
1165059000,방배본동,서초구,52.27,5.8,958.14,1.1324,0.5745,0.3905,0.035,135,34.96,26.81,0.4298,8.86,0.3995,30180.1,0.2282693813625685,8461067.0,0.677002338298106,20432.0,9365,4690,637
1165060000,방배1동,서초구,52.27,5.8,958.14,1.1324,0.5745,0.3905,0.035,135,34.36,26.81,0.4298,8.86,0.3995,23992.1,0.2941781650931978,8461067.0,0.6887268297167539,16524.0,9365,4690,637
1165061000,방배2동,서초구,52.27,5.8,958.14,1.1324,0.5745,0.3905,0.035,135,12.44,26.81,0.4298,8.86,0.3995,9502.2,0.2769511588030311,8461067.0,1.9026034732083776,18079.0,9365,4690,637
1165062000,방배3동,서초구,52.27,5.8,958.14,1.1324,0.5745,0.3905,0.035,135,9.97,26.81,0.4298,8.86,0.3995,7052.9,0.2326303841328633,8461067.0,2.373348935056844,16739.0,9365,4690,637
1165062100,방배4동,서초구,52.27,5.8,958.14,1.1324,0.5745,0.3905,0.035,135,24.94,26.81,0.4298,8.86,0.3995,24067.9,0.2619110176913645,8461067.0,0.948814713343388,22836.0,9365,4690,637
1165065100,양재1동,서초구,48.59,4.6,713.63,1.1537,0.4637,0.4533,0.0831,216,8.68,24.55,0.4144,13.14,0.3941,7304.7,0.2550622682764521,6185805.0,5.760105367317352,42076.0,9114,4902,1331
1165065200,양재2동,서초구,55.92,5.1,749.03,1.3509,0.7287,0.1968,0.0746,168,4.37,26.52,0.5034,10.0,0.242,2823.1,0.3426763534098898,5544602.0,7.557413427988989,21335.0,5270,2790,750
1165066000,내곡동,서초구,46.24,6.4,772.67,5.8952,0.0204,0.7927,0.1869,86,4.49,25.59,0.4106,7.57,0.8451,1358.6,0.2308584014374311,1310668.0,12.699236435965778,17253.0,2301,1393,723
1168051000,신사동,강남구,21.86,0.4,878.64,0.6391,0.1354,0.8533,0.0113,123,0.24,34.21,0.6489,21.02,0.2865,7498.3,0.2562058461339037,13747566.0,2.0576781492083978,15429.0,3353,1936,356
1168052100,논현1동,강남구,58.71,13.9,976.57,0.8872,0.5605,0.3822,0.0573,448,21.07,26.79,0.4001,10.75,0.2181,16810.4,0.4355372682557699,11007022.0,1.257791383680579,21144.0,5008,1876,1048
1168053100,논현2동,강남구,58.71,13.9,976.57,0.8872,0.5605,0.3822,0.0573,448,18.18,26.79,0.4001,10.75,0.2181,14017.9,0.3566324033284386,11007022.0,1.4574173172755862,20430.0,5008,1876,1048
1168054500,압구정동,강남구,21.86,0.4,878.64,0.6391,0.1354,0.8533,0.0113,123,0.21,34.21,0.6489,21.02,0.2865,10926.6,0.2162162162162162,13747566.0,2.3432783079124,25604.0,3353,1936,356
1168056500,청담동,강남구,49.03,10.9,1257.26,0.928,0.2407,0.7262,0.0331,173,3.44,27.51,0.4621,14.39,0.2907,10634.0,0.278989898989899,13548388.0,2.3274431371389595,24750.0,2721,1250,681
1168058000,삼성1동,강남구,42.9,6.2,1127.76,0.9335,0.2718,0.6187,0.1095,147,10.55,26.88,0.3859,14.22,0.3415,6329.4,0.2703471826977803,12081406.0,1.943143995576592,12299.0,5290,2061,594
1168059000,삼성2동,강남구,42.9,6.2,1127.76,0.9335,0.2718,0.6187,0.1095,147,16.51,26.88,0.3859,14.22,0.3415,24706.6,0.2772832501874857,12081406.0,1.2413258813086911,30669.0,5290,2061,594
1168060000,대치1동,강남구,40.4,5.1,1131.78,1.0632,0.2265,0.7159,0.0576,93,15.45,26.01,0.3557,20.86,0.2109,29671.1,0.151478550603915,10644887.0,0.8092048117973631,24010.0,9563,4461,331
1168061000,대치2동,강남구,40.4,5.1,1131.78,1.0632,0.2265,0.7159,0.0576,93,6.81,26.01,0.3557,20.86,0.2109,20875.2,0.1950112195376507,10644887.0,1.8359624507437324,38326.0,9563,4461,331
1168063000,대치4동,강남구,40.4,5.1,1131.78,1.0632,0.2265,0.7159,0.0576,93,17.84,26.01,0.3557,20.86,0.2109,26987.5,0.3249233047709722,10644887.0,0.7005469238886035,18906.0,9563,4461,331
1168064000,역삼1동,강남구,63.25,24.7,1118.44,1.0092,0.3365,0.3853,0.2782,477,16.73,24.87,0.3057,13.51,0.1714,14536.9,0.4788995103753788,11082370.0,2.360341149291698,34312.0,12190,4219,1167
1168065000,역삼2동,강남구,63.25,24.7,1118.44,1.0092,0.3365,0.3853,0.2782,477,34.83,24.87,0.3057,13.51,0.1714,32246.6,0.2443059087304842,11082370.0,1.1341661777114065,36573.0,12190,4219,1167
1168065500,도곡1동,강남구,45.71,2.4,1179.43,1.3069,0.0992,0.8744,0.0264,42,5.72,27.48,0.4585,33.23,0.3065,19647.3,0.2555027635023756,9024582.0,1.0498111439141309,20626.0,5150,2560,261
1168065600,도곡2동,강남구,45.71,2.4,1179.43,1.3069,0.0992,0.8744,0.0264,42,6.06,27.48,0.4585,33.23,0.3065,33017.9,0.2004405286343612,9024582.0,0.99000861048798,32688.0,5150,2560,261
1168066000,개포1동,강남구,36.74,1.1,1130.04,1.9864,0.1794,0.7826,0.038,34,17.08,23.97,0.4762,22.93,0.3179,4754.8,0.1929162432863986,5688825.0,1.4488443114373963,6889.0,9564,4991,275
1168067000,개포2동,강남구,37.64,0.8,1128.93,1.9925,0.1944,0.7795,0.0261,62,24.42,27.1,0.609,19.42,0.4526,18409.0,0.257693985363253,5665905.0,2.24162227578288,41266.0,13934,7399,533
1168069000,개포4동,강남구,36.74,1.1,1130.04,1.9864,0.1794,0.7826,0.038,34,14.87,23.97,0.4762,22.93,0.3179,14064.5,0.2807827052892421,5688825.0,1.6641917677564069,23406.0,9564,4991,275
1168070000,세곡동,강남구,44.39,15.9,710.33,3.449,0.0208,0.6073,0.3718,239,19.33,18.93,0.2846,13.35,0.7406,7176.0,0.2710167783764839,2059523.0,6.36200560801776,45654.0,7062,2883,1168
1168072000,일원본동,강남구,38.61,0.4,1052.45,2.1633,0.1378,0.8462,0.016,36,13.46,29.08,0.6953,23.17,0.5818,9727.1,0.210390631827318,4865101.0,2.352816260610416,22886.0,7204,4146,320
1168073000,일원1동,강남구,38.61,0.4,1052.45,2.1633,0.1378,0.8462,0.016,36,33.24,29.08,0.6953,23.17,0.5818,15370.4,0.2810024583447145,4865101.0,0.952738150944692,14644.0,7204,4146,320
1168074000,일원2동,강남구,38.68,2.4,1130.0,,0.2075,0.7536,0.0389,156,,26.68,0.5106,19.97,0.3601,,,,,,23497,11860,864
1168075000,수서동,강남구,37.4,0.9,949.65,3.0442,0.0,0.9594,0.0406,7,1.02,23.52,0.4693,54.02,0.5213,8681.0,0.2159332106976086,3119590.0,1.6281470822631774,14134.0,2834,1738,63
1171051000,풍납1동,송파구,49.18,2.0,742.43,1.869,0.2967,0.7033,0.0,292,6.98,32.64,0.7368,8.82,0.5471,11033.4,0.247912273302404,3972369.0,1.074461671524067,11855.0,2872,1492,758
1171052000,풍납2동,송파구,49.18,2.0,742.43,1.869,0.2967,0.7033,0.0,292,2.93,32.64,0.7368,8.82,0.5471,9286.0,0.298873760295848,3972369.0,2.562572926449012,23796.0,2872,1492,758
1171053100,거여1동,송파구,46.37,7.4,728.39,1.6697,0.1029,0.7554,0.1416,124,180.75,24.97,0.524,13.82,0.5291,23090.6,0.2711808148701352,4362281.0,0.5219014918714899,12051.0,5782,3120,442
1171053200,거여2동,송파구,46.37,7.4,728.39,1.6697,0.1029,0.7554,0.1416,124,185.25,24.97,0.524,13.82,0.5291,46376.5,0.2538956639566395,4362281.0,0.5092229390163666,23616.0,5782,3120,442
1171054000,마천1동,송파구,31.39,1.5,441.41,1.1178,0.5263,0.4656,0.0082,312,5.22,34.7,0.7787,5.05,0.6134,31540.9,0.2222835079977937,3948840.0,0.5748084356342865,18130.0,2569,1512,1265
1171055000,마천2동,송파구,31.39,1.5,441.41,1.1178,0.5263,0.4656,0.0082,312,3.37,34.7,0.7787,5.05,0.6134,19867.6,0.230630019228594,3948840.0,0.8899927067520285,17682.0,2569,1512,1265
1171056100,방이1동,송파구,56.7,24.8,801.33,1.1437,0.3853,0.2181,0.3967,64,30.11,24.75,0.3776,12.53,0.128,24900.3,0.2789761857642324,7006462.0,0.6087869865981689,15159.0,10800,4146,534
1171056200,방이2동,송파구,56.7,24.8,801.33,1.1437,0.3853,0.2181,0.3967,64,23.83,24.75,0.3776,12.53,0.128,34032.1,0.4426448680239886,7006462.0,0.7692453209702869,26179.0,10800,4146,534
1171056600,오륜동,송파구,56.7,24.8,801.33,1.1437,0.3853,0.2181,0.3967,64,5.95,24.75,0.3776,12.53,0.128,5789.4,0.1988569507480248,7006462.0,3.08269243258614,17847.0,10800,4146,534
1171057000,오금동,송파구,53.53,7.4,678.61,1.1627,0.3983,0.5816,0.0201,138,26.71,25.06,0.4905,13.12,0.2582,22777.6,0.2624973353229589,5836660.0,1.6475859617984212,37528.0,3678,1770,1069
1171058000,송파1동,송파구,48.88,6.4,739.31,0.8711,0.7617,0.222,0.0163,112,62.65,22.95,0.2919,11.26,0.1638,34169.9,0.4023620704357465,8486933.0,0.6863942875332752,23454.0,6446,2501,782
1171059000,송파2동,송파구,48.88,6.4,739.31,0.8711,0.7617,0.222,0.0163,112,68.2,22.95,0.2919,11.26,0.1638,29406.8,0.2720310646100744,8486933.0,0.6305341061127019,18542.0,6446,2501,782
1171060000,석촌동,송파구,63.77,19.4,687.65,0.8938,0.8999,0.0568,0.0433,247,66.58,23.11,0.2488,8.8,0.1207,32663.8,0.3834530511874717,7693498.0,0.9461838644911768,30906.0,6492,1880,1616
1171061000,삼전동,송파구,56.47,11.9,653.55,0.8073,0.9603,0.0201,0.0196,303,53.54,23.06,0.247,8.89,0.0688,30576.2,0.3812613726096062,8095934.0,0.9526045579730544,29127.0,6117,1775,1584
1171062000,가락본동,송파구,51.15,4.2,959.22,1.3674,0.2874,0.693,0.0196,48,17.09,23.02,0.3586,18.51,0.2969,24916.4,0.3181206459784674,7014766.0,1.013951700739706,25264.0,10837,4732,522
1171063100,가락1동,송파구,51.15,4.2,959.22,1.3674,0.2874,0.693,0.0196,48,12.45,23.02,0.3586,18.51,0.2969,19752.9,0.2679733808502127,7014766.0,1.3921513534126655,27499.0,10837,4732,522
1171063200,가락2동,송파구,51.15,4.2,959.22,1.3674,0.2874,0.693,0.0196,48,18.61,23.02,0.3586,18.51,0.2969,33533.1,0.2761291974775121,7014766.0,0.931587044368838,31239.0,10837,4732,522
1171064100,문정1동,송파구,56.65,24.8,758.58,1.2083,0.2058,0.2191,0.5751,39,39.76,23.13,0.3854,17.46,0.2314,31968.5,0.3142535902284458,6278127.0,0.6120707633653334,19567.0,14196,4613,376
1171064200,문정2동,송파구,50.11,15.0,772.73,1.5843,0.1511,0.4267,0.4222,39,10.86,20.63,0.2774,21.36,0.3461,12845.2,0.4174861868853598,4877570.0,2.2402956718497262,28777.0,19337,7657,541
1171064600,장지동,송파구,50.11,15.0,772.73,1.5843,0.1511,0.4267,0.4222,39,19.05,20.63,0.2774,21.36,0.3461,22356.2,0.278530657982281,4877570.0,1.2773615867772892,28557.0,19337,7657,541
1171064700,위례동,송파구,43.32,3.7,760.87,2.0885,0.0545,0.8705,0.075,124,35.75,22.24,0.3904,18.29,0.5502,16994.3,0.2471398942931692,3643190.0,2.638595390634531,44841.0,10923,6164,607
1171065000,잠실본동,송파구,38.24,3.6,1086.66,1.2668,0.3152,0.6172,0.0676,76,7.78,24.25,0.2822,22.51,0.186,27010.1,0.4016995535071295,8577818.0,1.0282069422082494,27772.0,14179,6216,432
1171067000,잠실2동,송파구,38.24,3.6,1086.66,1.2668,0.3152,0.6172,0.0676,76,2.98,24.25,0.2822,22.51,0.186,12996.9,0.188227202384364,8577818.0,2.6847896526663333,34894.0,14179,6216,432
1171068000,잠실3동,송파구,38.24,3.6,1086.66,1.2668,0.3152,0.6172,0.0676,76,5.19,24.25,0.2822,22.51,0.186,21980.5,0.2096098223245381,8577818.0,1.5414551222003858,33882.0,14179,6216,432
1171069000,잠실4동,송파구,37.85,0.2,1060.0,2.0637,0.0,0.986,0.014,0,0.0,26.72,0.3158,94.17,0.1955,27234.5,0.2027128862094951,5136369.0,0.7796006120656016,21232.0,4213,2485,66
1171071000,잠실6동,송파구,37.85,0.2,1060.0,2.0637,0.0,0.986,0.014,0,0.0,26.72,0.3158,94.17,0.1955,10927.5,0.2253127656990161,5136369.0,1.506838686882518,16466.0,4213,2485,66
1171072000,잠실7동,송파구,38.24,3.6,1086.66,1.2668,0.3152,0.6172,0.0676,76,11.07,24.25,0.2822,22.51,0.186,13055.2,0.2176308539944903,8577818.0,0.7229321808955346,9438.0,14179,6216,432
1174051500,강일동,강동구,39.42,1.5,628.56,2.8418,0.0276,0.9244,0.048,65,93.82,15.72,0.1965,28.14,0.556,14361.0,0.2293513264836681,2211872.0,2.270383713701276,32605.0,12608,6373,803
1174052000,상일동,강동구,40.19,0.2,778.01,,0.0567,0.9433,0.0,28,,20.32,0.3949,23.99,0.5196,,,,,,6137,3265,382
1174053000,명일제1동,강동구,42.8,9.0,704.82,1.3272,0.1292,0.6945,0.1762,60,20.49,29.09,0.5923,21.26,0.4172,39893.0,0.257052548399842,5310519.0,0.6344469055102789,25310.0,4681,2776,314
1174054000,명일제2동,강동구,42.8,9.0,704.82,1.3272,0.1292,0.6945,0.1762,60,14.23,29.09,0.5923,21.26,0.4172,18808.8,0.2321927374301676,5310519.0,0.913614193879314,17184.0,4681,2776,314
1174055000,고덕제1동,강동구,44.93,0.0,932.73,3.1544,0.1389,0.8436,0.0175,62,56.74,28.53,0.6787,13.05,0.6645,15819.3,0.185203719921598,2956940.0,1.515809923915974,23979.0,5192,3336,617
1174056000,고덕제2동,강동구,44.93,0.0,932.73,3.1544,0.1389,0.8436,0.0175,62,34.75,28.53,0.6787,13.05,0.6645,9213.0,0.24187535634402,2956940.0,2.474874752184202,22801.0,5192,3336,617
1174057000,암사제1동,강동구,51.47,4.8,723.52,2.0964,0.449,0.5133,0.0377,146,34.93,26.96,0.4806,9.2,0.4885,45997.6,0.2725712933380665,3451331.0,0.7349075996438003,33804.0,5806,3199,841
1174058000,암사제2동,강동구,51.47,4.8,723.52,2.0964,0.449,0.5133,0.0377,146,11.81,26.96,0.4806,9.2,0.4885,6847.9,0.2958731012232827,3451331.0,2.172643050338226,14878.0,5806,3199,841
1174059000,암사제3동,강동구,51.47,4.8,723.52,2.0964,0.449,0.5133,0.0377,146,14.28,26.96,0.4806,9.2,0.4885,9612.5,0.2229358328993809,3451331.0,1.797967108529413,17283.0,5806,3199,841
1174060000,천호제1동,강동구,72.03,27.1,756.6,1.5074,0.4451,0.2756,0.2793,419,82.78,30.75,0.6473,6.72,0.524,39006.5,0.2750143815915628,5019144.0,0.6684775722605043,26075.0,10490,3783,1565
1174061000,천호제2동,강동구,72.03,27.1,756.6,1.5074,0.4451,0.2756,0.2793,419,29.91,30.75,0.6473,6.72,0.524,17802.0,0.3249415408910079,5019144.0,1.849736814032577,32929.0,10490,3783,1565
1174062000,천호제3동,강동구,72.03,27.1,756.6,1.5074,0.4451,0.2756,0.2793,419,98.61,30.75,0.6473,6.72,0.524,46591.0,0.356615537620013,5019144.0,0.5611168219843251,26143.0,10490,3783,1565
1174064000,성내제1동,강동구,69.15,21.7,743.08,1.4541,0.58,0.3586,0.0614,301,46.75,27.85,0.4973,8.26,0.3917,29353.4,0.2817733484023425,5110333.0,0.663160167847964,19466.0,6712,2526,1059
1174065000,성내제2동,강동구,69.15,21.7,743.08,1.4541,0.58,0.3586,0.0614,301,49.63,27.85,0.4973,8.26,0.3917,37322.6,0.3502187526807926,5110333.0,0.6246618265864,23314.0,6712,2526,1059
1174066000,성내제3동,강동구,69.15,21.7,743.08,1.4541,0.58,0.3586,0.0614,301,47.92,27.85,0.4973,8.26,0.3917,34732.8,0.2937196777495883,5110333.0,0.6468531026245836,22467.0,6712,2526,1059
1174068500,길동,강동구,65.72,23.8,692.69,1.3757,0.2516,0.5653,0.1831,421,30.06,26.91,0.4717,12.95,0.3247,27394.2,0.3020464824683176,5035104.0,1.630343882755211,44662.0,6241,2095,1500
1174069000,둔촌제1동,강동구,57.36,2.4,863.62,2.727,0.2601,0.7349,0.005,92,122.33,23.58,0.4339,18.85,0.5009,57.1,0.2884615384615384,3166945.0,0.9114673330762189,52.0,3999,2656,565
1174070000,둔촌제2동,강동구,57.36,2.4,863.62,2.727,0.2601,0.7349,0.005,92,71.97,23.58,0.4339,18.85,0.5009,15661.8,0.2810336300692383,3166945.0,1.549245818014498,24264.0,3999,2656,565
