adm_cd,adm_nm,자치구,전세가율,고전세가율비율,villa_total,newvilla_count,newvilla_ratio,area_km2,newvilla_density,youth_ratio,gongsi_per_m2,jeonse_per_m2_won,공시지가대비전세가괴리,cx,cy,norm_전세가율,norm_고전세가율비율,norm_newvilla_density,norm_공시지가대비전세가괴리,norm_youth_ratio,kde_고전세가율비율,kde_newvilla_density
1111051500,청운효자동,종로구,71.08,23.7,375.0,10.0,0.0267,2.5686,3.89,0.2560599382988101,4698870.0,5415742.905557829,1.1526,953198.5084084043,1954023.584037036,0.5886,0.2619,0.0151,0.1354,0.2043,20.639,3.6979
1111053000,사직동,종로구,60.02,14.3,82.0,1.0,0.0122,1.1577,0.86,0.2737355811889973,7169778.0,5273400.671669584,0.7355,953232.513802939,1952855.55140933,0.4879,0.158,0.0033,0.0566,0.2389,11.4139,0.8851
1111054000,삼청동,종로구,6.41,0.0,12.0,0.0,0.0,1.4772,0.0,0.2315227070347284,6807582.0,3587442.027668361,0.527,954197.6577713855,1954456.1769762104,0.0,0.0,0.0,0.0173,0.1564,8.3401,0.4606
1111055000,부암동,종로구,75.94,31.9,248.0,5.0,0.0202,2.2733,2.2,0.2510684931506849,2122815.0,4844922.263277127,2.2823,952643.859959763,1955418.8193742128,0.6328,0.3525,0.0085,0.3487,0.1946,30.4789,4.6961
1111056000,평창동,종로구,65.6,16.0,460.0,19.0,0.0413,8.9404,2.13,0.2353718059144415,2401689.0,4894499.00114071,2.0379,953060.0387475733,1957493.9746140041,0.5387,0.1768,0.0083,0.3025,0.1639,16.0025,2.1303
1111057000,무악동,종로구,44.3,0.0,42.0,0.0,0.0,0.3692,0.0,0.2082603254067584,2657259.0,3595047.4387188638,1.3529,952193.4441701373,1953218.986564502,0.3449,0.0,0.0,0.1732,0.1109,3.7742,5.7068
1111058000,교남동,종로구,48.16,5.1,273.0,0.0,0.0,0.3467,0.0,0.2631199092689968,3462447.0,3795979.789519864,1.0963,952678.1168268375,1952545.4461571388,0.38,0.0564,0.0,0.1247,0.2181,6.4644,2.6445
1111060000,가회동,종로구,76.09,30.6,132.0,0.0,0.0,0.5396,0.0,0.2364200724262803,5482398.0,5106619.3257044405,0.9315,954665.692638093,1953804.629356037,0.6342,0.3381,0.0,0.0936,0.166,33.0881,0.7508
1111061500,종로1.2.3.4가동,종로구,92.14,85.7,20.0,0.0,0.0,2.4142,0.0,0.2871434970882485,10809000.0,14735607.780775338,1.3633,954954.1969305095,1952989.8972214248,0.7803,0.947,0.0,0.1752,0.2651,73.6388,0.5304
1111063000,종로5.6가동,종로구,89.5,90.5,15.0,2.0,0.1333,0.6027,3.32,0.385470719051149,7081139.0,9140719.459421923,1.2909,956236.244591107,1952724.8248995196,0.7563,1.0,0.0129,0.1615,0.4572,48.5535,6.8722
1111064000,이화동,종로구,76.97,40.8,233.0,5.0,0.0215,0.7818,6.4,0.3953253498773625,4251218.0,4214783.572495627,0.9914,956118.7233496164,1953486.8405722321,0.6422,0.4508,0.0249,0.1049,0.4764,39.6273,7.7598
1111065000,혜화동,종로구,76.22,32.1,377.0,14.0,0.0371,1.1317,12.37,0.3968842263961304,4812495.0,5613727.850672135,1.1665,955629.507058731,1954349.3298030333,0.6354,0.3547,0.0481,0.138,0.4795,31.117,10.1104
1111067000,창신제1동,종로구,48.88,12.3,272.0,2.0,0.0074,0.3049,6.56,0.2508265373594886,4287689.0,4499038.380769149,1.0493,957066.4374944445,1952666.3013785733,0.3865,0.1359,0.0255,0.1159,0.1941,25.5388,17.5963
1111068000,창신제2동,종로구,48.88,12.3,272.0,2.0,0.0074,0.2573,7.77,0.2460148777895855,4287689.0,4499038.380769149,1.0493,956749.3191338186,1953073.7821248993,0.3865,0.1359,0.0302,0.1159,0.1847,26.4387,14.4298
1111069000,창신제3동,종로구,48.88,12.3,272.0,2.0,0.0074,0.2167,9.23,0.2739532695624902,4287689.0,4499038.380769149,1.0493,957018.8670439502,1953397.0956271018,0.3865,0.1359,0.0359,0.1159,0.2393,20.2533,20.5506
1111070000,숭인제1동,종로구,71.71,23.0,229.0,12.0,0.0524,0.2392,50.17,0.2622183708838821,4345251.0,5119360.513634267,1.1782,957341.8211199162,1953198.931621191,0.5943,0.2541,0.1949,0.1402,0.2164,20.2236,25.5752
1111071000,숭인제2동,종로구,71.71,23.0,229.0,12.0,0.0524,0.3516,34.13,0.4266078572161247,4345251.0,5119360.513634267,1.1782,957645.0643169887,1952898.6339979153,0.5943,0.2541,0.1326,0.1402,0.5375,25.3935,26.1588
1114054000,회현동,중구,82.36,70.2,27.0,3.0,0.1111,0.8972,3.34,0.2152476603515179,9220625.0,10536434.990515092,1.1427,953815.9461589294,1950972.0175258524,0.6913,0.7757,0.013,0.1335,0.1246,53.5993,7.1201
1114055000,명동,중구,83.63,60.0,42.0,7.0,0.1667,0.9689,7.22,0.2613506295307135,9203335.0,10288216.215796197,1.1179,954456.3346653831,1951746.3177536265,0.7028,0.663,0.028,0.1288,0.2147,58.9437,6.5731
1114057000,필동,중구,74.17,23.9,181.0,8.0,0.0442,1.4636,5.47,0.3595702148925537,6599645.0,6327515.426847024,0.9588,955288.190698031,1950955.5653542634,0.6167,0.2641,0.0212,0.0988,0.4066,22.8479,5.9924
1114058000,장충동,중구,67.52,11.7,180.0,4.0,0.0222,1.017,3.93,0.4240837696335078,5132328.0,5358022.209789558,1.044,956028.8562136778,1950807.0112526012,0.5562,0.1293,0.0153,0.1149,0.5326,15.8289,13.6481
1114059000,광희동,중구,59.35,21.1,27.0,1.0,0.037,0.7367,1.36,0.4242951618517229,9390666.0,7165721.273138977,0.7631,956175.6757174763,1951870.719254524,0.4818,0.2331,0.0053,0.0618,0.533,28.891,7.4295
1114061500,신당동,중구,59.4,17.1,729.0,15.0,0.0206,0.5345,28.06,0.3505847560155934,5050673.0,6377932.53938315,1.2628,957053.8447240771,1951925.5258127486,0.4823,0.189,0.109,0.1562,0.389,25.28,24.4644
1114062500,다산동,중구,59.4,17.1,726.0,15.0,0.0207,0.5237,28.64,0.3210767726896759,4891229.0,6383826.222549186,1.3052,956575.1995545735,1950734.377971803,0.4823,0.189,0.1112,0.1642,0.3314,15.703,25.3678
1114063500,약수동,중구,59.4,17.1,726.0,15.0,0.0207,0.4859,30.87,0.252241112828439,4891229.0,6383826.222549186,1.3052,956743.1145414055,1950202.6837623664,0.4823,0.189,0.1199,0.1642,0.1969,14.8311,25.5846
1114064500,청구동,중구,59.4,17.1,726.0,15.0,0.0207,0.3423,43.82,0.2894211576846307,4891229.0,6383826.222549186,1.3052,957179.8337270191,1950947.3678661222,0.4823,0.189,0.1702,0.1642,0.2695,14.9587,31.6198
1114065000,신당제5동,중구,59.4,17.1,726.0,15.0,0.0207,0.3193,46.98,0.3215663008009493,4891229.0,6383826.222549186,1.3052,957773.5523901318,1951693.6587101573,0.4823,0.189,0.1825,0.1642,0.3323,23.5895,29.902
1114066500,동화동,중구,59.4,17.1,726.0,15.0,0.0207,0.3268,45.9,0.2435446599015372,4891229.0,6383826.222549186,1.3052,957487.9659154027,1951370.5830165106,0.4823,0.189,0.1783,0.1642,0.1799,18.5285,33.9717
1114067000,황학동,중구,94.34,73.7,13.0,0.0,0.0,0.3284,0.0,0.4050473186119874,6710200.0,7998089.802259007,1.1919,957686.1108224004,1952237.7400593758,0.8003,0.8144,0.0,0.1428,0.4954,33.2969,22.1963
1114068000,중림동,중구,72.38,39.4,104.0,1.0,0.0096,0.4839,2.07,0.2812036273701566,5435256.0,7626092.5780182695,1.4031,952838.8831662677,1951022.5171830093,0.6004,0.4354,0.008,0.1827,0.2535,31.468,19.5294
1117051000,후암동,용산구,43.05,1.2,431.0,19.0,0.0441,0.8653,21.96,0.309449506927974,4960219.0,7005701.17011281,1.4124,954121.918848122,1950189.7863104297,0.3335,0.0133,0.0853,0.1844,0.3086,12.0572,16.0137
1117052000,용산2가동,용산구,35.11,0.9,329.0,7.0,0.0213,1.9701,3.55,0.3310954458990712,4802104.0,4912900.012320318,1.0231,954509.5727701135,1948853.7871118234,0.2612,0.0099,0.0138,0.1109,0.3509,0.8396,14.255
1117053000,남영동,용산구,21.24,0.0,76.0,0.0,0.0,1.1769,0.0,0.260602515355367,8929744.0,4793466.074019714,0.5368,953607.1457747456,1949540.6855783777,0.135,0.0,0.0,0.0191,0.2132,1.0767,15.849
1117055500,청파동,용산구,41.33,0.5,518.0,42.0,0.0811,0.8855,47.43,0.3926935831973469,5429941.0,7846036.025328582,1.445,952903.942010541,1949938.7441275385,0.3178,0.0055,0.1842,0.1906,0.4713,3.6422,48.2412
1117056000,원효로제1동,용산구,36.45,0.4,131.0,27.0,0.2061,0.5886,45.87,0.4145299145299145,6807571.0,8960899.328345818,1.3163,952872.4033862128,1948819.8409405882,0.2734,0.0044,0.1782,0.1663,0.5139,0.766,45.7798
1117057000,원효로제2동,용산구,34.6,0.0,141.0,43.0,0.305,0.7084,60.7,0.3091362369848951,5427238.0,7798582.317483266,1.4369,951624.5725833515,1948422.90052968,0.2566,0.0,0.2358,0.1891,0.308,0.9336,55.141
1117058000,효창동,용산구,44.81,3.0,207.0,31.0,0.1498,0.4459,69.52,0.3368784401529993,5210221.0,8325819.169201651,1.598,952379.8217240972,1949412.5429125899,0.3495,0.0331,0.27,0.2195,0.3622,1.953,64.0851
1117059000,용문동,용산구,47.47,0.5,183.0,16.0,0.0874,0.2773,57.7,0.3142757234023953,6578142.0,8377770.790068925,1.2736,952161.9833612145,1948877.5545487327,0.3737,0.0055,0.2241,0.1582,0.3181,1.1949,57.23
1117062500,한강로동,용산구,44.64,0.0,79.0,14.0,0.1772,2.8677,4.88,0.382277761999432,10451693.0,8107338.654081528,0.7757,953046.8783971076,1947890.34766848,0.348,0.0,0.019,0.0642,0.4509,0.0781,12.2564
1117063000,이촌제1동,용산구,18.73,0.0,130.0,0.0,0.0,2.8706,0.0,0.219736684141022,7500415.0,4658448.11672354,0.6211,953317.9603061145,1946340.7246907486,0.1121,0.0,0.0,0.035,0.1334,0.3213,0.3556
1117064000,이촌제2동,용산구,18.73,0.0,130.0,0.0,0.0,1.2046,0.0,0.2653267602073063,7500415.0,4658448.11672354,0.6211,951771.7305164796,1947202.0010959958,0.1121,0.0,0.0,0.035,0.2224,0.0078,3.4195
1117065000,이태원제1동,용산구,38.73,0.8,320.0,26.0,0.0812,0.5824,44.64,0.334052081605573,7414939.0,7645292.256228931,1.0311,955227.4013848329,1948348.158730394,0.2942,0.0088,0.1734,0.1124,0.3567,1.1738,31.5657
1117066000,이태원제2동,용산구,38.73,0.8,320.0,26.0,0.0812,0.8735,29.77,0.3315539050713705,7414939.0,7645292.256228931,1.0311,955127.6050218974,1949280.6151942015,0.2942,0.0088,0.1156,0.1124,0.3518,1.1767,24.8785
1117068500,한남동,용산구,56.31,10.7,486.0,8.0,0.0165,3.0296,2.64,0.2961422087745839,8169746.0,11158749.804902533,1.3659,956284.2633518041,1948804.6635207112,0.4542,0.1182,0.0103,0.1756,0.2826,9.4463,6.3005
1117069000,서빙고동,용산구,18.37,0.0,217.0,4.0,0.0184,2.8151,1.42,0.2418940609951846,5848795.0,6479961.5547927655,1.1079,954837.2412893609,1946825.905872517,0.1089,0.0,0.0055,0.1269,0.1766,0.1677,2.7318
1117070000,보광동,용산구,6.48,0.0,164.0,0.0,0.0,0.7147,0.0,0.2973934629706247,7810175.0,3402269.125169299,0.4356,955900.2662173975,1947626.188772739,0.0006,0.0,0.0,0.0,0.2851,0.6351,5.6692
1120052000,왕십리제2동,성동구,63.68,5.6,108.0,10.0,0.0926,0.3723,26.86,0.3103213423317442,4326044.0,10312708.025263637,2.3839,958289.7569362131,1951448.614365891,0.5213,0.0619,0.1043,0.3679,0.3103,16.7543,22.0733
1120053500,왕십리도선동,성동구,66.57,21.0,141.0,11.0,0.078,0.7097,15.5,0.3241856398950929,5063085.0,9842769.080417978,1.944,958458.7084332005,1952047.21909956,0.5476,0.232,0.0602,0.2848,0.3374,23.5086,20.4194
1120054000,마장동,성동구,65.42,34.6,95.0,6.0,0.0632,1.0342,5.8,0.3356882301334442,4162845.0,6894075.01578557,1.6561,959429.7231880397,1952105.2117809644,0.5371,0.3823,0.0225,0.2304,0.3599,28.5179,9.7064
1120055000,사근동,성동구,58.14,18.7,267.0,7.0,0.0262,1.1687,5.99,0.5450532978014657,4564152.0,8345979.231133898,1.8286,959848.4856468714,1951071.6712280265,0.4708,0.2066,0.0233,0.263,0.7689,18.2154,7.9911
1120056000,행당제1동,성동구,57.05,21.7,203.0,3.0,0.0148,0.5731,5.23,0.3211939862793753,5209634.0,8539501.218254354,1.6392,959034.6378090649,1951182.8625081573,0.4609,0.2398,0.0203,0.2272,0.3316,18.3482,8.7316
1120057000,행당제2동,성동구,57.05,21.7,203.0,3.0,0.0148,0.4573,6.56,0.2632038411174159,5209634.0,8539501.218254354,1.6392,958457.5754925818,1950917.9466110382,0.4609,0.2398,0.0255,0.2272,0.2183,13.2385,10.9158
1120058000,응봉동,성동구,31.95,4.1,240.0,0.0,0.0,0.5532,0.0,0.2475650433622415,2532597.0,3675574.0573420217,1.4513,958813.5646031569,1950273.2691512494,0.2325,0.0453,0.0,0.1918,0.1877,8.6984,4.7682
1120059000,금호1가동,성동구,41.02,2.8,179.0,0.0,0.0,0.4451,0.0,0.2603063221105188,3356781.0,3802405.3247113517,1.1328,958042.9794452348,1950577.2431551428,0.315,0.0309,0.0,0.1316,0.2126,8.4561,9.3368
1120061500,금호2.3가동,성동구,29.4,2.4,263.0,0.0,0.0,0.6307,0.0,0.285792349726776,4575988.0,4844745.602838658,1.0587,957598.9467265396,1950337.4132408854,0.2092,0.0265,0.0,0.1176,0.2624,7.2768,12.2455
1120062000,금호4가동,성동구,28.11,0.0,103.0,11.0,0.1068,0.8312,13.23,0.258151023288638,4528730.0,4752652.604433396,1.0494,957965.8108492474,1949668.5383286714,0.1975,0.0,0.0514,0.1159,0.2084,4.7858,6.9961
1120064500,옥수동,성동구,55.11,14.8,103.0,1.0,0.0097,1.9207,0.52,0.2751476959432847,3584533.0,5554505.157886012,1.5496,957647.1111365505,1949165.9623178039,0.4433,0.1635,0.002,0.2103,0.2416,9.6307,4.8387
1120065000,성수1가제1동,성동구,31.5,10.6,193.0,20.0,0.1036,1.8844,10.61,0.3268261150614092,6937485.0,6698939.892342271,0.9656,959562.8458203548,1949150.2545685696,0.2284,0.1171,0.0412,0.1001,0.3426,10.0093,11.3569
1120066000,성수1가제2동,성동구,31.5,10.6,193.0,20.0,0.1036,0.9294,21.52,0.3403581840899625,6937485.0,6698939.892342271,0.9656,959689.3905331948,1950062.0174106946,0.2284,0.1171,0.0836,0.1001,0.369,10.5609,15.4491
1120067000,성수2가제1동,성동구,22.74,3.1,172.0,0.0,0.0,1.1841,0.0,0.2945200793596497,7351643.0,6815778.926013278,0.9271,960712.6019380797,1948652.4503716724,0.1486,0.0343,0.0,0.0928,0.2795,3.3107,14.4426
1120069000,성수2가제3동,성동구,22.74,3.1,172.0,0.0,0.0,1.0537,0.0,0.3469650460441628,7351643.0,6815778.926013278,0.9271,960962.5732611088,1949673.7874859956,0.1486,0.0343,0.0,0.0928,0.3819,6.526,2.3921
1120072000,송정동,성동구,66.15,20.0,58.0,3.0,0.0517,0.6814,4.4,0.3065902578796561,3384179.0,6919033.826157807,2.0445,961512.0301583144,1950425.9217072823,0.5437,0.221,0.0171,0.3038,0.303,21.4945,6.1961
1120079000,용답동,성동구,49.34,5.3,142.0,49.0,0.3451,2.3753,20.63,0.3902032655781406,3929794.0,8977651.814588167,2.2845,960915.6014150963,1951154.7178606603,0.3907,0.0586,0.0801,0.3491,0.4664,9.6193,17.2966
1121571000,화양동,광진구,87.21,51.8,118.0,4.0,0.0339,1.1354,3.52,0.6471821644058368,5873986.0,7980181.198943232,1.3586,962296.906001279,1949409.5046733893,0.7354,0.5724,0.0137,0.1743,0.9685,41.2837,21.373
1121573000,군자동,광진구,84.91,46.7,208.0,4.0,0.0192,0.7375,5.42,0.4058894168015454,4331342.0,8042739.352466156,1.8569,962346.5565375362,1950496.3988950355,0.7145,0.516,0.0211,0.2684,0.4971,38.1172,15.388
1121574000,중곡제1동,광진구,76.53,34.1,1400.0,59.0,0.0421,0.614,96.09,0.3839250622297916,3755020.0,6827367.783033308,1.8182,962702.3632224561,1951499.6705417885,0.6382,0.3768,0.3733,0.261,0.4541,34.5734,84.5872
1121575000,중곡제2동,광진구,76.53,34.1,1400.0,59.0,0.0421,0.5451,108.24,0.3403862952538096,3755020.0,6827367.783033308,1.8182,963309.671829912,1951142.9325104745,0.6382,0.3768,0.4204,0.261,0.3691,33.4577,86.129
1121576000,중곡제3동,광진구,76.53,34.1,1400.0,59.0,0.0421,0.6014,98.1,0.3230144633341791,3755020.0,6827367.783033308,1.8182,963087.8662836876,1952142.6493958451,0.6382,0.3768,0.3811,0.261,0.3351,31.8875,82.1453
1121577000,중곡제4동,광진구,76.53,34.1,1400.0,59.0,0.0421,2.3117,25.52,0.2904453059893474,3755020.0,6827367.783033308,1.8182,964187.7814860052,1951689.9674112354,0.6382,0.3768,0.0991,0.261,0.2715,33.5597,38.1619
1121578000,능동,광진구,72.49,24.7,184.0,12.0,0.0652,1.0913,11.0,0.4241115609536662,4510439.0,8265346.202814027,1.8325,963059.3005890427,1950221.155648998,0.6014,0.2729,0.0427,0.2637,0.5327,30.5588,26.4611
1121581000,광장동,광진구,55.84,7.8,153.0,4.0,0.0261,2.3919,1.67,0.2112432115074123,3311050.0,6687724.386429463,2.0198,965082.8459443117,1949905.3652435818,0.4499,0.0862,0.0065,0.2991,0.1168,10.365,7.8151
1121582000,자양제1동,광진구,42.97,2.1,964.0,82.0,0.0851,0.5684,144.26,0.3524522787469175,5170012.0,7825737.74559817,1.5137,962933.838318218,1948557.5328981157,0.3328,0.0232,0.5604,0.2036,0.3927,8.1946,104.2444
1121583000,자양제2동,광진구,42.97,2.1,964.0,82.0,0.0851,1.6563,49.51,0.2914237431347697,5170012.0,7825737.74559817,1.5137,963133.596240362,1947836.8906531015,0.3328,0.0232,0.1923,0.2036,0.2734,3.0131,71.1017
1121584000,자양제3동,광진구,42.97,2.1,964.0,82.0,0.0851,1.1955,68.59,0.2692223037417461,5170012.0,7825737.74559817,1.5137,962098.0029618475,1948092.7411513838,0.3328,0.0232,0.2664,0.2036,0.23,3.014,73.159
1121584700,자양제4동,광진구,42.97,2.1,964.0,82.0,0.0851,1.1791,69.54,0.3328964613368283,5170012.0,7825737.74559817,1.5137,961445.6636296527,1948360.2388051257,0.3328,0.0232,0.2701,0.2036,0.3544,3.0707,56.0633
1121585000,구의제1동,광진구,68.67,22.6,1198.0,56.0,0.0467,0.5945,94.2,0.4038644009315966,4671496.0,6514676.487181491,1.3946,963401.9061770242,1949225.7338330876,0.5667,0.2497,0.3659,0.1811,0.4931,20.746,86.1406
1121586000,구의제2동,광진구,68.67,22.6,1198.0,56.0,0.0467,1.387,40.37,0.2700872002491435,4671496.0,6514676.487181491,1.3946,964213.6926433049,1950273.0412337305,0.5667,0.2497,0.1568,0.1811,0.2317,21.3906,37.2383
1121587000,구의제3동,광진구,68.67,22.6,1198.0,56.0,0.0467,1.0268,54.54,0.3091994104324693,4671496.0,6514676.487181491,1.3946,964150.8761983464,1948703.922945777,0.5667,0.2497,0.2119,0.1811,0.3081,21.2051,62.3891
1123053600,용신동,동대문구,53.47,10.2,236.0,60.0,0.2542,1.6172,37.1,0.3661982825917252,4431616.0,8415889.144184068,1.8991,958715.1276821865,1953011.8752466075,0.4283,0.1127,0.1441,0.2763,0.4195,18.0009,30.1792
1123054500,제기동,동대문구,78.64,42.8,271.0,13.0,0.048,1.1808,11.01,0.3191746004394089,3683215.0,6287698.764836585,1.7071,959140.8876618058,1953918.377301755,0.6574,0.4729,0.0428,0.2401,0.3276,35.5329,12.0177
1123056000,전농제1동,동대문구,49.67,5.1,272.0,13.0,0.0478,1.1258,11.55,0.290271834885477,3888238.0,6783223.137981775,1.7445,960350.6947647595,1953409.924675846,0.3937,0.0564,0.0449,0.2471,0.2712,8.5027,13.3624
1123057000,전농제2동,동대문구,49.67,5.1,272.0,13.0,0.0478,0.9768,13.31,0.2287251747475868,3888238.0,6783223.137981775,1.7445,961248.8780164147,1953569.711315517,0.3937,0.0564,0.0517,0.2471,0.1509,11.3144,17.1595
1123060000,답십리제1동,동대문구,72.14,17.8,197.0,19.0,0.0964,0.7876,24.12,0.3112855811285581,3710237.0,7808882.476401873,2.1047,960427.8828508876,1952528.5546179595,0.5983,0.1967,0.0937,0.3151,0.3122,16.9146,20.7098
1123061000,답십리제2동,동대문구,72.14,17.8,197.0,19.0,0.0964,0.8751,21.71,0.2692321668665285,3710237.0,7808882.476401873,2.1047,961236.4760576178,1952469.3887949109,0.5983,0.1967,0.0843,0.3151,0.2301,20.1521,20.9651
1123065000,장안제1동,동대문구,74.55,35.6,473.0,23.0,0.0486,1.3411,17.15,0.2900618798677051,4122950.0,6199075.973755284,1.5036,961895.1951728264,1951962.513639432,0.6202,0.3934,0.0666,0.2016,0.2708,31.7885,29.6475
1123066000,장안제2동,동대문구,74.55,35.6,473.0,23.0,0.0486,0.9959,23.09,0.2585783561475661,4122950.0,6199075.973755284,1.5036,962213.5578789547,1953004.376313785,0.6202,0.3934,0.0897,0.2016,0.2092,30.9587,29.3272
1123070500,청량리동,동대문구,48.85,12.0,112.0,0.0,0.0,1.2035,0.0,0.2337613896733628,4014870.0,4398327.767822255,1.0955,959849.1691112184,1954479.8701756499,0.3863,0.1326,0.0,0.1246,0.1608,19.0324,3.2076
1123071000,회기동,동대문구,80.68,28.3,65.0,4.0,0.0615,0.7663,5.22,0.472041363462275,4170381.0,5863440.841405367,1.406,960407.5648491995,1955018.1428925118,0.676,0.3127,0.0203,0.1832,0.6263,21.9461,7.5833
1123072000,휘경제1동,동대문구,66.33,24.3,284.0,27.0,0.0951,0.5214,51.78,0.4201717362829282,3570769.0,5699653.578066995,1.5962,961385.6108334301,1954818.0744764376,0.5454,0.2685,0.2011,0.2191,0.525,19.4482,30.9315
1123073000,휘경제2동,동대문구,66.33,24.3,284.0,27.0,0.0951,1.1128,24.26,0.3671463815789473,3570769.0,5699653.578066995,1.5962,961667.2695996892,1954227.1906045075,0.5454,0.2685,0.0942,0.2191,0.4214,20.9615,30.1411
1123074000,이문제1동,동대문구,38.88,3.9,224.0,1.0,0.0045,1.038,0.96,0.4049285914309717,3768316.0,5083639.541533913,1.349,961198.2358676393,1955419.4551166901,0.2955,0.0431,0.0037,0.1725,0.4952,12.7289,14.675
1123075000,이문제2동,동대문구,38.88,3.9,224.0,1.0,0.0045,0.724,1.38,0.2574924176219606,3768316.0,5083639.541533913,1.349,961825.0747295595,1956023.758374935,0.2955,0.0431,0.0054,0.1725,0.2071,14.0699,15.5256
1126052000,면목제2동,중랑구,69.11,22.6,1194.0,41.0,0.0343,0.7625,53.77,0.2678398109465333,3229080.0,6255152.54077487,1.9371,962729.6305484342,1954515.9576382334,0.5707,0.2497,0.2089,0.2835,0.2273,27.6153,47.9326
1126054000,면목제4동,중랑구,69.11,22.6,1194.0,41.0,0.0343,0.8428,48.65,0.2576380889693379,3229080.0,6255152.54077487,1.9371,963387.0686620947,1952774.5801300304,0.5707,0.2497,0.189,0.2835,0.2074,25.6062,55.6963
1126055000,면목제5동,중랑구,69.11,22.6,1194.0,41.0,0.0343,0.7044,58.21,0.2737728486342164,3229080.0,6255152.54077487,1.9371,962818.0734050975,1953764.4674447123,0.5707,0.2497,0.2261,0.2835,0.2389,24.1536,51.627
1126056500,면목본동,중랑구,69.11,22.6,1194.0,41.0,0.0343,0.8484,48.33,0.3090101329762955,3229080.0,6255152.54077487,1.9371,963747.914988826,1954403.6727768418,0.5707,0.2497,0.1877,0.2835,0.3078,27.6564,43.3371
1126057000,면목제7동,중랑구,69.11,22.6,1194.0,41.0,0.0343,1.2345,33.21,0.2823485062670813,3229080.0,6255152.54077487,1.9371,964044.3860219495,1953162.2736013697,0.5707,0.2497,0.129,0.2835,0.2557,22.8536,37.0231
1126057500,면목제3.8동,중랑구,69.11,22.6,1194.0,41.0,0.0343,1.6135,25.41,0.2830850846765966,3229080.0,6255152.54077487,1.9371,964537.985421585,1953975.605710678,0.5707,0.2497,0.0987,0.2835,0.2571,22.6219,37.548
1126058000,상봉제1동,중랑구,85.45,55.2,298.0,15.0,0.0503,0.8531,17.58,0.2734902939783928,3781160.0,7264410.351094455,1.9212,963760.2965020918,1955890.9611160294,0.7194,0.6099,0.0683,0.2805,0.2384,42.5052,38.799
1126059000,상봉제2동,중랑구,85.45,55.2,298.0,15.0,0.0503,0.6769,22.16,0.4361717791411043,3781160.0,7264410.351094455,1.9212,963277.2946691596,1955071.991748824,0.7194,0.6099,0.0861,0.2805,0.5562,40.4823,38.3973
1126060000,중화제1동,중랑구,68.36,21.5,496.0,57.0,0.1149,0.6414,88.87,0.284142257189942,3117784.0,6256235.453878427,2.0066,963197.9866607558,1955990.0679215437,0.5638,0.2376,0.3452,0.2966,0.2592,33.1331,55.9442
1126061000,중화제2동,중랑구,68.36,21.5,496.0,57.0,0.1149,1.0162,56.09,0.2891803553469661,3117784.0,6256235.453878427,2.0066,962486.4030072679,1955614.8124792655,0.5638,0.2376,0.2179,0.2966,0.269,22.3507,47.1388
1126062000,묵제1동,중랑구,76.06,40.7,535.0,23.0,0.043,1.2375,18.59,0.2747718383311603,3301822.0,5242108.71865615,1.5876,963156.0146567653,1957225.4438706036,0.6339,0.4497,0.0722,0.2175,0.2409,37.2377,22.9625
1126063000,묵제2동,중랑구,76.06,40.7,535.0,23.0,0.043,0.6687,34.4,0.2819186973980967,3301822.0,5242108.71865615,1.5876,962456.4401817409,1956906.8521400434,0.6339,0.4497,0.1336,0.2175,0.2548,37.1227,30.9389
1126065500,망우본동,중랑구,72.25,22.1,501.0,90.0,0.1796,2.948,30.53,0.2891120954772451,2802965.0,5922043.288377469,2.1128,965349.036371147,1955930.2070751241,0.5993,0.2442,0.1186,0.3167,0.2689,22.2201,32.5279
1126066000,망우제3동,중랑구,72.25,22.1,501.0,90.0,0.1796,0.9618,93.57,0.2536319228573241,2802965.0,5922043.288377469,2.1128,964936.9810407365,1954794.4977701209,0.5993,0.2442,0.3635,0.3167,0.1996,22.4233,78.8694
1126068000,신내1동,중랑구,65.92,20.3,211.0,13.0,0.0616,2.6028,4.99,0.2328039545645772,1652801.0,5135960.411968522,3.1074,965053.8946116234,1957154.7290210717,0.5416,0.2243,0.0194,0.5045,0.1589,20.4262,6.6297
1126069000,신내2동,중랑구,65.92,20.3,211.0,13.0,0.0616,0.9106,14.28,0.2460513700358278,1652801.0,5135960.411968522,3.1074,963953.7953776527,1956917.6640191816,0.5416,0.2243,0.0555,0.5045,0.1848,26.3023,17.7471
1129052500,성북동,성북구,56.82,8.6,314.0,17.0,0.0541,2.8776,5.91,0.3167157261852571,3282531.0,6292408.905411998,1.9169,955343.8552371741,1955372.9175377612,0.4588,0.095,0.023,0.2797,0.3228,11.2684,6.7929
1129055500,삼선동,성북구,70.5,31.4,374.0,6.0,0.016,0.9255,6.48,0.3268079744385941,3685212.0,5518333.046308288,1.4974,956889.4391849511,1954240.9008147623,0.5833,0.347,0.0252,0.2005,0.3425,25.971,14.2848
1129057500,동선동,성북구,65.86,28.2,349.0,12.0,0.0344,0.7243,16.57,0.4699195639167719,4161112.0,5564382.653942576,1.3372,957494.584248392,1955025.0661808238,0.5411,0.3116,0.0644,0.1702,0.6222,30.3476,19.179
1129058000,돈암제1동,성북구,65.88,30.1,184.0,3.0,0.0163,0.4889,6.14,0.2608969425592947,2358555.0,4942938.427421623,2.0957,958017.3572095919,1955699.389486084,0.5413,0.3326,0.0239,0.3134,0.2138,30.582,29.6256
1129059000,돈암제2동,성북구,65.88,30.1,184.0,3.0,0.0163,0.5181,5.79,0.2317796068062604,2358555.0,4942938.427421623,2.0957,956886.1540895291,1955409.031900363,0.5413,0.3326,0.0225,0.3134,0.1569,31.5825,28.8302
1129060000,안암동,성북구,90.74,49.1,124.0,15.0,0.121,1.3785,10.88,0.5034367701034368,4348169.0,5606937.565648515,1.2895,958259.7763886369,1954364.1399946385,0.7675,0.5425,0.0423,0.1612,0.6876,40.2926,15.3048
1129061000,보문동,성북구,74.39,12.2,136.0,22.0,0.1618,0.5526,39.81,0.3389234848017757,4503867.0,6634359.211401887,1.473,957542.8315784497,1953823.9518119171,0.6187,0.1348,0.1546,0.1959,0.3662,20.1434,28.3033
1129062000,정릉제1동,성북구,71.21,37.0,1656.0,58.0,0.035,0.4117,140.88,0.2565800549974746,2643144.0,3745852.6206342047,1.4172,957364.7210874363,1956094.2133142762,0.5898,0.4088,0.5472,0.1853,0.2053,31.1466,66.2806
1129063000,정릉제2동,성북구,72.06,38.0,1443.0,43.0,0.0298,1.0941,39.3,0.2669529036827195,2368011.0,3699181.987248619,1.5621,956616.205634051,1956141.9190632533,0.5975,0.4199,0.1527,0.2127,0.2256,35.1051,50.6263
1129064000,정릉제3동,성북구,72.73,38.9,1259.0,40.0,0.0318,3.3246,12.03,0.3456083105813411,2369351.0,3565267.2082919385,1.5047,955393.4552293004,1957082.8523739702,0.6036,0.4298,0.0467,0.2019,0.3793,38.7995,12.2378
1129065000,정릉제4동,성북구,72.73,38.9,1259.0,40.0,0.0318,3.5682,11.21,0.2472240636393768,2369351.0,3565267.2082919385,1.5047,955427.6740305742,1958397.5024411702,0.6036,0.4298,0.0435,0.2019,0.1871,38.7951,11.8829
1129066000,길음제1동,성북구,54.86,17.9,213.0,15.0,0.0704,0.7967,18.83,0.2050436079871471,4645065.0,4644561.484033558,0.9999,957611.2338618373,1956641.4687548368,0.441,0.1978,0.0731,0.1065,0.1047,24.5275,49.8851
1129068500,길음제2동,성북구,75.18,25.5,407.0,19.0,0.0467,0.5876,32.33,0.2475293036083659,3953780.0,5523215.284483752,1.3969,958266.2639962264,1956645.1633959408,0.6259,0.2818,0.1256,0.1815,0.1877,24.393,30.9956
1129070500,종암동,성북구,75.5,34.6,293.0,10.0,0.0341,1.4035,7.13,0.2663650314864793,2996943.0,5574070.850666299,1.8599,958851.8279044288,1955438.9221933112,0.6288,0.3823,0.0277,0.2689,0.2245,33.1217,7.8487
1129071500,월곡제1동,성북구,81.89,28.0,194.0,4.0,0.0206,0.8011,4.99,0.2355396076290027,3706662.0,5813617.811751191,1.5684,959094.5812147678,1956590.7545468546,0.687,0.3094,0.0194,0.2139,0.1642,24.862,17.6758
1129072500,월곡제2동,성북구,77.97,23.0,261.0,4.0,0.0153,1.3642,2.93,0.3195827406353722,3528465.0,5855881.747620197,1.6596,959873.3942845745,1956075.9635771038,0.6513,0.2541,0.0114,0.2311,0.3284,22.6528,11.0915
1129076000,장위제1동,성북구,47.21,0.9,860.0,76.0,0.0884,0.708,107.34,0.2651023890784983,3128644.0,4878955.423965035,1.5594,959813.792034322,1957393.3075258045,0.3713,0.0099,0.417,0.2122,0.222,4.4076,90.9626
1129077000,장위제2동,성북구,47.21,0.9,860.0,76.0,0.0884,0.679,111.93,0.2699878861296184,3128644.0,4878955.423965035,1.5594,960451.5889159733,1957085.0995246542,0.3713,0.0099,0.4348,0.2122,0.2315,5.8188,96.5051
1129078000,장위제3동,성북구,47.21,0.9,860.0,76.0,0.0884,0.6521,116.55,0.2710862722425644,3128644.0,4878955.423965035,1.5594,960591.6335887088,1957740.072026002,0.3713,0.0099,0.4527,0.2122,0.2337,9.4515,83.0751
1129081000,석관동,성북구,77.87,39.9,348.0,27.0,0.0776,1.7039,15.85,0.2729497803072749,2752152.0,6213739.399006697,2.2578,961284.3446765979,1956629.4931149625,0.6504,0.4409,0.0616,0.344,0.2373,27.6099,25.7699
1130553400,삼양동,강북구,54.98,14.6,1885.0,43.0,0.0228,0.9234,46.57,0.242653269906193,3188860.0,3599052.0598169705,1.1286,957195.3453614666,1958372.2539189348,0.4421,0.1613,0.1809,0.1308,0.1781,17.9847,51.9293
1130553500,미아동,강북구,54.98,14.6,1885.0,43.0,0.0228,0.8406,51.15,0.2994887476706961,3188860.0,3599052.0598169705,1.1286,958209.274834606,1958903.9299058872,0.4421,0.1613,0.1987,0.1308,0.2892,14.1941,42.322
1130554500,송중동,강북구,54.98,14.6,1885.0,43.0,0.0228,1.075,40.0,0.2645624303232999,3188860.0,3599052.0598169705,1.1286,958785.0715119564,1957683.8596063193,0.4421,0.1613,0.1554,0.1308,0.2209,14.5027,41.6691
1130555500,송천동,강북구,54.98,14.6,1885.0,43.0,0.0228,0.9292,46.28,0.239667095529109,3188860.0,3599052.0598169705,1.1286,958072.7448349,1957744.4293832197,0.4421,0.1613,0.1798,0.1308,0.1723,15.193,47.4094
1130557500,삼각산동,강북구,54.98,14.6,1885.0,43.0,0.0228,0.6214,69.2,0.2117405207857469,3188860.0,3599052.0598169705,1.1286,957332.2997068032,1957634.299107798,0.4421,0.1613,0.2688,0.1308,0.1177,15.247,57.2369
1130559500,번1동,강북구,55.51,10.9,705.0,14.0,0.0199,0.6266,22.34,0.309572186477029,2541640.0,3031633.545076317,1.1928,958586.7501452308,1959890.9800977868,0.4469,0.1204,0.0868,0.143,0.3089,20.5298,42.1857
1130560300,번2동,강북구,55.51,10.9,705.0,14.0,0.0199,0.9736,14.38,0.2313778075762655,2541640.0,3031633.545076317,1.1928,958947.0986974661,1958993.9820903314,0.4469,0.1204,0.0559,0.143,0.1561,13.1504,22.2013
1130560800,번3동,강북구,55.51,10.9,705.0,14.0,0.0199,1.0804,12.96,0.2035781889234902,2541640.0,3031633.545076317,1.1928,959600.4397151106,1958347.168421629,0.4469,0.1204,0.0503,0.143,0.1018,10.4328,28.9104
1130561500,수유1동,강북구,68.71,35.3,2328.0,89.0,0.0382,1.6487,53.98,0.2751677852348993,2490684.0,3546851.4272500677,1.424,956765.3464377093,1959032.6850292534,0.567,0.3901,0.2097,0.1866,0.2417,30.8366,50.3622
1130562500,수유2동,강북구,68.71,35.3,2328.0,89.0,0.0382,0.5812,153.13,0.2419276641132551,2490684.0,3546851.4272500677,1.424,957598.9870509763,1960768.5591636284,0.567,0.3901,0.5948,0.1866,0.1767,34.3868,127.5313
1130563500,수유3동,강북구,68.71,35.3,2328.0,89.0,0.0382,0.7451,119.45,0.3301506011023827,2490684.0,3546851.4272500677,1.424,957956.4475676835,1960220.8165952088,0.567,0.3901,0.464,0.1866,0.3491,30.286,104.2575
1130564500,우이동,강북구,69.18,35.0,2660.0,105.0,0.0395,10.5798,9.92,0.2372455390801709,2395735.0,3546548.1912586875,1.4804,955942.4615846012,1962433.8866794833,0.5713,0.3867,0.0385,0.1973,0.1676,34.9973,9.9667
1130566000,인수동,강북구,68.71,35.3,2328.0,89.0,0.0382,2.9957,29.71,0.2388489208633093,2490684.0,3546851.4272500677,1.424,956198.9991591696,1959886.4199565828,0.567,0.3901,0.1154,0.1866,0.1707,35.2847,32.8849
1132051100,창제1동,도봉구,73.76,31.3,926.0,6.0,0.0065,1.1213,5.35,0.2553862758935614,2879129.0,4006008.512075482,1.3914,959732.8365905707,1960943.1539273837,0.613,0.3459,0.0208,0.1805,0.203,31.2616,14.5242
1132051200,창제2동,도봉구,73.76,31.3,926.0,6.0,0.0065,0.6539,9.18,0.267562203161551,2879129.0,4006008.512075482,1.3914,959132.6484398072,1960438.0362839915,0.613,0.3459,0.0357,0.1805,0.2268,28.8481,28.6329
1132051300,창제3동,도봉구,73.76,31.3,926.0,6.0,0.0065,0.655,9.16,0.2281469190738366,2879129.0,4006008.512075482,1.3914,959567.19004759,1959857.000267546,0.613,0.3459,0.0356,0.1805,0.1498,28.6398,10.5991
1132051400,창제4동,도봉구,73.76,31.3,926.0,6.0,0.0065,1.1388,5.27,0.2549710739052143,2879129.0,4006008.512075482,1.3914,960385.6955697312,1961564.4323888563,0.613,0.3459,0.0205,0.1805,0.2022,29.7086,13.5687
1132051500,창제5동,도봉구,73.76,31.3,926.0,6.0,0.0065,0.7009,8.56,0.2767051153460381,2879129.0,4006008.512075482,1.3914,959670.8914099518,1961862.2250589966,0.613,0.3459,0.0333,0.1805,0.2447,31.6771,40.9372
1132052100,도봉제1동,도봉구,72.69,28.2,624.0,29.0,0.0465,8.4451,3.43,0.2111724069380249,2189108.0,3270837.1055012564,1.4941,958277.1306322283,1965192.0208247816,0.6033,0.3116,0.0133,0.1999,0.1166,28.2035,3.4707
1132052200,도봉제2동,도봉구,72.69,28.2,624.0,29.0,0.0465,1.1182,25.93,0.2321971885230117,2189108.0,3270837.1055012564,1.4941,960118.1448471628,1964731.7245592896,0.6033,0.3116,0.1007,0.1999,0.1577,28.1351,25.8806
1132066000,쌍문제1동,도봉구,68.18,32.9,1127.0,64.0,0.0568,1.1749,54.47,0.2499153730838048,2383186.0,3550319.664075277,1.4897,957616.6707192891,1961616.9776610832,0.5622,0.3635,0.2116,0.199,0.1923,33.2461,77.8796
1132067000,쌍문제2동,도봉구,68.18,32.9,1127.0,64.0,0.0568,0.5408,118.34,0.250877486210931,2383186.0,3550319.664075277,1.4897,959153.9236743851,1962057.5593680795,0.5622,0.3635,0.4597,0.199,0.1942,32.3894,82.3157
1132068000,쌍문제3동,도봉구,68.18,32.9,1127.0,64.0,0.0568,0.5044,126.88,0.289038356662425,2383186.0,3550319.664075277,1.4897,958590.3328369871,1961012.2790758165,0.5622,0.3635,0.4929,0.199,0.2688,32.0315,97.5033
1132068100,쌍문제4동,도봉구,68.18,32.9,1127.0,64.0,0.0568,0.5544,115.44,0.2396644035988298,2383186.0,3550319.664075277,1.4897,958579.9162928116,1961873.9508322394,0.5622,0.3635,0.4484,0.199,0.1723,32.7596,101.8911
1132069000,방학제1동,도봉구,67.11,31.8,820.0,31.0,0.0378,1.0401,29.8,0.2363931469792606,2526534.0,3072076.011048151,1.2159,959736.7420963985,1962935.072539218,0.5525,0.3514,0.1158,0.1473,0.1659,30.4291,38.8809
1132070000,방학제2동,도봉구,67.11,31.8,820.0,31.0,0.0378,1.092,28.39,0.2225856614295672,2526534.0,3072076.011048151,1.2159,958787.829543149,1963399.2652137498,0.5525,0.3514,0.1103,0.1473,0.1389,31.8122,29.4695
1132071000,방학제3동,도봉구,67.11,31.8,820.0,31.0,0.0378,1.9495,15.9,0.2155057124297887,2526534.0,3072076.011048151,1.2159,957979.402996343,1962738.0126237485,0.5525,0.3514,0.0618,0.1473,0.1251,31.9667,29.1845
1135056000,월계1동,노원구,79.63,32.9,487.0,4.0,0.0082,1.1407,3.51,0.2907918343596954,2266369.0,4231302.675547798,1.867,961025.0103040441,1958144.9919374234,0.6664,0.3635,0.0136,0.2703,0.2722,24.2116,34.1703
1135057000,월계2동,노원구,79.63,32.9,487.0,4.0,0.0082,2.0038,2.0,0.2189087782380989,2266369.0,4231302.675547798,1.867,960409.8432822854,1959484.6092829627,0.6664,0.3635,0.0078,0.2703,0.1317,32.574,3.4845
1135058000,월계3동,노원구,79.63,32.9,487.0,4.0,0.0082,1.1333,3.53,0.2580835825046937,2266369.0,4231302.675547798,1.867,961599.0333325652,1958423.2183806666,0.6664,0.3635,0.0137,0.2703,0.2083,33.201,8.0586
1135059500,공릉1동,노원구,74.54,37.0,616.0,14.0,0.0227,1.2623,11.09,0.3207735634416359,2816411.0,4255974.388643545,1.5111,962280.6238614105,1958392.9264659227,0.6201,0.4088,0.0431,0.2031,0.3308,35.959,9.0336
1135060000,공릉2동,노원구,74.54,37.0,616.0,14.0,0.0227,6.9797,2.01,0.2978304694249784,2816411.0,4255974.388643545,1.5111,964205.0462770785,1959206.4172061784,0.6201,0.4088,0.0078,0.2031,0.2859,37.0092,2.0103
1135061100,하계1동,노원구,88.36,43.3,183.0,0.0,0.0,1.5259,0.0,0.2746149458071877,2260833.0,4535714.786560646,2.0062,962509.6084009768,1959978.4837368915,0.7459,0.4785,0.0,0.2965,0.2406,44.5253,0.2729
1135061200,하계2동,노원구,88.36,43.3,183.0,0.0,0.0,0.4997,0.0,0.2367027508318103,2260833.0,4535714.786560646,2.0062,961616.533929376,1959597.8990266104,0.7459,0.4785,0.0,0.2965,0.1665,43.302,0.6849
1135061900,중계본동,노원구,85.4,52.4,314.0,1.0,0.0032,2.1816,0.46,0.1979288530698904,2435837.0,3510857.3531650603,1.4413,963480.869237226,1961096.4574955855,0.7189,0.579,0.0018,0.1899,0.0908,51.221,1.705
1135062100,중계1동,노원구,85.4,52.4,314.0,1.0,0.0032,0.623,1.61,0.1774101756649087,2435837.0,3510857.3531650603,1.4413,962394.8479537228,1961269.9242977528,0.7189,0.579,0.0063,0.1899,0.0507,46.8123,10.4705
1135062400,중계4동,노원구,63.38,27.3,1471.0,41.0,0.0279,1.5181,27.01,0.2139614963218031,2973244.0,3552708.468839257,1.1949,963177.005490664,1962288.7742466365,0.5185,0.3017,0.1049,0.1434,0.1221,28.9285,26.1642
1135062500,중계2.3동,노원구,85.4,52.4,314.0,1.0,0.0032,0.9184,1.09,0.2310666503007241,2435837.0,3510857.3531650603,1.4413,961702.7398011109,1960528.71572468,0.7189,0.579,0.0042,0.1899,0.1555,45.1757,5.954
1135063000,상계1동,노원구,58.44,21.7,1157.0,40.0,0.0346,5.3985,7.41,0.243818068805232,3106377.0,3562168.4859446357,1.1467,961654.604972556,1964960.976540779,0.4736,0.2398,0.0288,0.1343,0.1804,21.7515,7.668
1135064000,상계2동,노원구,58.44,21.7,1157.0,40.0,0.0346,0.6226,64.25,0.2636382601439449,3106377.0,3562168.4859446357,1.1467,961815.9084865063,1961994.0347548258,0.4736,0.2398,0.2496,0.1343,0.2191,25.3087,50.7274
1135066500,상계3.4동,노원구,58.44,21.7,1157.0,40.0,0.0346,5.2079,7.68,0.2192484159930085,3106377.0,3562168.4859446357,1.1467,963335.3293034573,1964109.435894608,0.4736,0.2398,0.0298,0.1343,0.1324,21.707,7.8575
1135067000,상계5동,노원구,58.44,21.7,1157.0,40.0,0.0346,0.9061,44.15,0.2385575589459084,3106377.0,3562168.4859446357,1.1467,962076.3623982257,1963031.0794483302,0.4736,0.2398,0.1715,0.1343,0.1701,21.8388,47.9564
1135069500,상계6.7동,노원구,58.44,21.7,1157.0,40.0,0.0346,1.4492,27.6,0.2765511325729898,3106377.0,3562168.4859446357,1.1467,961194.3982937444,1961110.4460289192,0.4736,0.2398,0.1072,0.1343,0.2444,29.3386,22.0476
1135070000,상계8동,노원구,58.44,21.7,1157.0,40.0,0.0346,0.6658,60.08,0.324627887864122,3106377.0,3562168.4859446357,1.1467,960621.9184904945,1963095.034138043,0.4736,0.2398,0.2334,0.1343,0.3383,22.9507,53.949
1135071000,상계9동,노원구,58.44,21.7,1157.0,40.0,0.0346,0.719,55.63,0.2567189960879947,3106377.0,3562168.4859446357,1.1467,961387.7810372089,1963210.7386066478,0.4736,0.2398,0.2161,0.1343,0.2056,21.7266,53.5891
1135072000,상계10동,노원구,58.44,21.7,1157.0,40.0,0.0346,0.8086,49.47,0.2828454172366621,3106377.0,3562168.4859446357,1.1467,961048.703476216,1962337.8318424502,0.4736,0.2398,0.1922,0.1343,0.2567,22.5551,49.016
1138051000,녹번동,은평구,64.55,16.5,657.0,18.0,0.0274,1.7929,10.04,0.2826201211584742,3247717.0,5297828.260995938,1.6312,950092.0271394104,1956359.792564962,0.5292,0.1823,0.039,0.2257,0.2562,18.0693,16.1222
1138052000,불광제1동,은평구,54.38,10.7,1407.0,46.0,0.0327,3.1226,14.73,0.2652653452685422,3350721.0,4548914.420587304,1.3576,950460.27499582,1957640.4807341371,0.4366,0.1182,0.0572,0.1741,0.2223,10.8402,15.586
1138053000,불광제2동,은평구,54.38,10.7,1407.0,46.0,0.0327,1.3951,32.97,0.2848661364400134,3350721.0,4548914.420587304,1.3576,949586.2259050047,1958467.6982516747,0.4366,0.1182,0.1281,0.1741,0.2606,11.7928,31.3031
1138055100,갈현제1동,은평구,73.1,34.4,998.0,21.0,0.021,0.9604,21.87,0.2861939020212402,3369411.0,4360265.375372535,1.2941,948354.8071931592,1958576.895811515,0.607,0.3801,0.085,0.1621,0.2632,33.4467,22.1424
1138055200,갈현제2동,은평구,73.1,34.4,998.0,21.0,0.021,0.9844,21.33,0.2733543913153977,3369411.0,4360265.375372535,1.2941,948148.2107445208,1957777.7924524234,0.607,0.3801,0.0829,0.1621,0.2381,33.2321,20.9711
1138056000,구산동,은평구,75.83,35.5,693.0,26.0,0.0375,1.3888,18.72,0.2559555908009516,2855122.0,4049346.872688179,1.4183,947689.4129516792,1957013.8528330945,0.6318,0.3923,0.0727,0.1855,0.2041,35.09,19.1038
1138057000,대조동,은평구,61.46,8.7,496.0,16.0,0.0323,0.8511,18.8,0.3629445338797014,4547166.0,4766525.971144941,1.0482,949088.7797775636,1957136.8634855042,0.501,0.0961,0.073,0.1157,0.4132,12.895,18.952
1138058000,응암제1동,은평구,69.28,26.4,1108.0,62.0,0.056,1.109,55.91,0.2896838755087676,3383731.0,4523306.705277217,1.3368,949424.5217748258,1955591.344739007,0.5722,0.2917,0.2172,0.1702,0.27,26.0085,55.8148
1138059000,응암제2동,은평구,69.28,26.4,1108.0,62.0,0.056,0.7547,82.15,0.2441350581012935,3383731.0,4523306.705277217,1.3368,949052.2064935181,1954899.9561544997,0.5722,0.2917,0.3191,0.1702,0.181,27.1782,72.4712
1138060000,응암제3동,은평구,69.28,26.4,1108.0,62.0,0.056,0.7522,82.42,0.279760132692553,3383731.0,4523306.705277217,1.3368,948578.4686457234,1954551.4867321893,0.5722,0.2917,0.3202,0.1702,0.2506,24.6986,68.8095
1138062500,역촌동,은평구,78.64,37.6,1067.0,20.0,0.0187,1.1567,17.29,0.2710263355564155,3482662.0,4672993.2628398575,1.3418,948330.2486657945,1956288.952129943,0.6574,0.4155,0.0672,0.1711,0.2336,34.3341,20.2878
1138063100,신사제1동,은평구,68.66,30.3,920.0,21.0,0.0228,0.8077,26.0,0.2796335394359825,3011048.0,4084768.279497097,1.3566,947786.7894975356,1955689.6657164493,0.5666,0.3348,0.101,0.1739,0.2504,31.3931,24.4952
1138063200,신사제2동,은평구,68.66,30.3,920.0,21.0,0.0228,1.0455,20.09,0.2675343837276703,3011048.0,4084768.279497097,1.3566,947578.7697644493,1954993.7166103753,0.5666,0.3348,0.078,0.1739,0.2267,26.763,28.3684
1138064000,증산동,은평구,40.47,1.4,286.0,36.0,0.1259,0.8071,44.6,0.2736193643351687,3215428.0,4472532.932199792,1.391,947549.6966637104,1954025.6109536106,0.31,0.0155,0.1732,0.1804,0.2386,7.9678,38.8823
1138065000,수색동,은평구,52.25,4.5,167.0,86.0,0.515,1.289,66.72,0.2989721734770619,3767397.0,6250452.707229687,1.6591,946543.462252091,1954194.3010468648,0.4172,0.0497,0.2592,0.231,0.2882,4.9567,62.7503
1138069000,진관동,은평구,68.65,16.7,505.0,16.0,0.0317,11.5568,1.38,0.2354779986392806,1533080.0,6777121.657602442,4.4206,950401.669127862,1960171.299054844,0.5665,0.1845,0.0054,0.7524,0.1641,16.6952,1.4052
1141052000,천연동,서대문구,61.98,5.4,105.0,1.0,0.0095,0.9821,1.02,0.2557761732851986,3405222.0,5678890.308899631,1.6677,952019.138169363,1952577.4838947984,0.5058,0.0597,0.004,0.2326,0.2038,4.4742,4.7905
1141055500,북아현동,서대문구,30.54,8.0,314.0,30.0,0.0955,0.4587,65.4,0.304316872694324,6274899.0,4587472.020329987,0.7311,951867.0807072081,1951243.764567439,0.2196,0.0884,0.254,0.0558,0.2986,8.8493,69.7178
1141056500,충현동,서대문구,23.91,3.1,395.0,30.0,0.0759,1.1152,26.9,0.3229494867364569,5088070.0,4023796.8846354564,0.7908,952161.409785613,1951758.0077806758,0.1593,0.0343,0.1045,0.0671,0.335,7.3248,30.304
1141058500,신촌동,서대문구,65.63,41.2,212.0,9.0,0.0425,2.7182,3.31,0.602387150645906,6372396.0,7161656.571108223,1.1239,950683.1058301163,1951781.6640796817,0.539,0.4552,0.0129,0.13,0.881,37.2821,8.3747
1141061500,연희동,서대문구,66.22,20.9,655.0,12.0,0.0183,2.9271,4.1,0.3825900841469493,3095117.0,4591057.34409968,1.4833,949912.6704938629,1952690.8234231453,0.5444,0.2309,0.0159,0.1978,0.4515,22.4673,5.167
1141062000,홍제제1동,서대문구,55.16,10.3,636.0,44.0,0.0692,1.2348334052704113,35.63,0.2706599886905242,3143404.0,4469256.171101047,1.4218,950937.8633965397,1953924.6184132355,0.4437,0.1138,0.1384,0.1862,0.2329,11.5039,40.856
1141064000,홍제제3동,서대문구,55.16,10.3,636.0,44.0,0.0692,1.2079916605318353,36.42,0.2635645798082346,3143404.0,4469256.171101047,1.4218,951587.7615541214,1954917.2448935823,0.4437,0.1138,0.1415,0.1862,0.219,13.752,38.1355
1141065500,홍제제2동,서대문구,55.16,10.3,636.0,44.0,0.0692,0.6994577528954172,62.91,0.2597363236854069,3143404.0,4469256.171101047,1.4218,951661.9606848195,1954029.2772827172,0.4437,0.1138,0.2444,0.1862,0.2115,9.4947,47.8563
1141066000,홍은제1동,서대문구,77.55,37.5,867.0,52.0,0.06,1.5976,32.55,0.2533309326611451,2517944.0,4119416.273543451,1.636,951180.0193255617,1955834.8851638008,0.6475,0.4144,0.1264,0.2266,0.199,33.4323,31.7725
1141068500,홍은제2동,서대문구,77.55,37.5,867.0,52.0,0.06,2.0735,25.08,0.2857092929787159,2517944.0,4119416.273543451,1.636,949864.075512213,1954348.905270985,0.6475,0.4144,0.0974,0.2266,0.2623,34.0003,33.9528
1141069000,남가좌제1동,서대문구,75.6,29.3,374.0,8.0,0.0214,0.4752,16.84,0.2288947431445336,3987835.0,4228376.231966058,1.0603,948454.073220927,1952654.0784168658,0.6297,0.3238,0.0654,0.1179,0.1513,24.6468,18.1042
1141070000,남가좌제2동,서대문구,75.6,29.3,374.0,8.0,0.0214,0.783,10.22,0.2818244170096022,3987835.0,4228376.231966058,1.0603,948905.6915166789,1953329.2541240007,0.6297,0.3238,0.0397,0.1179,0.2547,25.4592,15.2044
1141071000,북가좌제1동,서대문구,50.27,11.8,1053.0,15.0,0.0142,0.5776,25.97,0.2268129120254603,3472432.0,3828965.017646879,1.1027,947734.0448901582,1953057.8374983591,0.3992,0.1304,0.1009,0.126,0.1472,14.1371,23.4433
1141072000,북가좌제2동,서대문구,50.27,11.8,1053.0,15.0,0.0142,0.8243,18.2,0.2740167214288038,3472432.0,3828965.017646879,1.1027,948200.9438116584,1953694.1038944065,0.3992,0.1304,0.0707,0.126,0.2394,14.5886,27.6259
1144055500,아현동,마포구,37.38,5.5,723.0,149.0,0.2061,0.7483,199.12,0.3129075229615088,6494566.0,7329185.435452952,1.1285,951657.9316791918,1950419.5875940984,0.2819,0.0608,0.7735,0.1308,0.3154,5.4905,158.5452
1144056500,공덕동,마포구,41.48,3.2,631.0,81.0,0.1284,1.0185,79.53,0.3363765580581675,6613651.0,7177951.470436406,1.0853,952119.0816438986,1950135.8907086465,0.3192,0.0354,0.3089,0.1227,0.3612,4.7297,109.4624
1144058500,도화동,마포구,44.08,2.8,94.0,22.0,0.234,0.6246,35.22,0.2978413776376425,6955798.0,9075321.640927661,1.3047,951331.5409901807,1948956.211279632,0.3429,0.0309,0.1368,0.1641,0.286,2.3563,73.2367
1144059000,용강동,마포구,41.24,4.7,485.0,139.0,0.2866,0.79,175.95,0.2553851942432508,6489956.0,8604575.963643484,1.3258,950724.2501946596,1949279.8081993395,0.317,0.0519,0.6835,0.1681,0.203,3.8501,124.6407
1144060000,대흥동,마포구,43.71,2.2,333.0,51.0,0.1532,0.8476,60.17,0.4250120781282352,6398630.0,8811367.673400728,1.3771,950665.1653410878,1950446.001967503,0.3395,0.0243,0.2337,0.1778,0.5344,4.1992,120.1287
1144061000,염리동,마포구,36.96,6.1,303.0,125.0,0.4125,0.497,251.51,0.304265177616728,6240547.0,8282196.217355497,1.3272,951200.0992688127,1950205.5273936607,0.2781,0.0674,0.977,0.1683,0.2985,4.865,172.645
1144063000,신수동,마포구,45.85,2.2,330.0,34.0,0.103,0.7973,42.64,0.3010529169867594,5610099.0,8488010.934925703,1.513,950071.5722789214,1949741.6124877904,0.359,0.0243,0.1656,0.2034,0.2922,4.2677,66.2611
1144065500,서강동,마포구,50.63,11.5,323.0,23.0,0.0712,1.4777,15.56,0.3580825153749032,6224173.0,5976256.9656598205,0.9602,949298.267066838,1949865.4911853306,0.4025,0.1271,0.0604,0.099,0.4037,10.5776,22.4094
1144066000,서교동,마포구,63.74,23.1,497.0,27.0,0.0543,1.6775,16.1,0.4700510564111079,9484880.0,7663093.526341101,0.8079,948853.7728245852,1950757.8031109413,0.5218,0.2552,0.0625,0.0703,0.6224,21.1001,18.3669
1144068000,합정동,마포구,54.37,6.8,531.0,15.0,0.0282,1.7111,8.77,0.4027574426549536,6475103.0,6882919.030128245,1.063,947790.1913669226,1949900.6677212797,0.4365,0.0751,0.0341,0.1185,0.4909,8.4875,8.9281
1144069000,망원제1동,마포구,64.03,14.8,869.0,9.0,0.0104,1.1002,8.18,0.3493762071305528,5778314.0,6377389.30085775,1.1037,946981.720465591,1950644.309598679,0.5244,0.1635,0.0318,0.1261,0.3866,14.9655,9.8541
1144070000,망원제2동,마포구,64.03,14.8,869.0,9.0,0.0104,0.6759,13.32,0.3008224963876847,5778314.0,6377389.30085775,1.1037,947023.040730989,1951239.6719277187,0.5244,0.1635,0.0517,0.1261,0.2918,14.8237,12.2429
1144071000,연남동,마포구,70.13,22.3,378.0,20.0,0.0529,0.647,30.91,0.4082189862783534,6764541.0,6264258.042451152,0.926,948912.407363265,1951674.951286664,0.58,0.2464,0.1201,0.0926,0.5016,21.8495,26.6946
1144072000,성산제1동,마포구,63.96,15.6,774.0,20.0,0.0258,0.8586,23.29,0.3387348586810229,4468475.0,6653662.050381453,1.489,948055.7722986473,1951567.5542158058,0.5238,0.1724,0.0905,0.1989,0.3659,17.3686,22.3281
1144073000,성산제2동,마포구,63.54,14.7,867.0,22.0,0.0254,1.9773,11.13,0.344501186423192,4335235.0,6569689.57318147,1.5154,947187.8339558427,1952274.9964597563,0.52,0.1624,0.0432,0.2039,0.3771,14.7373,13.9255
1144074000,상암동,마포구,76.19,37.5,160.0,0.0,0.0,8.3963,0.0,0.2611799568965517,3197588.0,7087327.272738851,2.2165,945240.8928179152,1952553.6301158431,0.6351,0.4144,0.0,0.3362,0.2143,37.5088,0.0164
1147051000,목1동,양천구,67.0,22.2,1715.0,36.0,0.021,1.4321,25.14,0.1902701631547658,4168863.0,5118661.551972076,1.2278,944726.2677069117,1947763.1731486653,0.5515,0.2453,0.0977,0.1496,0.0758,22.2819,34.4854
1147052000,목2동,양천구,67.0,22.2,1715.0,36.0,0.021,1.0206,35.27,0.3267937799537979,4168863.0,5118661.551972076,1.2278,944725.0954505999,1949550.9454026006,0.5515,0.2453,0.137,0.1496,0.3425,24.3115,39.32
1147053000,목3동,양천구,67.0,22.2,1715.0,36.0,0.021,0.5315,67.73,0.3247509866566435,4168863.0,5118661.551972076,1.2278,943954.5162911395,1949726.3817071714,0.5515,0.2453,0.2631,0.1496,0.3385,29.3523,46.4643
1147054000,목4동,양천구,67.0,22.2,1715.0,36.0,0.021,0.5771,62.38,0.2627326150832517,4168863.0,5118661.551972076,1.2278,944071.3080568641,1948636.783586727,0.5515,0.2453,0.2423,0.1496,0.2174,26.7473,70.0778
1147055000,목5동,양천구,67.0,22.2,1715.0,36.0,0.021,1.7651,20.4,0.1834853364143661,4168863.0,5118661.551972076,1.2278,945213.8214556694,1948706.6519993667,0.5515,0.2453,0.0792,0.1496,0.0625,24.0647,23.9808
1147056000,신월1동,양천구,75.04,32.1,2138.0,32.0,0.015,0.622,51.45,0.2450754668713226,2725120.0,3915040.553227687,1.4366,941199.6616321565,1948203.465509354,0.6246,0.3547,0.1999,0.189,0.1829,34.3554,56.134
1147057000,신월2동,양천구,75.04,32.1,2138.0,32.0,0.015,0.6064,52.77,0.2493520207353364,2725120.0,3915040.553227687,1.4366,942239.450195514,1947325.4437068012,0.6246,0.3547,0.205,0.189,0.1912,30.8394,63.8747
1147058000,신월3동,양천구,75.04,32.1,2138.0,32.0,0.015,0.9174,34.88,0.2510076441973592,2725120.0,3915040.553227687,1.4366,940579.7409201898,1948338.6258489785,0.6246,0.3547,0.1355,0.189,0.1945,32.5272,43.6234
1147059000,신월4동,양천구,75.04,32.1,2138.0,32.0,0.015,0.4695,68.16,0.2302804808242702,2725120.0,3915040.553227687,1.4366,941666.4696316682,1947188.980435184,0.6246,0.3547,0.2648,0.189,0.154,31.5536,59.7546
1147060000,신월5동,양천구,75.04,32.1,2138.0,32.0,0.015,0.6381,50.15,0.2676136363636364,2725120.0,3915040.553227687,1.4366,940760.8291086843,1949275.2765009229,0.6246,0.3547,0.1948,0.189,0.2269,35.3737,83.0183
1147061000,신월6동,양천구,75.04,32.1,2138.0,32.0,0.015,0.444,72.07,0.2645217015763334,2725120.0,3915040.553227687,1.4366,941865.7360821704,1946502.9464424073,0.6246,0.3547,0.2799,0.189,0.2209,25.9221,52.0681
1147061100,신월7동,양천구,75.04,32.1,2138.0,32.0,0.015,1.2297,26.02,0.2490622655663916,2725120.0,3915040.553227687,1.4366,940846.763445158,1946850.6748649788,0.6246,0.3547,0.1011,0.189,0.1907,31.3363,35.8548
1147062000,신정1동,양천구,52.2,10.2,1119.0,43.0,0.0384,0.747,57.56,0.1966124042801359,3884898.0,5146589.873912049,1.3248,943415.2075302277,1946816.334567971,0.4168,0.1127,0.2236,0.1679,0.0882,11.0741,53.3412
1147063000,신정2동,양천구,52.2,10.2,1119.0,43.0,0.0384,0.5255,81.83,0.1978901611535199,3884898.0,5146589.873912049,1.3248,944752.0323094794,1946863.0281151372,0.4168,0.1127,0.3179,0.1679,0.0907,12.8531,60.6061
1147064000,신정3동,양천구,52.2,10.2,1119.0,43.0,0.0384,2.7545,15.61,0.2417410176030865,3884898.0,5146589.873912049,1.3248,941768.0353078797,1946039.9958358374,0.4168,0.1127,0.0606,0.1679,0.1764,19.9612,38.7686
1147065000,신정4동,양천구,52.2,10.2,1119.0,43.0,0.0384,0.9964,43.16,0.3095297727130424,3884898.0,5146589.873912049,1.3248,943238.7507477165,1947539.2626782195,0.4168,0.1127,0.1677,0.1679,0.3088,18.1739,73.1238
1147067000,신정6동,양천구,52.2,10.2,1119.0,43.0,0.0384,0.9402,45.73,0.2136830674129145,3884898.0,5146589.873912049,1.3248,944305.1970164812,1946475.0829669547,0.4168,0.1127,0.1776,0.1679,0.1215,10.3712,52.626
1147068000,신정7동,양천구,52.2,10.2,1119.0,43.0,0.0384,1.2332,34.87,0.2084597474070415,3884898.0,5146589.873912049,1.3248,943915.4616214621,1945811.2122165777,0.4168,0.1127,0.1354,0.1679,0.1113,11.5259,39.0619
1150051000,염창동,강서구,90.85,65.4,234.0,1.0,0.0043,1.7332,0.58,0.305899419729207,3875957.0,7379193.17577315,1.9038,944513.6087411246,1950763.1286912586,0.7685,0.7227,0.0023,0.2772,0.3017,59.2033,6.6649
1150052000,등촌제1동,강서구,83.36,39.4,492.0,12.0,0.0244,0.6503,18.45,0.457047706937367,4412693.0,7106147.311577975,1.6104,943437.7318979764,1950916.1806238005,0.7004,0.4354,0.0717,0.2218,0.597,46.7461,20.5397
1150053000,등촌제2동,강서구,83.36,39.4,492.0,12.0,0.0244,0.91,13.19,0.311740473738414,4412693.0,7106147.311577975,1.6104,943467.0541378092,1949804.809356607,0.7004,0.4354,0.0512,0.2218,0.3131,34.4386,42.9728
1150053500,등촌제3동,강서구,83.36,39.4,492.0,12.0,0.0244,1.0596,11.33,0.2679346352047735,4412693.0,7106147.311577975,1.6104,942257.001093606,1951517.2977223797,0.7004,0.4354,0.044,0.2218,0.2275,42.8589,15.9587
1150054000,화곡제1동,강서구,84.11,41.7,4506.0,90.0,0.02,1.1967,75.21,0.3816747572815534,3649314.0,4610570.587378584,1.2634,941769.9583912382,1948477.2692997085,0.7072,0.4608,0.2921,0.1563,0.4497,38.908,87.049
1150055000,화곡제2동,강서구,84.11,41.7,4506.0,90.0,0.02,0.4543,198.11,0.2922816638469167,3649314.0,4610570.587378584,1.2634,942958.0736510063,1948301.341761974,0.7072,0.4608,0.7695,0.1563,0.2751,37.595,141.1944
1150056000,화곡제3동,강서구,84.11,41.7,4506.0,90.0,0.02,0.5214,172.61,0.2904766408170985,3649314.0,4610570.587378584,1.2634,941193.3776260504,1949615.354330888,0.7072,0.4608,0.6705,0.1563,0.2716,38.6572,115.1155
1150057000,화곡제4동,강서구,84.11,41.7,4506.0,90.0,0.02,0.8514,105.71,0.2763788666296614,3649314.0,4610570.587378584,1.2634,943333.3105166203,1948722.5048775892,0.7072,0.4608,0.4106,0.1563,0.244,37.4721,117.3068
1150059000,화곡본동,강서구,84.11,41.7,4506.0,90.0,0.02,0.9717,92.62,0.3541073914885889,3649314.0,4610570.587378584,1.2634,942412.5663167812,1949456.062859277,0.7072,0.4608,0.3598,0.1563,0.3959,41.4515,97.5741
1150059100,화곡제6동,강서구,84.11,41.7,4506.0,90.0,0.02,1.0372,86.77,0.3547880690737833,3649314.0,4610570.587378584,1.2634,942694.5028629657,1950462.1713284452,0.7072,0.4608,0.337,0.1563,0.3972,41.3855,67.5658
1150059300,화곡제8동,강서구,84.11,41.7,4506.0,90.0,0.02,0.5933,151.69,0.3138187221396731,3649314.0,4610570.587378584,1.2634,942463.9515330311,1948527.211557728,0.7072,0.4608,0.5892,0.1563,0.3172,40.7319,136.1792
1150060300,가양제1동,강서구,73.24,42.5,319.0,19.0,0.0596,4.8658,3.9,0.4948553621825023,3017095.0,5629129.995604234,1.8657,941268.5651538038,1952708.5047247305,0.6083,0.4696,0.0151,0.27,0.6709,42.4482,4.1593
1150060400,가양제2동,강서구,89.36,61.7,81.0,0.0,0.0,0.8233,0.0,0.2626120453366916,3849097.0,6873717.588603524,1.7858,942982.0767477924,1952129.7103016176,0.755,0.6818,0.0,0.2549,0.2171,58.4732,1.991
1150060500,가양제3동,강서구,89.36,61.7,81.0,0.0,0.0,0.4723,0.0,0.294792399718508,3849097.0,6873717.588603524,1.7858,943572.9844306258,1951464.2228029799,0.755,0.6818,0.0,0.2549,0.28,54.7274,6.8792
1150061100,발산제1동,강서구,81.76,38.4,687.0,26.0,0.0378,2.8856,9.01,0.2261404981808004,2775747.0,5396999.37670381,1.9443,940399.7097092555,1950343.6353746378,0.6858,0.4243,0.035,0.2849,0.1459,38.3113,26.2521
1150061500,우장산동,강서구,84.58,41.8,4922.0,96.0,0.0195,1.2607,76.15,0.2404832043113881,3641231.0,4697817.086716505,1.2902,941801.5781562927,1950345.3292588573,0.7115,0.4619,0.2958,0.1614,0.1739,41.5827,85.8528
1150062000,공항동,강서구,72.15,36.0,1070.0,48.0,0.0449,10.9559,4.38,0.2916821200984524,2481075.0,5293222.603435031,2.1334,937722.1293527458,1950957.6801442334,0.5983,0.3978,0.017,0.3206,0.2739,36.0,4.3802
1150063000,방화제1동,강서구,72.15,36.0,1070.0,48.0,0.0449,1.4745,32.55,0.2479129114884735,2889424.0,5293222.603435031,1.8319,939735.5297458076,1952356.5579945382,0.5983,0.3978,0.1264,0.2636,0.1884,35.9817,32.081
1150064000,방화제2동,강서구,67.74,30.4,612.0,24.0,0.0392,6.1531,3.9,0.3014132875445779,2201593.0,5133724.540417628,2.3318,938550.4060829467,1953930.5541934862,0.5582,0.3359,0.0151,0.358,0.2929,30.4023,4.2039
1150064100,방화제3동,강서구,67.74,30.4,605.0,24.0,0.0397,2.557,9.39,0.2441501904589152,2870917.0,5133724.540417628,1.7882,939747.4820780349,1953855.289953647,0.5582,0.3359,0.0365,0.2554,0.1811,30.4667,9.3397
1153051000,신도림동,구로구,27.82,7.9,92.0,0.0,0.0,1.3918,0.0,0.2779760245330359,3346402.0,2504841.0909279115,0.7485,945397.3943209819,1945818.3792813641,0.1949,0.0873,0.0,0.0591,0.2471,13.898,7.6224
1153052000,구로제1동,구로구,72.21,28.1,1381.0,32.0,0.0232,1.0082,31.74,0.2902519700359957,3285041.0,4732261.348186545,1.4405,944786.0366392308,1943948.5148672431,0.5989,0.3105,0.1233,0.1897,0.2711,27.9512,28.2291
1153053000,구로제2동,구로구,72.21,28.1,1381.0,32.0,0.0232,1.7021,18.8,0.2472044728434504,3285041.0,4732261.348186545,1.4405,945188.354286935,1944360.318473991,0.5989,0.3105,0.073,0.1897,0.187,27.8615,25.9493
1153054000,구로제3동,구로구,72.21,28.1,1381.0,32.0,0.0232,1.0393,30.79,0.388536397153391,3285041.0,4732261.348186545,1.4405,946505.3696336827,1943020.0318166735,0.5989,0.3105,0.1196,0.1897,0.4632,25.2505,43.0218
1153055000,구로제4동,구로구,72.21,28.1,1381.0,32.0,0.0232,0.5241,61.06,0.2835836795568339,3285041.0,4732261.348186545,1.4405,946103.085665921,1943769.8076020991,0.5989,0.3105,0.2372,0.1897,0.2581,26.2165,51.51
1153056000,구로제5동,구로구,72.21,28.1,1381.0,32.0,0.0232,1.0117,31.63,0.3623064272988899,3285041.0,4732261.348186545,1.4405,945955.1135092662,1944922.9299554913,0.5989,0.3105,0.1229,0.1897,0.4119,25.4397,33.0114
1153059500,가리봉동,구로구,55.43,11.5,195.0,11.0,0.0564,0.4107,26.78,0.3491232065588704,3487281.0,5206150.54697229,1.4929,945897.8281445769,1942782.149778168,0.4462,0.1271,0.104,0.1996,0.3861,27.5638,27.4946
1153072000,고척제1동,구로구,65.89,21.1,421.0,43.0,0.1021,1.1504,37.38,0.3190503323836657,2872799.0,4130336.1028449354,1.4377,943757.6395040049,1944794.9390624845,0.5414,0.2331,0.1452,0.1892,0.3274,22.1133,38.5158
1153073000,고척제2동,구로구,65.89,21.1,421.0,43.0,0.1021,1.0247,41.96,0.2382587890248138,2872799.0,4130336.1028449354,1.4377,942857.2132140687,1945376.658084254,0.5414,0.2331,0.163,0.1892,0.1695,24.4746,39.7216
1153074000,개봉제1동,구로구,80.89,41.1,1231.0,46.0,0.0374,1.3193,34.87,0.2711400102351064,2931131.0,4257678.018079057,1.4526,942468.9259011773,1944725.6509268163,0.6779,0.4541,0.1354,0.192,0.2338,32.8931,39.5008
1153075000,개봉제2동,구로구,80.89,41.1,1231.0,46.0,0.0374,0.7819,58.83,0.2431980188079381,2931131.0,4257678.018079057,1.4526,943113.7225152559,1943896.6948681052,0.6779,0.4541,0.2285,0.192,0.1792,39.4705,54.8371
1153076000,개봉제3동,구로구,80.89,41.1,1231.0,46.0,0.0374,0.8278,55.57,0.2374644742184328,2931131.0,4257678.018079057,1.4526,942732.0535544204,1943229.8389717324,0.6779,0.4541,0.2159,0.192,0.168,40.0571,54.4261
1153077000,오류제1동,구로구,61.36,18.5,525.0,33.0,0.0629,0.7271,45.39,0.3820595086362238,2750477.0,3466787.672666874,1.2604,941805.4822392917,1944382.4181042016,0.5001,0.2044,0.1763,0.1557,0.4505,24.159,41.8556
1153078000,오류제2동,구로구,61.38,18.3,615.0,33.0,0.0537,3.0589,10.79,0.2345112681690892,2641567.0,3480050.1197264413,1.3174,941513.8488606887,1943100.9340543982,0.5003,0.2022,0.0419,0.1665,0.1622,19.4011,13.9405
1153079000,수궁동,구로구,51.73,16.4,508.0,24.0,0.0472,2.6594,9.02,0.2458721236606358,1947427.0,3242393.404808088,1.665,940424.9494700461,1944566.238113807,0.4125,0.1812,0.035,0.2321,0.1844,16.4485,9.7661
1154551000,가산동,금천구,116.28,78.9,169.0,14.0,0.0828,2.511,5.58,0.5467643368812983,3187423.0,7307344.065216957,2.2926,945516.0459977122,1942115.2836656498,1.0,0.8718,0.0217,0.3506,0.7723,62.1715,11.3353
1154561000,독산제1동,금천구,82.85,46.1,1141.0,82.0,0.0719,2.0604,39.8,0.3960105981948603,3092458.0,5987073.904956482,1.936,946276.8320724155,1940739.777924243,0.6957,0.5094,0.1546,0.2833,0.4778,46.064,59.3832
1154562000,독산제2동,금천구,82.85,46.1,1141.0,82.0,0.0719,0.6168,132.94,0.2752180720196824,3092458.0,5987073.904956482,1.936,947181.8502605193,1940694.2579852382,0.6957,0.5094,0.5164,0.2833,0.2418,43.5394,117.4966
1154563000,독산제3동,금천구,82.85,46.1,1141.0,82.0,0.0719,0.9343,87.77,0.3130998484593366,3092458.0,5987073.904956482,1.936,947355.8073139574,1942006.4392039613,0.6957,0.5094,0.3409,0.2833,0.3158,43.7616,95.511
1154564000,독산제4동,금천구,82.85,46.1,1141.0,82.0,0.0719,0.5906,138.84,0.273155737704918,3092458.0,5987073.904956482,1.936,947305.633643219,1941273.2224769644,0.6957,0.5094,0.5393,0.2833,0.2377,45.2605,121.3742
1154567000,시흥제1동,금천구,74.75,32.4,1392.0,80.0,0.0575,1.5222,52.56,0.286228734633056,2907949.0,4843498.369137558,1.6656,946945.1082188081,1939415.5023885695,0.622,0.358,0.2042,0.2322,0.2633,32.9489,57.6039
1154568000,시흥제2동,금천구,74.75,32.4,1392.0,80.0,0.0575,1.3079,61.17,0.2108612231019575,2907949.0,4843498.369137558,1.6656,948684.3700290297,1939237.4738822326,0.622,0.358,0.2376,0.2322,0.116,32.7269,61.5614
1154569000,시흥제3동,금천구,74.75,32.4,1392.0,80.0,0.0575,1.2605,63.47,0.2436197155659458,2907949.0,4843498.369137558,1.6656,947454.0803035885,1938044.0189780933,0.622,0.358,0.2465,0.2322,0.18,32.4,62.6445
1154570000,시흥제4동,금천구,74.75,32.4,1392.0,80.0,0.0575,0.8211,97.43,0.2428315870176335,2907949.0,4843498.369137558,1.6656,947760.704890417,1940260.1018783897,0.622,0.358,0.3785,0.2322,0.1785,36.6217,101.5613
1154571000,시흥제5동,금천구,74.75,32.4,1392.0,80.0,0.0575,1.386,57.72,0.23376480912681,2907949.0,4843498.369137558,1.6656,948021.587186326,1938859.7184816785,0.622,0.358,0.2242,0.2322,0.1608,32.4196,59.3058
1156051500,영등포본동,영등포구,52.64,6.4,827.0,90.0,0.1088,0.8457,106.42,0.2892822966507177,3701041.0,7242221.38481154,1.9568,947817.7049603986,1946207.2084068973,0.4208,0.0707,0.4134,0.2872,0.2692,10.5957,115.8877
1156053500,영등포동,영등포구,78.68,49.1,137.0,7.0,0.0511,1.3714,5.1,0.5430357376619976,6837604.0,8821748.862379951,1.2902,947652.4748333329,1947086.711649738,0.6578,0.5425,0.0198,0.1614,0.765,42.922,21.9457
1156055000,당산제1동,영등포구,84.42,56.6,52.0,5.0,0.0962,0.7448,6.71,0.4087511307908394,5476465.0,10133845.706494527,1.8504,946698.0132734979,1947349.035656866,0.71,0.6254,0.0261,0.2671,0.5026,55.8132,6.7019
1156056000,당산제2동,영등포구,92.58,62.2,104.0,0.0,0.0,1.5799,0.0,0.4074084154373741,4421227.0,9606006.11994909,2.1727,947199.3476928783,1948478.0998822413,0.7843,0.6873,0.0,0.328,0.5,61.2704,0.4878
1156058500,도림동,영등포구,49.63,2.2,147.0,11.0,0.0748,0.5855,18.79,0.3287266109310129,3008021.0,6584135.6626044335,2.1889,947021.4934551846,1945705.8737843123,0.3934,0.0243,0.073,0.331,0.3463,7.9014,85.3097
1156060500,문래동,영등포구,79.32,58.3,56.0,0.0,0.0,1.7854,0.0,0.2825857027312885,4745179.0,9994333.203120887,2.1062,946187.2751702316,1946534.4796873922,0.6636,0.6442,0.0,0.3154,0.2562,51.1066,3.8535
1156061000,양평제1동,영등포구,84.95,55.9,54.0,11.0,0.2037,0.9742,11.29,0.4135276326642838,5236819.0,9485129.228028039,1.8112,945810.0588242797,1947527.266425742,0.7148,0.6177,0.0439,0.2597,0.512,52.0279,12.9832
1156062000,양평제2동,영등포구,84.92,58.9,145.0,4.0,0.0276,2.8725,1.39,0.4067751400373433,4216031.0,8425441.500000084,1.9984,946165.3148753186,1949527.4302592766,0.7146,0.6508,0.0054,0.2951,0.4988,55.9054,2.7714
1156063000,신길제1동,영등포구,54.19,7.0,737.0,83.0,0.1126,0.7224,114.89,0.3725023294336888,3670041.0,7290061.992715252,1.9864,948696.0130975628,1946063.736118803,0.4349,0.0773,0.4463,0.2928,0.4318,7.9361,124.5052
1156065000,신길제3동,영등포구,54.19,7.0,737.0,83.0,0.1126,0.5197,159.71,0.2675040417858475,3670041.0,7290061.992715252,1.9864,947480.3069425133,1945384.257634353,0.4349,0.0773,0.6204,0.2928,0.2267,7.711,152.8526
1156066000,신길제4동,영등포구,54.19,7.0,737.0,83.0,0.1126,0.3224,257.44,0.2610825373499877,3670041.0,7290061.992715252,1.9864,948104.4495095244,1945451.5692789261,0.4349,0.0773,1.0,0.2928,0.2141,7.2921,176.5049
1156067000,신길제5동,영등포구,56.43,11.2,1226.0,122.0,0.0995,0.4943,246.81,0.241079460269865,3704310.0,6682859.889111211,1.8041,947453.5725187453,1944798.8331018733,0.4553,0.1238,0.9587,0.2584,0.1751,12.0568,161.8091
1156068000,신길제6동,영등포구,54.19,7.0,737.0,83.0,0.1126,0.6179,134.33,0.3241863075196408,3670041.0,7290061.992715252,1.9864,948165.8944384637,1944553.6449693027,0.4349,0.0773,0.5218,0.2928,0.3374,10.3856,136.8081
1156069000,신길제7동,영등포구,54.19,7.0,737.0,83.0,0.1126,0.6467,128.34,0.2886883758443391,3670041.0,7290061.992715252,1.9864,948698.9150043336,1945343.686059263,0.4349,0.0773,0.4985,0.2928,0.2681,8.403,135.4788
1156070000,대림제1동,영등포구,62.9,23.4,489.0,39.0,0.0798,0.4986,78.22,0.2634817227651104,3770702.0,4929388.467812414,1.3073,947422.3495993129,1943991.1255466316,0.5142,0.2586,0.3038,0.1646,0.2188,19.9251,86.5538
1156071000,대림제2동,영등포구,62.9,23.4,489.0,39.0,0.0798,0.5721,68.17,0.3128058039480344,3770702.0,4929388.467812414,1.3073,947002.8146826319,1943543.5246244166,0.5142,0.2586,0.2648,0.1646,0.3152,24.4288,64.1155
1156072000,대림제3동,영등포구,62.9,23.4,489.0,39.0,0.0798,0.921,42.35,0.2729627231523448,3770702.0,4929388.467812414,1.3073,946713.0650746047,1944697.1228077004,0.5142,0.2586,0.1645,0.1646,0.2373,20.2248,81.9711
1159051000,노량진제1동,동작구,35.14,0.0,250.0,21.0,0.084,1.6122,13.03,0.3589423407111416,4952292.0,7677421.3686404405,1.5503,951301.06870287,1946026.423052844,0.2615,0.0,0.0506,0.2105,0.4053,1.0071,20.1407
1159052000,노량진제2동,동작구,36.26,0.0,181.0,19.0,0.105,0.6001,31.66,0.3753278290432248,5462395.0,7877287.891572116,1.4421,950314.9787398896,1945890.237198523,0.2717,0.0,0.123,0.19,0.4373,3.4596,38.5353
1159053000,상도제1동,동작구,61.01,13.4,2136.0,84.0,0.0393,1.4814,56.7,0.3648864582630027,3896836.0,5607591.113281346,1.439,951680.5568795713,1944485.8904256185,0.497,0.1481,0.2202,0.1894,0.4169,18.163,64.6699
1159054000,상도제2동,동작구,59.98,11.9,1937.0,80.0,0.0413,0.7784,102.77,0.3057058802164675,3761237.0,5591696.995817413,1.4867,950669.098034937,1945081.0066643115,0.4876,0.1315,0.3992,0.1985,0.3013,10.3607,85.3924
1159055000,상도제3동,동작구,59.98,11.9,1937.0,80.0,0.0413,0.6369,125.61,0.3332776896753192,3761237.0,5591696.995817413,1.4867,949875.080398796,1944407.1822722638,0.4876,0.1315,0.4879,0.1985,0.3552,17.5435,96.4993
1159056000,상도제4동,동작구,59.98,11.9,1937.0,80.0,0.0413,0.9389,85.21,0.3170223467701372,3761237.0,5591696.995817413,1.4867,950558.8427644363,1944387.1478976859,0.4876,0.1315,0.331,0.1985,0.3234,15.4243,91.9981
1159060500,흑석동,동작구,56.93,13.8,193.0,16.0,0.0829,1.707,9.37,0.2866333333333333,5139919.0,6399213.331486012,1.245,952470.3346814106,1945264.0454929955,0.4598,0.1525,0.0364,0.1528,0.2641,13.3095,13.5721
1159062000,사당제1동,동작구,56.27,14.9,1366.0,104.0,0.0761,0.6347,163.86,0.4385100337417865,4788354.0,6572258.958507631,1.3726,953805.1677014885,1942412.0095601361,0.4538,0.1646,0.6365,0.1769,0.5608,15.1928,176.1602
1159063000,사당제2동,동작구,56.29,14.7,1422.0,104.0,0.0731,2.7611,37.67,0.2798723177868416,4518692.0,6538768.074406539,1.447,953578.3271917851,1944344.7449320017,0.454,0.1624,0.1463,0.191,0.2508,14.2943,50.9117
1159064000,사당제3동,동작구,56.27,14.9,1366.0,104.0,0.0761,0.907,114.66,0.2783865801230717,4788354.0,6572258.958507631,1.3726,953232.3976774223,1943409.9940683458,0.4538,0.1646,0.4454,0.1769,0.2479,17.3644,132.7838
1159065000,사당제4동,동작구,56.27,14.9,1366.0,104.0,0.0761,0.4358,238.64,0.3408877661494045,4788354.0,6572258.958507631,1.3726,953208.0332538862,1942498.7843258714,0.4538,0.1646,0.927,0.1769,0.3701,18.4663,179.958
1159065100,사당제5동,동작구,56.27,14.9,1366.0,104.0,0.0761,0.6817,152.56,0.3190782498056125,4788354.0,6572258.958507631,1.3726,952698.5895089635,1943085.2407297357,0.4538,0.1646,0.5926,0.1769,0.3274,25.1596,141.408
1159066000,대방동,동작구,56.92,16.6,326.0,9.0,0.0276,1.5438,5.83,0.3095391511416164,4313205.0,6626218.063431344,1.5363,949449.398723032,1945445.9076695493,0.4597,0.1834,0.0226,0.2078,0.3088,12.1811,51.141
1159067000,신대방제1동,동작구,57.72,15.1,323.0,15.0,0.0464,0.6748,22.23,0.2769105412127969,3916227.0,5485573.61361529,1.4007,947902.0291052316,1943578.1365825601,0.467,0.1669,0.0864,0.1822,0.2451,21.7391,62.8162
1159068000,신대방제2동,동작구,57.72,15.1,323.0,15.0,0.0464,0.9697,15.47,0.3372114078768674,3916227.0,5485573.61361529,1.4007,948877.3119603283,1944081.9177520713,0.467,0.1669,0.0601,0.1822,0.3629,18.9583,59.5505
1162052500,보라매동,관악구,83.6,45.0,2536.0,47.0,0.0185,0.7561,62.16,0.3605672690763052,4217302.0,5915198.877152081,1.4026,949838.7433731237,1943612.4236738447,0.7026,0.4972,0.2415,0.1826,0.4085,36.2412,85.7336
1162054500,청림동,관악구,83.6,45.0,2536.0,47.0,0.0185,0.2969,158.3,0.2706272862755724,4217302.0,5915198.877152081,1.4026,952216.6897174082,1943505.555166368,0.7026,0.4972,0.6149,0.1826,0.2328,36.1655,129.7559
1162056500,성현동,관악구,83.6,45.0,2536.0,47.0,0.0185,0.6777,69.35,0.2491791703442188,4217302.0,5915198.877152081,1.4026,951471.0267504854,1943508.4852404168,0.7026,0.4972,0.2694,0.1826,0.1909,42.0817,92.3723
1162057500,행운동,관악구,83.6,45.0,2536.0,47.0,0.0185,0.7177,65.49,0.4733098542918307,4217302.0,5915198.877152081,1.4026,952305.9653420545,1942552.2147088924,0.7026,0.4972,0.2544,0.1826,0.6288,35.4612,111.2929
1162058500,낙성대동,관악구,83.6,45.0,2536.0,47.0,0.0185,2.2611,20.79,0.5586175221035711,4217302.0,5915198.877152081,1.4026,952234.7625370733,1941078.566547913,0.7026,0.4972,0.0808,0.1826,0.7954,44.9344,27.5344
1162059500,청룡동,관악구,83.6,45.0,2536.0,47.0,0.0185,1.1947,39.34,0.531904828161959,4217302.0,5915198.877152081,1.4026,951000.5982591674,1942236.0920897298,0.7026,0.4972,0.1528,0.1826,0.7433,43.3653,63.1826
1162060500,은천동,관악구,83.6,45.0,2536.0,47.0,0.0185,0.7756,60.6,0.3139979052430534,4217302.0,5915198.877152081,1.4026,950678.3463606358,1943230.1083374808,0.7026,0.4972,0.2354,0.1826,0.3175,43.0306,73.8507
1162061500,중앙동,관악구,83.6,45.0,2536.0,47.0,0.0185,0.3844,122.27,0.504218167549539,4217302.0,5915198.877152081,1.4026,951433.2625760956,1942909.7356660163,0.7026,0.4972,0.4749,0.1826,0.6892,44.322,93.5012
1162062500,인헌동,관악구,83.6,45.0,2536.0,47.0,0.0185,1.0883,43.19,0.4250117352526991,4217302.0,5915198.877152081,1.4026,952918.4849729436,1941297.9046019746,0.7026,0.4972,0.1678,0.1826,0.5344,43.977,43.3096
1162063000,남현동,관악구,87.58,50.0,269.0,5.0,0.0186,3.2786,1.53,0.4215620076524871,4954156.0,7227124.240653858,1.4588,953817.6565830024,1940672.8646668731,0.7388,0.5525,0.0059,0.1932,0.5277,48.6369,6.0546
1162064500,서원동,관악구,77.35,38.3,2485.0,69.0,0.0278,0.6471,106.63,0.501109129659432,3978718.0,5462043.4202663675,1.3728,949899.0238706318,1942524.7219970652,0.6457,0.4232,0.4142,0.177,0.6831,39.1977,104.7695
1162065500,신원동,관악구,77.35,38.3,2485.0,69.0,0.0278,0.5446,126.7,0.4310656571363996,3978718.0,5462043.4202663675,1.3728,949304.19345626,1942394.742343847,0.6457,0.4232,0.4922,0.177,0.5462,38.3812,112.9206
1162066500,서림동,관악구,77.35,38.3,2485.0,69.0,0.0278,0.9406,73.36,0.4455445544554455,3978718.0,5462043.4202663675,1.3728,950615.3523525512,1941661.93928677,0.6457,0.4232,0.285,0.177,0.5745,40.1129,66.9532
1162068500,신사동,관악구,77.35,38.3,2485.0,69.0,0.0278,0.6406,107.71,0.4549392640228653,3978718.0,5462043.4202663675,1.3728,948602.2621310364,1943112.4706812205,0.6457,0.4232,0.4184,0.177,0.5929,33.9308,92.9145
1162069500,신림동,관악구,77.35,38.3,2485.0,69.0,0.0278,0.5408,127.59,0.6633150517976844,3978718.0,5462043.4202663675,1.3728,949358.4736326557,1943253.8345310595,0.6457,0.4232,0.4956,0.177,1.0,37.5864,101.6026
1162071500,난향동,관악구,77.35,38.3,2485.0,69.0,0.0278,0.8208,84.06,0.2162107258938244,3978718.0,5462043.4202663675,1.3728,948576.7054340503,1940414.0855509825,0.6457,0.4232,0.3265,0.177,0.1265,37.2497,80.5822
1162072500,조원동,관악구,77.35,38.3,2485.0,69.0,0.0278,0.6661,103.59,0.4488474092207262,3978718.0,5462043.4202663675,1.3728,947603.2280771603,1942785.6763402238,0.6457,0.4232,0.4024,0.177,0.581,34.6231,83.1076
1162073500,대학동,관악구,77.35,38.3,2485.0,69.0,0.0278,8.3989,8.22,0.4731380479633942,3978718.0,5462043.4202663675,1.3728,951223.8754878448,1939444.9276045917,0.6457,0.4232,0.0319,0.177,0.6284,38.3042,8.2488
1162074500,삼성동,관악구,77.35,38.3,2485.0,69.0,0.0278,2.6025,26.51,0.2204834288562173,3978718.0,5462043.4202663675,1.3728,949599.0253673702,1940335.4770972666,0.6457,0.4232,0.103,0.177,0.1348,38.2092,34.2568
1162076500,미성동,관악구,77.35,38.3,2485.0,69.0,0.0278,1.3584,50.8,0.2873888439773646,3978718.0,5462043.4202663675,1.3728,948316.9681591402,1942016.1013227152,0.6457,0.4232,0.1973,0.177,0.2655,39.0902,69.9727
1162077500,난곡동,관악구,77.35,38.3,2485.0,69.0,0.0278,0.9717,71.01,0.2778453927996545,3978718.0,5462043.4202663675,1.3728,948814.0660679548,1941426.0519150551,0.6457,0.4232,0.2758,0.177,0.2469,38.3665,71.6584
1165051000,서초1동,서초구,62.14,28.1,736.0,45.0,0.0611,1.3816,32.57,0.2954411185506105,10069025.0,9154493.599652596,0.9092,957574.1614289708,1943185.097497074,0.5072,0.3105,0.1265,0.0894,0.2813,26.6024,34.0755
1165052000,서초2동,서초구,62.14,28.1,736.0,45.0,0.0611,1.2302,36.58,0.3300266624843161,10069025.0,9154493.599652596,0.9092,958265.4736937886,1943391.470607739,0.5072,0.3105,0.1421,0.0894,0.3488,26.8478,34.2446
1165053000,서초3동,서초구,56.61,14.1,2273.0,105.0,0.0462,2.9963,35.04,0.3325933337502345,9042297.0,8704634.726216018,0.9627,956632.0727031586,1943032.8439632074,0.4569,0.1558,0.1361,0.0995,0.3539,15.5632,37.5816
1165053100,서초4동,서초구,62.14,28.1,736.0,45.0,0.0611,0.8791,51.19,0.2148487746957353,10069025.0,9154493.599652596,0.9092,957555.619147498,1944517.77159838,0.5072,0.3105,0.1988,0.0894,0.1238,23.0414,57.0198
1165054000,잠원동,서초구,48.06,11.0,175.0,46.0,0.2629,1.7555,26.2,0.2473419138220481,10695644.0,7532554.971300486,0.7043,956940.4429976452,1946532.6225876664,0.3791,0.1215,0.1018,0.0507,0.1873,10.6455,27.5249
1165055000,반포본동,서초구,50.82,6.4,703.0,84.0,0.1195,0.9718,86.44,0.1965065502183406,11450504.0,8168097.381104799,0.7133,954707.5203084013,1945116.9127229166,0.4042,0.0707,0.3358,0.0524,0.088,6.63,80.3574
1165056000,반포1동,서초구,50.82,6.4,703.0,84.0,0.1195,0.9916,84.71,0.2667808017002184,11450504.0,8168097.381104799,0.7133,957289.6212750832,1945249.3304294297,0.4042,0.0707,0.329,0.0524,0.2253,11.8732,71.727
1165057000,반포2동,서초구,50.82,6.4,703.0,84.0,0.1195,1.395,60.22,0.182127659574468,11450504.0,8168097.381104799,0.7133,955452.1872444244,1945447.1695585742,0.4042,0.0707,0.2339,0.0524,0.0599,6.93,61.4334
1165058000,반포3동,서초구,48.06,11.0,175.0,46.0,0.2629,1.2508,36.78,0.2140638119227539,10695644.0,7532554.971300486,0.7043,956163.4953900668,1946009.4994557826,0.3791,0.1215,0.1429,0.0507,0.1223,10.1371,39.5707
1165058100,반포4동,서초구,50.82,6.4,703.0,84.0,0.1195,1.4261,58.9,0.2384012962462867,11450504.0,8168097.381104799,0.7133,956100.9512471473,1944592.3094422827,0.4042,0.0707,0.2288,0.0524,0.1698,6.7846,59.7193
1165059000,방배본동,서초구,54.02,7.5,1537.0,60.0,0.039,0.677,88.63,0.2282693813625685,8461067.0,8493386.663147544,1.0038,954716.8492304237,1944100.4670481947,0.4333,0.0829,0.3443,0.1073,0.15,7.7114,79.5897
1165060000,방배1동,서초구,54.02,7.5,1537.0,60.0,0.039,0.6887,87.12,0.2941781650931978,8461067.0,8493386.663147544,1.0038,955465.2451223665,1942967.6279053614,0.4333,0.0829,0.3384,0.1073,0.2788,7.7928,76.3975
1165061000,방배2동,서초구,54.02,7.5,1537.0,60.0,0.039,1.9026,31.54,0.2769511588030311,8461067.0,8493386.663147544,1.0038,954765.4268369394,1941676.6005953206,0.4333,0.0829,0.1225,0.1073,0.2451,8.5405,36.1769
1165062000,방배3동,서초구,54.02,7.5,1537.0,60.0,0.039,2.3733,25.28,0.2326303841328633,8461067.0,8493386.663147544,1.0038,955606.0166559666,1941801.463133245,0.4333,0.0829,0.0982,0.1073,0.1586,7.538,29.5614
1165062100,방배4동,서초구,54.02,7.5,1537.0,60.0,0.039,0.9488,63.24,0.2619110176913645,8461067.0,8493386.663147544,1.0038,955001.3066918821,1943519.9363272663,0.4333,0.0829,0.2456,0.1073,0.2158,7.5485,74.1673
1165065100,양재1동,서초구,54.79,4.3,1011.0,40.0,0.0396,5.7601,6.94,0.2550622682764521,6185805.0,7759603.873958408,1.2544,957776.1263461967,1941249.6929015957,0.4403,0.0475,0.027,0.1546,0.2024,4.3151,6.9594
1165065200,양재2동,서초구,54.83,4.2,776.0,37.0,0.0477,7.5574,4.9,0.3426763534098898,5544602.0,7840973.168515524,1.4142,959822.793170538,1939203.8566934243,0.4407,0.0464,0.019,0.1848,0.3736,4.2016,4.8998
1165066000,내곡동,서초구,81.35,47.8,81.0,2.0,0.0247,12.6992,0.16,0.2308584014374311,1310668.0,7512738.998525701,5.732,962025.6989167812,1939715.7509427613,0.6821,0.5282,0.0006,1.0,0.1551,47.7983,0.1603
1168051000,신사동,강남구,47.54,2.5,153.0,1.0,0.0065,2.0577,0.49,0.2562058461339037,13747566.0,6657579.6529583605,0.4843,957603.7172529997,1947527.5043277054,0.3744,0.0276,0.0019,0.0092,0.2046,3.0782,1.9241
1168052100,논현1동,강남구,61.67,21.5,780.0,28.0,0.0359,1.2578,22.26,0.4355372682557699,11007022.0,8563244.780659975,0.778,958153.7422031447,1945948.5355412762,0.503,0.2376,0.0865,0.0646,0.555,20.2408,26.0094
1168053100,논현2동,강남구,61.67,21.5,780.0,28.0,0.0359,1.4574,19.21,0.3566324033284386,11007022.0,8563244.780659975,0.778,959013.8999447541,1946318.1104232161,0.503,0.2376,0.0746,0.0646,0.4008,20.3255,18.9346
1168054500,압구정동,강남구,47.54,2.5,153.0,1.0,0.0065,2.3433,0.43,0.2162162162162162,13747566.0,6657579.6529583605,0.4843,958854.1760180698,1947928.9592538693,0.3744,0.0276,0.0017,0.0092,0.1265,2.8315,0.7151
1168056500,청담동,강남구,47.01,10.8,235.0,2.0,0.0085,2.3274,0.86,0.278989898989899,13548388.0,9148082.440712264,0.6752,960278.3296446303,1947327.3547799846,0.3695,0.1193,0.0033,0.0452,0.2491,10.2083,1.7063
1168058000,삼성1동,강남구,36.45,1.8,528.0,11.0,0.0208,1.9431,5.66,0.2703471826977803,12081406.0,7455469.70031967,0.6171,961187.1076669878,1946314.8359154754,0.2734,0.0199,0.022,0.0343,0.2322,2.2058,6.2416
1168059000,삼성2동,강남구,36.45,1.8,528.0,11.0,0.0208,1.2413,8.86,0.2772832501874857,12081406.0,7455469.70031967,0.6171,960122.5937900529,1945937.4435659533,0.2734,0.0199,0.0344,0.0343,0.2458,3.2077,10.1701
1168060000,대치1동,강남구,48.66,3.4,551.0,24.0,0.0436,0.8092,29.66,0.151478550603915,10644887.0,7788304.00904786,0.7316,961024.3768738688,1943881.2978018748,0.3845,0.0376,0.1152,0.0559,0.0,3.6661,27.0673
1168061000,대치2동,강남구,48.66,3.4,551.0,24.0,0.0436,1.836,13.07,0.1950112195376507,10644887.0,7788304.00904786,0.7316,961608.8370539164,1944724.463024221,0.3845,0.0376,0.0508,0.0559,0.0851,4.3772,18.0584
1168063000,대치4동,강남구,48.66,3.4,551.0,24.0,0.0436,0.7005,34.26,0.3249233047709722,10644887.0,7788304.00904786,0.7316,960645.3825715377,1944793.075808465,0.3845,0.0376,0.1331,0.0559,0.3389,4.9316,30.5762
1168064000,역삼1동,강남구,58.63,17.0,838.0,38.0,0.0453,2.3603,16.1,0.4788995103753788,11082370.0,8622746.129940227,0.7781,958943.0639699143,1944721.3365550274,0.4753,0.1878,0.0625,0.0647,0.6397,17.0608,19.8195
1168065000,역삼2동,강남구,58.63,17.0,838.0,38.0,0.0453,1.1342,33.5,0.2443059087304842,11082370.0,8622746.129940227,0.7781,959772.3653251743,1944455.3575490217,0.4753,0.1878,0.1301,0.0647,0.1814,14.1061,28.4509
1168065500,도곡1동,강남구,59.53,4.3,158.0,5.0,0.0316,1.0498,4.76,0.2555027635023756,9024582.0,7695015.714166401,0.8527,959423.816017432,1943392.4055376677,0.4835,0.0475,0.0185,0.0788,0.2032,6.2838,8.1563
1168065600,도곡2동,강남구,59.53,4.3,158.0,5.0,0.0316,0.99,5.05,0.2004405286343612,9024582.0,7695015.714166401,0.8527,960200.2846967594,1943320.7535454058,0.4835,0.0475,0.0196,0.0788,0.0957,4.6574,8.7874
1168066000,개포1동,강남구,54.18,3.5,472.0,48.0,0.1017,1.4488,33.13,0.1929162432863986,5688825.0,7763109.765190723,1.3646,961302.2168244929,1942151.349976531,0.4348,0.0387,0.1287,0.1754,0.081,3.3385,34.9723
1168067000,개포2동,강남구,47.27,2.0,837.0,130.0,0.1553,2.2416,57.99,0.257693985363253,5665905.0,8646789.403732585,1.5261,961896.952574205,1942913.178584796,0.3719,0.0221,0.2253,0.2059,0.2075,2.2066,53.4659
1168069000,개포4동,강남구,54.18,3.5,472.0,48.0,0.1017,1.6642,28.84,0.2807827052892421,5688825.0,7763109.765190723,1.3646,960512.8516416617,1941883.3723004186,0.4348,0.0387,0.112,0.1754,0.2526,3.5059,29.4774
1168070000,세곡동,강남구,48.9,1.3,286.0,59.0,0.2063,6.362,9.27,0.2710167783764839,2059523.0,9923513.524110088,4.8184,965010.7140251033,1941344.641913074,0.3867,0.0144,0.036,0.8275,0.2335,1.3632,9.2834
1168072000,일원본동,강남구,38.32,0.1,397.0,82.0,0.2065,2.3528,34.85,0.210390631827318,4865101.0,9792398.036932066,2.0128,963269.3636607506,1942644.6188393622,0.2904,0.0011,0.1354,0.2978,0.1151,0.1374,36.8949
1168073000,일원1동,강남구,38.32,0.1,397.0,82.0,0.2065,0.9527,86.07,0.2810024583447145,4865101.0,9792398.036932066,2.0128,963689.8135056945,1943880.699448496,0.2904,0.0011,0.3343,0.2978,0.2531,1.5731,77.6871
1171051000,풍납1동,송파구,58.53,17.2,275.0,3.0,0.0109,1.0745,2.79,0.247912273302404,3972369.0,5131864.452721629,1.2919,965957.1591830122,1948860.4365477487,0.4744,0.1901,0.0108,0.1617,0.1884,19.8782,9.1678
1171052000,풍납2동,송파구,58.53,17.2,275.0,3.0,0.0109,2.5626,1.17,0.298873760295848,3972369.0,5131864.452721629,1.2919,965379.3839276417,1947945.2114817265,0.4744,0.1901,0.0045,0.1617,0.288,17.4858,2.6133
1171053100,거여1동,송파구,55.36,16.4,359.0,97.0,0.2702,0.5219,185.86,0.2711808148701352,4362281.0,6106997.873732828,1.4,968341.9953771039,1944004.4708991775,0.4455,0.1812,0.722,0.1821,0.2339,17.2077,152.4611
1171053200,거여2동,송파구,55.36,16.4,359.0,97.0,0.2702,0.5092,190.49,0.2538956639566395,4362281.0,6106997.873732828,1.4,968806.4843577738,1943730.242497067,0.4455,0.1812,0.7399,0.1821,0.2001,13.8279,148.9834
1171054000,마천1동,송파구,28.13,2.3,677.0,3.0,0.0044,0.5748,5.22,0.2222835079977937,3948840.0,4166681.924942008,1.0552,969592.9581046704,1944062.4479919649,0.1977,0.0254,0.0203,0.117,0.1383,4.7343,36.6385
1171055000,마천2동,송파구,28.13,2.3,677.0,3.0,0.0044,0.89,3.37,0.230630019228594,3948840.0,4166681.924942008,1.0552,969120.9928587702,1944642.6441981944,0.1977,0.0254,0.0131,0.117,0.1546,5.0095,36.452
1171056100,방이1동,송파구,70.04,24.8,936.0,29.0,0.031,0.6088,47.63,0.2789761857642324,7006462.0,6399279.26789036,0.9133,966633.0051040492,1945686.5924959274,0.5791,0.274,0.185,0.0902,0.2491,25.9835,48.0889
1171056200,방이2동,송파구,70.04,24.8,936.0,29.0,0.031,0.7692,37.7,0.4426448680239886,7006462.0,6399279.26789036,0.9133,965877.8868602715,1946066.0004339332,0.5791,0.274,0.1464,0.0902,0.5689,25.8819,49.394
1171056600,오륜동,송파구,70.04,24.8,936.0,29.0,0.031,3.0827,9.41,0.1988569507480248,7006462.0,6399279.26789036,0.9133,967200.2898163996,1946524.6551467502,0.5791,0.274,0.0366,0.0902,0.0926,25.1322,20.7092
1171057000,오금동,송파구,70.82,34.2,540.0,15.0,0.0278,1.6476,9.1,0.2624973353229589,5836660.0,5877756.806557099,1.007,967652.722207126,1945033.539381435,0.5862,0.3779,0.0353,0.1079,0.2169,33.2351,19.895
1171058000,송파1동,송파구,69.87,29.5,946.0,56.0,0.0592,0.6864,81.59,0.4023620704357465,8486933.0,6897640.53481888,0.8127,965563.4566922479,1945394.0013630867,0.5776,0.326,0.3169,0.0712,0.4902,27.643,68.4955
1171059000,송파2동,송파구,69.87,29.5,946.0,56.0,0.0592,0.6305,88.82,0.2720310646100744,8486933.0,6897640.53481888,0.8127,966148.6436462314,1944911.7482532372,0.5776,0.326,0.345,0.0712,0.2355,30.2669,67.6356
1171060000,석촌동,송파구,64.49,21.3,1004.0,44.0,0.0438,0.9462,46.5,0.3834530511874717,7693498.0,6379597.282566851,0.8292,964867.2832953004,1944902.971373968,0.5286,0.2354,0.1806,0.0743,0.4532,22.6467,48.8309
1171061000,삼전동,송파구,54.47,8.8,979.0,38.0,0.0388,0.9526,39.89,0.3812613726096062,8095934.0,6254397.514697443,0.7725,963927.7936589575,1944815.6101237913,0.4374,0.0972,0.1549,0.0636,0.4489,10.0516,42.3567
1171062000,가락본동,송파구,73.88,37.0,757.0,22.0,0.0291,1.014,21.7,0.3181206459784674,7014766.0,6366132.89522843,0.9075,966556.5399839246,1944262.8545024511,0.6141,0.4088,0.0843,0.0891,0.3256,35.1553,35.8038
1171063100,가락1동,송파구,73.88,37.0,757.0,22.0,0.0291,1.3922,15.8,0.2679733808502127,7014766.0,6366132.89522843,0.9075,965372.908961286,1944064.523963022,0.6141,0.4088,0.0614,0.0891,0.2276,34.4675,25.1333
1171063200,가락2동,송파구,73.88,37.0,757.0,22.0,0.0291,0.9316,23.62,0.2761291974775121,7014766.0,6366132.89522843,0.9075,967361.547756953,1944130.2784777624,0.6141,0.4088,0.0917,0.0891,0.2435,34.269,39.6443
1171064100,문정1동,송파구,71.28,31.8,508.0,33.0,0.065,0.6121,53.91,0.3142535902284458,6278127.0,6631738.537754549,1.0563,967016.8308435832,1943309.4621177118,0.5904,0.3514,0.2094,0.1172,0.318,32.4898,41.5688
1171064200,문정2동,송파구,71.28,31.8,763.0,33.0,0.0433,2.2403,14.73,0.4174861868853598,4877570.0,6631738.537754549,1.3596,966327.3558957268,1942508.3267171807,0.5904,0.3514,0.0572,0.1745,0.5197,31.7572,19.0335
1171064600,장지동,송파구,71.28,31.8,763.0,33.0,0.0433,1.2774,25.83,0.278530657982281,4877570.0,6631738.537754549,1.3596,967421.2043306008,1942701.158613281,0.5904,0.3514,0.1003,0.1745,0.2482,29.7732,33.2763
1171064700,위례동,송파구,55.36,16.4,614.0,97.0,0.158,2.6386,36.76,0.2471398942931692,3643190.0,6106997.873732828,1.6763,968280.2206609019,1942545.38199907,0.4455,0.1812,0.1428,0.2343,0.1869,19.1924,40.8384
1171065000,잠실본동,송파구,55.89,13.6,704.0,19.0,0.027,1.0282,18.48,0.4016995535071295,8577818.0,6987262.305960347,0.8146,963110.6403146059,1945272.4553276866,0.4504,0.1503,0.0718,0.0716,0.4889,12.9351,22.476
1171067000,잠실2동,송파구,55.89,13.6,704.0,19.0,0.027,2.6848,7.08,0.188227202384364,8577818.0,6987262.305960347,0.8146,962826.5895169951,1946543.025911618,0.4504,0.1503,0.0275,0.0716,0.0718,13.2311,9.6426
1171068000,잠실3동,송파구,55.89,13.6,704.0,19.0,0.027,1.5415,12.33,0.2096098223245381,8577818.0,6987262.305960347,0.8146,964141.3677410423,1946145.4701126784,0.4504,0.1503,0.0479,0.0716,0.1136,13.6972,13.9589
1171072000,잠실7동,송파구,55.89,13.6,704.0,19.0,0.027,0.7229,26.28,0.2176308539944903,8577818.0,6987262.305960347,0.8146,962339.1638378318,1945423.4855681262,0.4504,0.1503,0.1021,0.0716,0.1292,12.5762,22.8006
1174051500,강일동,강동구,50.95,5.8,505.0,165.0,0.3267,2.2704,72.67,0.2293513264836681,2211872.0,5407610.965840867,2.4448,971154.4659106159,1952225.0063390585,0.4054,0.0641,0.2823,0.3794,0.1521,5.2614,68.8052
1174053000,명일제1동,강동구,64.58,18.3,137.0,12.0,0.0876,0.6344,18.92,0.257052548399842,5310519.0,6467327.222695426,1.2178,968726.0629739673,1950171.1512984422,0.5294,0.2022,0.0735,0.1477,0.2063,22.3408,30.7749
1174054000,명일제2동,강동구,64.58,18.3,137.0,12.0,0.0876,0.9136,13.13,0.2321927374301676,5310519.0,6467327.222695426,1.2178,969461.4752675988,1949933.8672744546,0.5294,0.2022,0.051,0.1477,0.1577,18.8767,15.7237
1174055000,고덕제1동,강동구,50.51,0.8,287.0,91.0,0.3171,1.5158,60.03,0.185203719921598,2956940.0,7409160.775707239,2.5057,969171.5663649918,1951429.3574483516,0.4014,0.0088,0.2332,0.3909,0.0659,4.2923,53.5926
1174056000,고덕제2동,강동구,50.51,0.8,287.0,91.0,0.3171,2.4749,36.77,0.24187535634402,2956940.0,7409160.775707239,2.5057,970216.8369015764,1951802.586679021,0.4014,0.0088,0.1428,0.3909,0.1766,1.3076,41.9932
1174057000,암사제1동,강동구,76.34,38.4,722.0,27.0,0.0374,0.7349,36.74,0.2725712933380665,3451331.0,6352742.019220627,1.8407,967724.1556188269,1950341.2699384002,0.6365,0.4243,0.1427,0.2653,0.2366,35.4392,45.4337
1174058000,암사제2동,강동구,76.34,38.4,722.0,27.0,0.0374,2.1726,12.43,0.2958731012232827,3451331.0,6352742.019220627,1.8407,966762.8327970245,1950920.2299085094,0.6365,0.4243,0.0483,0.2653,0.2821,38.235,14.8244
1174059000,암사제3동,강동구,76.34,38.4,722.0,27.0,0.0374,1.798,15.02,0.2229358328993809,3451331.0,6352742.019220627,1.8407,968085.1921145595,1951375.9145652787,0.6365,0.4243,0.0583,0.2653,0.1396,35.1171,20.3393
1174060000,천호제1동,강동구,71.88,32.6,989.0,60.0,0.0607,0.6685,89.75,0.2750143815915628,5019144.0,7267951.198863843,1.448,968070.9439322746,1949727.1617557416,0.5959,0.3602,0.3486,0.1911,0.2414,31.3655,65.3789
1174061000,천호제2동,강동구,71.88,32.6,989.0,60.0,0.0607,1.8497,32.44,0.3249415408910079,5019144.0,7267951.198863843,1.448,966609.348800043,1949585.037048106,0.5959,0.3602,0.126,0.1911,0.3389,31.1833,33.9333
1174062000,천호제3동,강동구,71.88,32.6,989.0,60.0,0.0607,0.5611,106.93,0.356615537620013,5019144.0,7267951.198863843,1.448,967605.2870381091,1948993.1685128226,0.5959,0.3602,0.4154,0.1911,0.4008,33.9472,86.7997
1174064000,성내제1동,강동구,76.11,40.2,955.0,40.0,0.0419,0.6632,60.31,0.2817733484023425,5110333.0,6659132.122845626,1.3031,966914.0892495596,1947775.3259996483,0.6344,0.4442,0.2343,0.1638,0.2546,39.271,60.456
1174065000,성내제2동,강동구,76.11,40.2,955.0,40.0,0.0419,0.6247,64.03,0.3502187526807926,5110333.0,6659132.122845626,1.3031,967107.8888303246,1948408.1003232787,0.6344,0.4442,0.2487,0.1638,0.3883,38.2598,67.4354
1174066000,성내제3동,강동구,76.11,40.2,955.0,40.0,0.0419,0.6469,61.83,0.2937196777495883,5110333.0,6659132.122845626,1.3031,967641.2830260084,1947734.311255804,0.6344,0.4442,0.2402,0.1638,0.2779,35.2065,66.6775
1174068500,길동,강동구,66.29,30.0,458.0,17.0,0.0371,1.6303,10.43,0.3020464824683176,5035104.0,6243245.898127002,1.2399,968723.4616530284,1948989.2130791692,0.545,0.3315,0.0405,0.1519,0.2942,27.3597,29.384
1174069000,둔촌제1동,강동구,47.83,10.7,317.0,92.0,0.2902,0.9115,100.93,0.2884615384615384,3166945.0,6466656.351075647,2.0419,968226.3055179194,1947145.953462303,0.377,0.1182,0.3921,0.3033,0.2676,16.8981,87.135
1174070000,둔촌제2동,강동구,47.83,10.7,317.0,92.0,0.2902,1.5492,59.39,0.2810336300692383,3166945.0,6466656.351075647,2.0419,968832.786929853,1948058.2224156298,0.377,0.1182,0.2307,0.3033,0.2531,14.4941,56.2657
