adm_cd,adm_nm,자치구,pop,area_km2,pop_density
1111051500,청운효자동,종로구,11345.0,2.5685600682299867,4416.9
1111053000,사직동,종로구,9016.0,1.157671317613387,7788.0
1111054000,삼청동,종로구,2246.0,1.4771876683734249,1520.5
1111055000,부암동,종로구,9125.0,2.2732870688484392,4014.0
1111056000,평창동,종로구,17415.0,8.940412645356531,1947.9
1111057000,무악동,종로구,7990.0,0.3692454822689112,21638.7
1111058000,교남동,종로구,9699.0,0.3466671341848279,27977.8
1111060000,가회동,종로구,3866.0,0.5395998544895816,7164.6
1111061500,종로1.2.3.4가동,종로구,6697.0,2.414221382726018,2774.0
1111063000,종로5.6가동,종로구,5396.0,0.6027128344364789,8952.9
1111064000,이화동,종로구,6931.0,0.7818101018487006,8865.3
1111065000,혜화동,종로구,15919.0,1.131701742030812,14066.4
1111067000,창신제1동,종로구,4537.0,0.3049150813649594,14879.6
1111068000,창신제2동,종로구,7528.0,0.2573209611168592,29255.3
1111069000,창신제3동,종로구,6377.0,0.2166718878995405,29431.6
1111070000,숭인제1동,종로구,5770.0,0.2392153162210979,24120.5
1111071000,숭인제2동,종로구,9749.0,0.3516402556351991,27724.4
1114052000,소공동,중구,2177.0,0.9430899716163058,2308.4
1114054000,회현동,중구,4381.0,0.8971561060294297,4883.2
1114055000,명동,중구,2621.0,0.9688762729108646,2705.2
1114057000,필동,중구,4002.0,1.463586717338946,2734.4
1114058000,장충동,중구,4584.0,1.0170220678307842,4507.3
1114059000,광희동,중구,5746.0,0.7366515536173608,7800.2
1114060500,을지로동,중구,2974.0,0.6111918104707862,4865.9
1114061500,신당동,중구,7439.0,0.5345379291869445,13916.7
1114062500,다산동,중구,13299.0,0.5237100984720056,25393.8
1114063500,약수동,중구,16175.0,0.485866116045088,33291.1
1114064500,청구동,중구,13026.0,0.3423120959136084,38053.0
1114065000,신당제5동,중구,10113.0,0.3193483263890687,31667.6
1114066500,동화동,중구,9953.0,0.3267983566222675,30456.1
1114067000,황학동,중구,12680.0,0.3283911731698873,38612.5
1114068000,중림동,중구,12130.0,0.4839301426154696,25065.6
1117051000,후암동,용산구,16022.0,0.8652703210984056,18516.8
1117052000,용산2가동,용산구,8937.0,1.970115285422349,4536.3
1117053000,남영동,용산구,6838.0,1.1769088909618264,5810.1
1117055500,청파동,용산구,18997.0,0.8855240806155187,21452.8
1117056000,원효로제1동,용산구,17082.0,0.5886182572141507,29020.5
1117057000,원효로제2동,용산구,13638.0,0.7084486133911987,19250.5
1117058000,효창동,용산구,10719.0,0.4458744391186892,24040.4
1117059000,용문동,용산구,11439.0,0.2773250017997597,41247.6
1117062500,한강로동,용산구,21126.0,2.867675943424178,7366.9
1117063000,이촌제1동,용산구,24989.0,2.870622471404526,8705.1
1117064000,이촌제2동,용산구,7911.0,1.204647598040513,6567.1
1117065000,이태원제1동,용산구,6029.0,0.5824089930307011,10351.8
1117066000,이태원제2동,용산구,8617.0,0.8735334661781103,9864.5
1117068500,한남동,용산구,18508.0,3.0295946526163187,6109.1
1117069000,서빙고동,용산구,12460.0,2.815099674507888,4426.1
1117070000,보광동,용산구,12085.0,0.7146556768954624,16910.2
1120052000,왕십리제2동,성동구,16151.0,0.3722595665234973,43386.4
1120053500,왕십리도선동,성동구,26309.0,0.7097473508175205,37068.1
1120054000,마장동,성동구,21657.0,1.0341555161986198,20941.7
1120055000,사근동,성동구,12008.0,1.1686605101471408,10275.0
1120056000,행당제1동,성동구,13702.0,0.5731304114628734,23907.3
1120057000,행당제2동,성동구,22910.0,0.4573221643300055,50096.0
1120058000,응봉동,성동구,14990.0,0.5531645804898544,27098.6
1120059000,금호1가동,성동구,14821.0,0.4450969559049278,33298.4
1120061500,금호2.3가동,성동구,21960.0,0.6307189491758431,34817.4
1120062000,금호4가동,성동구,14170.0,0.8311889085641809,17047.9
1120064500,옥수동,성동구,25390.0,1.920742048901401,13218.8
1120065000,성수1가제1동,성동구,15470.0,1.8844415421701677,8209.3
1120066000,성수1가제2동,성동구,12005.0,0.929378438526312,12917.2
1120067000,성수2가제1동,성동구,14617.0,1.184060923094584,12344.8
1120069000,성수2가제3동,성동구,10099.0,1.0536967303295863,9584.4
1120072000,송정동,성동구,9772.0,0.6813944691890195,14341.2
1120079000,용답동,성동구,12004.0,2.3753342358422063,5053.6
1121571000,화양동,광진구,23369.0,1.135422416099913,20581.8
1121573000,군자동,광진구,19153.0,0.7374601628786804,25971.6
1121574000,중곡제1동,광진구,15266.0,0.6140336278144418,24861.8
1121575000,중곡제2동,광진구,20606.0,0.5451230428057884,37800.6
1121576000,중곡제3동,광진구,15764.0,0.6014042892692064,26212.0
1121577000,중곡제4동,광진구,27599.0,2.3116869214269413,11938.9
1121578000,능동,광진구,11115.0,1.0912666209278998,10185.4
1121581000,광장동,광진구,34065.0,2.391913518422568,14241.7
1121582000,자양제1동,광진구,21898.0,0.5684313696452786,38523.6
1121583000,자양제2동,광진구,23670.0,1.656250524188192,14291.3
1121584000,자양제3동,광진구,27260.0,1.1955033831220765,22802.1
1121584700,자양제4동,광진구,19838.0,1.179145776119927,16824.0
1121585000,구의제1동,광진구,23186.0,0.5945473367860555,38997.7
1121586000,구의제2동,광진구,25688.0,1.386971877556738,18520.9
1121587000,구의제3동,광진구,27817.0,1.0267703223489637,27091.7
1123053600,용신동,동대문구,38430.0,1.6171722653629337,23763.7
1123054500,제기동,동대문구,23213.0,1.1808076471536273,19658.6
1123056000,전농제1동,동대문구,31784.0,1.1258371922958417,28231.4
1123057000,전농제2동,동대문구,18026.0,0.9768211383111722,18453.7
1123060000,답십리제1동,동대문구,27894.0,0.7876412759746796,35414.6
1123061000,답십리제2동,동대문구,27519.0,0.8750762487017265,31447.5
1123065000,장안제1동,동대문구,37492.0,1.3411408763924286,27955.3
1123066000,장안제2동,동대문구,32582.0,0.9958771705655406,32716.9
1123070500,청량리동,동대문구,18767.0,1.2034820441630074,15593.9
1123071000,회기동,동대문구,10444.0,0.7663324689248591,13628.5
1123072000,휘경제1동,동대문구,13742.0,0.5213976534486326,26356.1
1123073000,휘경제2동,동대문구,24320.0,1.112757608487857,21855.6
1123074000,이문제1동,동대문구,17855.0,1.0380095675983532,17201.2
1123075000,이문제2동,동대문구,19453.0,0.7240172669340116,26868.1
1126052000,면목제2동,중랑구,23697.0,0.7625364178128635,31076.5
1126054000,면목제4동,중랑구,18231.0,0.8428184055941811,21631.0
1126055000,면목제5동,중랑구,14607.0,0.7043952680827219,20736.9
1126056500,면목본동,중랑구,32863.0,0.8483657710714066,38736.8
1126057000,면목제7동,중랑구,21222.0,1.234523923918471,17190.4
1126057500,면목제3.8동,중랑구,24505.0,1.6135312926858565,15187.2
1126058000,상봉제1동,중랑구,23233.0,0.8531215173493478,27232.9
1126059000,상봉제2동,중랑구,20375.0,0.6769249753356164,30099.3
1126060000,중화제1동,중랑구,18811.0,0.6414412238193113,29326.1
1126061000,중화제2동,중랑구,23864.0,1.01617609696156,23484.1
1126062000,묵제1동,중랑구,33748.0,1.237485266032999,27271.4
1126063000,묵제2동,중랑구,18179.0,0.6686907952550871,27186.0
1126065500,망우본동,중랑구,35443.0,2.947959839352839,12022.9
1126066000,망우제3동,중랑구,15763.0,0.9618184875693766,16388.7
1126068000,신내1동,중랑구,38032.0,2.6027794413352594,14612.1
1126069000,신내2동,중랑구,19817.0,0.910608614839586,21762.4
1129052500,성북동,성북구,15967.0,2.877618122369605,5548.7
1129055500,삼선동,성북구,22221.0,0.925528305238122,24009.0
1129057500,동선동,성북구,15043.0,0.7242597467801175,20770.2
1129058000,돈암제1동,성북구,14293.0,0.4889253485618327,29233.5
1129059000,돈암제2동,성북구,23449.0,0.518093739240975,45260.1
1129060000,안암동,성북구,14985.0,1.3785262860072889,10870.3
1129061000,보문동,성북구,16219.0,0.552588328433588,29351.0
1129062000,정릉제1동,성북구,17819.0,0.4116542325601758,43286.3
1129063000,정릉제2동,성북구,22592.0,1.094064484965256,20649.6
1129064000,정릉제3동,성북구,15017.0,3.324627350064239,4516.9
1129065000,정릉제4동,성북구,24136.0,3.568232250528116,6764.1
1129066000,길음제1동,성북구,34856.0,0.7967102730862298,43749.9
1129068500,길음제2동,성북구,21755.0,0.5875565326336962,37026.2
1129070500,종암동,성북구,37794.0,1.403462295028497,26929.1
1129071500,월곡제1동,성북구,25639.0,0.8011485081250485,32002.8
1129072500,월곡제2동,성북구,18981.0,1.3642055052760724,13913.6
1129076000,장위제1동,성북구,23440.0,0.7080071957631724,33107.0
1129077000,장위제2동,성북구,13208.0,0.6790398236874388,19451.0
1129078000,장위제3동,성북구,15567.0,0.652103888871973,23872.0
1129081000,석관동,성북구,33911.0,1.703869738280126,19902.3
1130553400,삼양동,강북구,22493.0,0.9233943161756524,24359.0
1130553500,미아동,강북구,20929.0,0.8405677197461855,24898.6
1130554500,송중동,강북구,28704.0,1.0749799081166198,26701.9
1130555500,송천동,강북구,24872.0,0.9292092445107046,26766.8
1130557500,삼각산동,강북구,30646.0,0.6214412077007793,49314.4
1130559500,번1동,강북구,17718.0,0.6265607164943696,28278.2
1130560300,번2동,강북구,14915.0,0.9735585324575802,15320.1
1130560800,번3동,강북구,16377.0,1.0803548893471548,15158.9
1130561500,수유1동,강북구,19966.0,1.6487187126957854,12110.0
1130562500,수유2동,강북구,20626.0,0.5811771186678908,35490.0
1130563500,수유3동,강북구,23041.0,0.745080988957229,30924.2
1130564500,우이동,강북구,19895.0,10.579835026007654,1880.5
1130566000,인수동,강북구,29190.0,2.995709989273608,9743.9
1132051100,창제1동,도봉구,24089.0,1.1213181009073514,21482.8
1132051200,창제2동,도봉구,28214.0,0.6539453207338671,43144.3
1132051300,창제3동,도봉구,13259.0,0.654987358771939,20243.1
1132051400,창제4동,도봉구,26101.0,1.1388033534430624,22919.7
1132051500,창제5동,도봉구,23928.0,0.7009429105795203,34136.9
1132052100,도봉제1동,도봉구,20121.0,8.44506904747045,2382.6
1132052200,도봉제2동,도봉구,25965.0,1.1181793708143104,23220.8
1132066000,쌍문제1동,도봉구,20679.0,1.1748855635053204,17600.9
1132067000,쌍문제2동,도봉구,17949.0,0.5407818048786313,33190.8
1132068000,쌍문제3동,도봉구,16503.0,0.5044229295120296,32716.6
1132068100,쌍문제4동,도봉구,18117.0,0.554447018231978,32675.8
1132069000,방학제1동,도봉구,27725.0,1.0400656271029225,26657.0
1132070000,방학제2동,도봉구,18649.0,1.0919856081384876,17078.1
1132071000,방학제3동,도봉구,26171.0,1.9495498104886932,13424.1
1135056000,월계1동,노원구,20623.0,1.140714985330496,18079.0
1135057000,월계2동,노원구,25586.0,2.003761440963024,12769.0
1135058000,월계3동,노원구,28762.0,1.1332909394026158,25379.2
1135059500,공릉1동,노원구,36041.0,1.26229321209143,28552.0
1135060000,공릉2동,노원구,41668.0,6.97965133921439,5969.9
1135061100,하계1동,노원구,26295.0,1.5258904896010084,17232.6
1135061200,하계2동,노원구,21339.0,0.4996755922696115,42705.7
1135061900,중계본동,노원구,23079.0,2.181556338277089,10579.1
1135062100,중계1동,노원구,26357.0,0.6229729480024311,42308.4
1135062400,중계4동,노원구,19167.0,1.5181047984495022,12625.6
1135062500,중계2.3동,노원구,32588.0,0.9183804956780356,35484.2
1135063000,상계1동,노원구,37003.0,5.398483718208765,6854.3
1135064000,상계2동,노원구,19174.0,0.6226489470859548,30794.2
1135066500,상계3.4동,노원구,27462.0,5.207882552877278,5273.2
1135067000,상계5동,노원구,23072.0,0.9061132847280132,25462.6
1135069500,상계6.7동,노원구,31477.0,1.449153925187527,21721.0
1135070000,상계8동,노원구,21902.0,0.6658402351533523,32893.8
1135071000,상계9동,노원구,19683.0,0.7189792112597636,27376.3
1135072000,상계10동,노원구,18275.0,0.8085968920433795,22600.9
1138051000,녹번동,은평구,36151.0,1.7928885926640146,20163.6
1138052000,불광제1동,은평구,37536.0,3.122614191161749,12020.7
1138053000,불광제2동,은평구,26781.0,1.3950583150902642,19197.0
1138055100,갈현제1동,은평구,14595.0,0.9603643929415254,15197.4
1138055200,갈현제2동,은평구,27543.0,0.9844411030101792,27978.3
1138056000,구산동,은평구,31525.0,1.388754754128713,22700.2
1138057000,대조동,은평구,27332.0,0.8510647011472164,32115.1
1138058000,응암제1동,은평구,32677.0,1.1090438926085848,29464.1
1138059000,응암제2동,은평구,27366.0,0.7546903857188577,36261.2
1138060000,응암제3동,은평구,23513.0,0.752218723870843,31258.2
1138062500,역촌동,은평구,43933.0,1.156690831493452,37981.6
1138063100,신사제1동,은평구,26524.0,0.8077200241344538,32838.1
1138063200,신사제2동,은평구,18977.0,1.0454542618807765,18151.9
1138064000,증산동,은평구,18343.0,0.8071364694132803,22726.0
1138065000,수색동,은평구,19945.0,1.2889940882150197,15473.3
1138069000,진관동,은평구,54383.0,11.556755625063191,4705.7
1141052000,천연동,서대문구,16620.0,0.9820858037136796,16923.2
1141055500,북아현동,서대문구,15451.0,0.4586518813887063,33687.9
1141056500,충현동,서대문구,19678.0,1.1151712529589508,17645.7
1141058500,신촌동,서대문구,20359.0,2.718219868558421,7489.8
1141061500,연희동,서대문구,34107.0,2.9270882490316863,11652.2
1141062000,홍제제1동,서대문구,24758.0,1.2348334052704113,20049.7
1141064000,홍제제3동,서대문구,17730.0,1.2079916605318353,14677.3
1141065500,홍제제2동,서대문구,13198.0,0.6994577528954172,18868.9
1141066000,홍은제1동,서대문구,22216.0,1.5975731965686475,13906.1
1141068500,홍은제2동,서대문구,28613.0,2.073509617443637,13799.3
1141069000,남가좌제1동,서대문구,16702.0,0.4751864436371864,35148.3
1141070000,남가좌제2동,서대문구,29160.0,0.7830369802803475,37239.6
1141071000,북가좌제1동,서대문구,17596.0,0.5775550758424148,30466.4
1141072000,북가좌제2동,서대문구,30739.0,0.8243452242543763,37289.0
1144055500,아현동,마포구,28526.0,0.7482780870368088,38122.2
1144056500,공덕동,마포구,36584.0,1.0185226144623485,35918.7
1144058500,도화동,마포구,20615.0,0.624554471771684,33007.5
1144059000,용강동,마포구,21262.0,0.7900159470397212,26913.4
1144060000,대흥동,마포구,14489.0,0.8475704667223432,17094.7
1144061000,염리동,마포구,16834.0,0.4969641641472359,33873.7
1144063000,신수동,마포구,22129.0,0.7972896333683109,27755.3
1144065500,서강동,마포구,24553.0,1.4776937800864374,16615.8
1144066000,서교동,마포구,24091.0,1.6775346278278371,14361.0
1144068000,합정동,마포구,16392.0,1.7111313968054631,9579.6
1144069000,망원제1동,마포구,19157.0,1.1001982478879784,17412.3
1144070000,망원제2동,마포구,17994.0,0.6759150220603931,26621.7
1144071000,연남동,마포구,14284.0,0.6469627479165596,22078.6
1144072000,성산제1동,마포구,18575.0,0.8586227768147766,21633.5
1144073000,성산제2동,마포구,38772.0,1.977273316798634,19608.8
1144074000,상암동,마포구,29696.0,8.39629095398473,3536.8
1147051000,목1동,양천구,30278.0,1.43206814727914,21142.8
1147052000,목2동,양천구,29003.0,1.020612387401023,28417.3
1147053000,목3동,양천구,21284.0,0.5314639163368732,40047.9
1147054000,목4동,양천구,24504.0,0.5770737998581845,42462.5
1147055000,목5동,양천구,40679.0,1.7650737118870805,23046.6
1147056000,신월1동,양천구,19545.0,0.6219515840535602,31425.3
1147057000,신월2동,양천구,20834.0,0.606373176052303,34358.4
1147058000,신월3동,양천구,14390.0,0.9173797440192822,15686.0
1147059000,신월4동,양천구,17470.0,0.4695345178777235,37207.1
1147060000,신월5동,양천구,14080.0,0.6381084342484997,22065.2
1147061000,신월6동,양천구,13893.0,0.443965829853224,31292.9
1147061100,신월7동,양천구,18662.0,1.229742632944702,15175.5
1147062000,신정1동,양천구,19719.0,0.7470264143285434,26396.7
1147063000,신정2동,양천구,18864.0,0.5255164171944339,35896.1
1147064000,신정3동,양천구,49764.0,2.7545477312107387,18066.1
1147065000,신정4동,양천구,31942.0,0.9964213134420408,32056.7
1147067000,신정6동,양천구,23942.0,0.9402009535468376,25464.8
1147068000,신정7동,양천구,28346.0,1.23323441147065,22985.1
1150051000,염창동,강서구,41360.0,1.733196046375561,23863.4
1150052000,등촌제1동,강서구,24923.0,0.6502691617402474,38327.2
1150053000,등촌제2동,강서구,19420.0,0.910005509587704,21340.5
1150053500,등촌제3동,강서구,29496.0,1.0595965667506249,27837.0
1150054000,화곡제1동,강서구,51088.0,1.1966553716523989,42692.3
1150055000,화곡제2동,강서구,17141.0,0.4542915848018447,37731.3
1150056000,화곡제3동,강서구,21148.0,0.5214442467792646,40556.6
1150057000,화곡제4동,강서구,19817.0,0.8514316625077106,23274.9
1150059000,화곡본동,강서구,33038.0,0.9716742816671352,34001.1
1150059100,화곡제6동,강서구,24843.0,1.0371607494609143,23952.9
1150059300,화곡제8동,강서구,23555.0,0.5932512422777197,39704.9
1150060300,가양제1동,강서구,34016.0,4.865764986732689,6990.9
1150060400,가양제2동,강서구,13499.0,0.8232780501876679,16396.6
1150060500,가양제3동,강서구,14210.0,0.4722836404729739,30087.9
1150061100,발산제1동,강서구,35730.0,2.885594606892885,12382.2
1150061500,우장산동,강서구,43791.0,1.2606779893907902,34736.1
1150062000,공항동,강서구,29659.0,10.955944847618143,2707.1
1150063000,방화제1동,강서구,42164.0,1.4745478213620575,28594.5
1150064000,방화제2동,강서구,22713.0,6.153143123495626,3691.3
1150064100,방화제3동,강서구,22052.0,2.557045329153736,8624.0
1153051000,신도림동,구로구,35870.0,1.391772765971076,25772.9
1153052000,구로제1동,구로구,20558.0,1.0081580885646009,20391.6
1153053000,구로제2동,구로구,22536.0,1.7021145506901252,13240.0
1153054000,구로제3동,구로구,23326.0,1.039346944374484,22442.9
1153055000,구로제4동,구로구,18774.0,0.5241178132560111,35820.2
1153056000,구로제5동,구로구,29188.0,1.0117337410060057,28849.5
1153059500,가리봉동,구로구,8782.0,0.4106989086030989,21383.1
1153072000,고척제1동,구로구,26325.0,1.1504030764553037,22883.3
1153073000,고척제2동,구로구,25913.0,1.024687353302526,25288.7
1153074000,개봉제1동,구로구,33219.0,1.3193136020731944,25179.0
1153075000,개봉제2동,구로구,29881.0,0.7818905587421366,38216.3
1153076000,개봉제3동,구로구,19704.0,0.8278189913390529,23802.3
1153077000,오류제1동,구로구,22753.0,0.7270828222397656,31293.5
1153078000,오류제2동,구로구,37495.0,3.058878520064113,12257.8
1153079000,수궁동,구로구,22772.0,2.659440569219275,8562.7
1153080000,항동,구로구,,1.4459024639735227,
1154551000,가산동,금천구,24709.0,2.5110196953220623,9840.2
1154561000,독산제1동,금천구,46423.0,2.060413430001076,22530.9
1154562000,독산제2동,금천구,17884.0,0.6167554969069016,28996.9
1154563000,독산제3동,금천구,23756.0,0.9342992367530072,25426.5
1154564000,독산제4동,금천구,14640.0,0.5905777867720436,24789.3
1154567000,시흥제1동,금천구,32212.0,1.5222419921185306,21160.9
1154568000,시흥제2동,금천구,20587.0,1.3079178679647536,15740.3
1154569000,시흥제3동,금천구,10266.0,1.2604652821368687,8144.6
1154570000,시흥제4동,금천구,19565.0,0.8211059386114624,23827.6
1154571000,시흥제5동,금천구,18232.0,1.385953307240518,13154.8
1156051500,영등포본동,영등포구,20900.0,0.8457489302886876,24711.8
1156053500,영등포동,영등포구,30556.0,1.3713763105959298,22281.3
1156054000,여의동,영등포구,33064.0,8.431315740357293,3921.6
1156055000,당산제1동,영등포구,21003.0,0.7447591147104619,28201.1
1156056000,당산제2동,영등포구,36742.0,1.5798609287508851,23256.5
1156058500,도림동,영등포구,17583.0,0.5854553412496291,30033.0
1156060500,문래동,영등포구,32146.0,1.785402731093962,18004.9
1156061000,양평제1동,영등포구,18185.0,0.974200447472836,18666.6
1156062000,양평제2동,영등포구,22494.0,2.8724957729053204,7830.8
1156063000,신길제1동,영등포구,19318.0,0.7223923824144116,26741.7
1156065000,신길제3동,영등포구,16082.0,0.5197018126125077,30944.7
1156066000,신길제4동,영등포구,12249.0,0.3223644790039472,37997.4
1156067000,신길제5동,영등포구,10005.0,0.4942898647847579,20241.2
1156068000,신길제6동,영등포구,17820.0,0.6178988532489748,28839.7
1156069000,신길제7동,영등포구,19838.0,0.6466931713693795,30676.1
1156070000,대림제1동,영등포구,13815.0,0.4986117674963767,27706.9
1156071000,대림제2동,영등포구,11854.0,0.5721283834858186,20719.1
1156072000,대림제3동,영등포구,21622.0,0.9210217114466988,23476.1
1159051000,노량진제1동,동작구,32033.0,1.6122486505854003,19868.5
1159052000,노량진제2동,동작구,10295.0,0.6001241216779689,17154.8
1159053000,상도제1동,동작구,44433.0,1.481432640061388,29993.3
1159054000,상도제2동,동작구,27533.0,0.7784020275319241,35371.2
1159055000,상도제3동,동작구,23962.0,0.6369041224948448,37622.6
1159056000,상도제4동,동작구,27834.0,0.9388667340850156,29646.4
1159060500,흑석동,동작구,30000.0,1.70703392258753,17574.3
1159062000,사당제1동,동작구,22524.0,0.6346976984802543,35487.8
1159063000,사당제2동,동작구,28195.0,2.761107601228676,10211.5
1159064000,사당제3동,동작구,23726.0,0.907037142997832,26157.7
1159065000,사당제4동,동작구,13855.0,0.4358223270023358,31790.5
1159065100,사당제5동,동작구,14147.0,0.6816901280909213,20752.8
1159066000,대방동,동작구,35695.0,1.5437628820891838,23122.1
1159067000,신대방제1동,동작구,23318.0,0.6747845446602588,34556.2
1159068000,신대방제2동,동작구,22090.0,0.9697027895363132,22780.2
1162052500,보라매동,관악구,23904.0,0.7561060233759294,31614.6
1162054500,청림동,관악구,14762.0,0.2969338443861867,49714.8
1162056500,성현동,관악구,28325.0,0.6777191228618452,41794.6
1162057500,행운동,관악구,28962.0,0.7177001609514527,40353.9
1162058500,낙성대동,관악구,17418.0,2.261134485316892,7703.2
1162059500,청룡동,관악구,35935.0,1.1947180123684848,30078.2
1162060500,은천동,관악구,32462.0,0.7756371485778779,41852.0
1162061500,중앙동,관악구,15291.0,0.3844426776419706,39774.5
1162062500,인헌동,관악구,25564.0,1.088265711537561,23490.6
1162063000,남현동,관악구,17772.0,3.2785715020861264,5420.7
1162064500,서원동,관악구,22991.0,0.6470538792064403,35531.8
1162065500,신원동,관악구,17698.0,0.5445750235580561,32498.7
1162066500,서림동,관악구,23432.0,0.9405547948842404,24913.0
1162068500,신사동,관악구,22392.0,0.6406301973048565,34953.1
1162069500,신림동,관악구,22974.0,0.540769856588561,42483.9
1162071500,난향동,관악구,14768.0,0.820791946906767,17992.4
1162072500,조원동,관악구,19608.0,0.6661174715076456,29436.2
1162073500,대학동,관악구,24477.0,8.398948241817322,2914.3
1162074500,삼성동,관악구,20065.0,2.6024637530960946,7710.0
1162076500,미성동,관악구,29688.0,1.3584297106798071,21854.6
1162077500,난곡동,관악구,25471.0,0.971656598044894,26214.0
1165051000,서초1동,서초구,20312.0,1.381640301885933,14701.4
1165052000,서초2동,서초구,25504.0,1.2302356882240435,20731.0
1165053000,서초3동,서초구,31982.0,2.996312171110295,10673.8
1165053100,서초4동,서초구,30319.0,0.8791084228906586,34488.4
1165054000,잠원동,서초구,26805.0,1.7555415913986467,15268.8
1165055000,반포본동,서초구,229.0,0.971807050955919,235.6
1165056000,반포1동,서초구,33878.0,0.9916184288347256,34164.4
1165057000,반포2동,서초구,21150.0,1.3949827280874303,15161.5
1165058000,반포3동,서초구,23820.0,1.2507662434957412,19044.3
1165058100,반포4동,서초구,18515.0,1.4260670127258483,12983.3
1165059000,방배본동,서초구,20432.0,0.677002338298106,30180.1
1165060000,방배1동,서초구,16524.0,0.6887268297167539,23992.1
1165061000,방배2동,서초구,18079.0,1.9026034732083776,9502.2
1165062000,방배3동,서초구,16739.0,2.373348935056844,7052.9
1165062100,방배4동,서초구,22836.0,0.948814713343388,24067.9
1165065100,양재1동,서초구,42076.0,5.760105367317352,7304.7
1165065200,양재2동,서초구,21335.0,7.557413427988989,2823.1
1165066000,내곡동,서초구,17253.0,12.699236435965778,1358.6
1168051000,신사동,강남구,15429.0,2.0576781492083978,7498.3
1168052100,논현1동,강남구,21144.0,1.257791383680579,16810.4
1168053100,논현2동,강남구,20430.0,1.4574173172755862,14017.9
1168054500,압구정동,강남구,25604.0,2.3432783079124,10926.6
1168056500,청담동,강남구,24750.0,2.3274431371389595,10634.0
1168058000,삼성1동,강남구,12299.0,1.943143995576592,6329.4
1168059000,삼성2동,강남구,30669.0,1.2413258813086911,24706.6
1168060000,대치1동,강남구,24010.0,0.8092048117973631,29671.1
1168061000,대치2동,강남구,38326.0,1.8359624507437324,20875.2
1168063000,대치4동,강남구,18906.0,0.7005469238886035,26987.5
1168064000,역삼1동,강남구,34312.0,2.360341149291698,14536.9
1168065000,역삼2동,강남구,36573.0,1.1341661777114065,32246.6
1168065500,도곡1동,강남구,20626.0,1.0498111439141309,19647.3
1168065600,도곡2동,강남구,32688.0,0.99000861048798,33017.9
1168066000,개포1동,강남구,6889.0,1.4488443114373963,4754.8
1168067000,개포2동,강남구,41266.0,2.24162227578288,18409.0
1168069000,개포4동,강남구,23406.0,1.6641917677564069,14064.5
1168070000,세곡동,강남구,45654.0,6.36200560801776,7176.0
1168072000,일원본동,강남구,22886.0,2.352816260610416,9727.1
1168073000,일원1동,강남구,14644.0,0.952738150944692,15370.4
1168074000,일원2동,강남구,,,
1168075000,수서동,강남구,14134.0,1.6281470822631774,8681.0
1171051000,풍납1동,송파구,11855.0,1.074461671524067,11033.4
1171052000,풍납2동,송파구,23796.0,2.562572926449012,9286.0
1171053100,거여1동,송파구,12051.0,0.5219014918714899,23090.6
1171053200,거여2동,송파구,23616.0,0.5092229390163666,46376.5
1171054000,마천1동,송파구,18130.0,0.5748084356342865,31540.9
1171055000,마천2동,송파구,17682.0,0.8899927067520285,19867.6
1171056100,방이1동,송파구,15159.0,0.6087869865981689,24900.3
1171056200,방이2동,송파구,26179.0,0.7692453209702869,34032.1
1171056600,오륜동,송파구,17847.0,3.08269243258614,5789.4
1171057000,오금동,송파구,37528.0,1.6475859617984212,22777.6
1171058000,송파1동,송파구,23454.0,0.6863942875332752,34169.9
1171059000,송파2동,송파구,18542.0,0.6305341061127019,29406.8
1171060000,석촌동,송파구,30906.0,0.9461838644911768,32663.8
1171061000,삼전동,송파구,29127.0,0.9526045579730544,30576.2
1171062000,가락본동,송파구,25264.0,1.013951700739706,24916.4
1171063100,가락1동,송파구,27499.0,1.3921513534126655,19752.9
1171063200,가락2동,송파구,31239.0,0.931587044368838,33533.1
1171064100,문정1동,송파구,19567.0,0.6120707633653334,31968.5
1171064200,문정2동,송파구,28777.0,2.2402956718497262,12845.2
1171064600,장지동,송파구,28557.0,1.2773615867772892,22356.2
1171064700,위례동,송파구,44841.0,2.638595390634531,16994.3
1171065000,잠실본동,송파구,27772.0,1.0282069422082494,27010.1
1171067000,잠실2동,송파구,34894.0,2.6847896526663333,12996.9
1171068000,잠실3동,송파구,33882.0,1.5414551222003858,21980.5
1171069000,잠실4동,송파구,21232.0,0.7796006120656016,27234.5
1171071000,잠실6동,송파구,16466.0,1.506838686882518,10927.5
1171072000,잠실7동,송파구,9438.0,0.7229321808955346,13055.2
1174051500,강일동,강동구,32605.0,2.270383713701276,14361.0
1174052000,상일동,강동구,,,
1174053000,명일제1동,강동구,25310.0,0.6344469055102789,39893.0
1174054000,명일제2동,강동구,17184.0,0.913614193879314,18808.8
1174055000,고덕제1동,강동구,23979.0,1.515809923915974,15819.3
1174056000,고덕제2동,강동구,22801.0,2.474874752184202,9213.0
1174057000,암사제1동,강동구,33804.0,0.7349075996438003,45997.6
1174058000,암사제2동,강동구,14878.0,2.172643050338226,6847.9
1174059000,암사제3동,강동구,17283.0,1.797967108529413,9612.5
1174060000,천호제1동,강동구,26075.0,0.6684775722605043,39006.5
1174061000,천호제2동,강동구,32929.0,1.849736814032577,17802.0
1174062000,천호제3동,강동구,26143.0,0.5611168219843251,46591.0
1174064000,성내제1동,강동구,19466.0,0.663160167847964,29353.4
1174065000,성내제2동,강동구,23314.0,0.6246618265864,37322.6
1174066000,성내제3동,강동구,22467.0,0.6468531026245836,34732.8
1174068500,길동,강동구,44662.0,1.630343882755211,27394.2
1174069000,둔촌제1동,강동구,52.0,0.9114673330762189,57.1
1174070000,둔촌제2동,강동구,24264.0,1.549245818014498,15661.8
