adm_cd,adm_nm,자치구,전세가율,고전세가율비율,jeonse_per_m2,거래건수
1111071000,숭인제2동,종로구,103.92,65.0,795.55,734
1111070000,숭인제1동,종로구,103.92,65.0,795.55,734
1154551000,가산동,금천구,94.12,74.5,742.29,1421
1111061500,종로1.2.3.4가동,종로구,88.97,54.6,820.97,174
1138062500,역촌동,은평구,86.62,34.0,529.8,1071
1132071000,방학제3동,도봉구,86.33,27.5,514.25,1897
1132070000,방학제2동,도봉구,86.33,27.5,514.25,1897
1132069000,방학제1동,도봉구,86.33,27.5,514.25,1897
1162063000,남현동,관악구,83.78,38.6,710.78,420
1121573000,군자동,광진구,83.72,49.1,844.45,452
1114067000,황학동,중구,82.76,53.6,843.27,1513
1111063000,종로5.6가동,종로구,82.35,66.8,1043.1,292
1150055000,화곡제2동,강서구,81.29,39.4,583.51,8312
1150056000,화곡제3동,강서구,81.29,39.4,583.51,8312
1150059300,화곡제8동,강서구,81.29,39.4,583.51,8312
1150054000,화곡제1동,강서구,81.29,39.4,583.51,8312
1150059100,화곡제6동,강서구,81.29,39.4,583.51,8312
1150057000,화곡제4동,강서구,81.29,39.4,583.51,8312
1150059000,화곡본동,강서구,81.29,39.4,583.51,8312
1114059000,광희동,중구,81.24,41.2,912.56,507
1130566000,인수동,강북구,80.87,37.3,451.39,1548
1130563500,수유3동,강북구,80.87,37.3,451.39,1548
1130562500,수유2동,강북구,80.87,37.3,451.39,1548
1130561500,수유1동,강북구,80.87,37.3,451.39,1548
1130564500,우이동,강북구,80.48,36.3,444.99,1710
1121571000,화양동,광진구,79.65,48.3,938.16,606
1154564000,독산제4동,금천구,78.55,42.5,681.83,4423
1154563000,독산제3동,금천구,78.55,42.5,681.83,4423
1154562000,독산제2동,금천구,78.55,42.5,681.83,4423
1154561000,독산제1동,금천구,78.55,42.5,681.83,4423
1114052000,소공동,중구,77.55,33.3,1105.01,195
1153077000,오류제1동,구로구,77.09,34.1,519.7,1500
1144066000,서교동,마포구,76.29,30.3,818.12,1141
1111060000,가회동,종로구,76.09,30.6,510.66,49
1111055000,부암동,종로구,76.02,31.5,479.37,213
1150061500,우장산동,강서구,75.85,33.0,590.63,10366
1126066000,망우제3동,중랑구,75.84,21.5,626.93,1773
1126065500,망우본동,중랑구,75.84,21.5,626.93,1773
1114057000,필동,중구,75.42,33.6,813.78,425
1114055000,명동,중구,74.95,31.4,985.46,309
1138056000,구산동,은평구,74.74,26.3,429.31,506
1121574000,중곡제1동,광진구,74.62,32.8,692.48,1810
1121577000,중곡제4동,광진구,74.62,32.8,692.48,1810
1121575000,중곡제2동,광진구,74.62,32.8,692.48,1810
1121576000,중곡제3동,광진구,74.62,32.8,692.48,1810
1111065000,혜화동,종로구,74.26,23.8,642.38,290
1126059000,상봉제2동,중랑구,74.21,36.0,701.94,1948
1126058000,상봉제1동,중랑구,74.21,36.0,701.94,1948
1111053000,사직동,종로구,74.02,38.1,782.58,320
1129060000,안암동,성북구,73.75,16.8,566.97,190
1162071500,난향동,관악구,73.58,23.7,596.65,4043
1162064500,서원동,관악구,73.58,23.7,596.65,4043
1162065500,신원동,관악구,73.58,23.7,596.65,4043
1162066500,서림동,관악구,73.58,23.7,596.65,4043
1162068500,신사동,관악구,73.58,23.7,596.65,4043
1162069500,신림동,관악구,73.58,23.7,596.65,4043
1162072500,조원동,관악구,73.58,23.7,596.65,4043
1162073500,대학동,관악구,73.58,23.7,596.65,4043
1162074500,삼성동,관악구,73.58,23.7,596.65,4043
1162076500,미성동,관악구,73.58,23.7,596.65,4043
1162077500,난곡동,관악구,73.58,23.7,596.65,4043
1111064000,이화동,종로구,73.48,34.8,427.38,132
1121578000,능동,광진구,73.34,28.5,828.91,355
1114054000,회현동,중구,72.18,15.5,987.55,335
1156053500,영등포동,영등포구,72.05,43.3,909.98,4443
1174061000,천호제2동,강동구,72.03,27.1,756.6,3783
1174062000,천호제3동,강동구,72.03,27.1,756.6,3783
1174060000,천호제1동,강동구,72.03,27.1,756.6,3783
1138063100,신사제1동,은평구,71.99,21.6,480.73,1393
1138063200,신사제2동,은평구,71.99,21.6,480.73,1393
1138055100,갈현제1동,은평구,71.97,34.1,472.35,1044
1138055200,갈현제2동,은평구,71.97,34.1,472.35,1044
1141058500,신촌동,서대문구,71.55,50.8,844.91,798
1114058000,장충동,중구,71.54,22.3,805.0,215
1138057000,대조동,은평구,71.51,24.3,600.45,1146
1123071000,회기동,동대문구,70.88,24.2,679.98,252
1156062000,양평제2동,영등포구,70.78,39.1,837.53,2391
1132052100,도봉제1동,도봉구,70.58,17.8,420.62,1230
1132052200,도봉제2동,도봉구,70.58,17.8,420.62,1230
1123065000,장안제1동,동대문구,70.36,33.0,675.33,2602
1123066000,장안제2동,동대문구,70.36,33.0,675.33,2602
1154567000,시흥제1동,금천구,70.25,24.3,502.51,2798
1154571000,시흥제5동,금천구,70.25,24.3,502.51,2798
1154570000,시흥제4동,금천구,70.25,24.3,502.51,2798
1154569000,시흥제3동,금천구,70.25,24.3,502.51,2798
1154568000,시흥제2동,금천구,70.25,24.3,502.51,2798
1111051500,청운효자동,종로구,69.94,26.1,534.37,222
1120079000,용답동,성동구,69.5,26.1,865.01,1043
1123070500,청량리동,동대문구,69.47,33.1,687.14,718
1114060500,을지로동,중구,69.32,27.2,1093.32,272
1126061000,중화제2동,중랑구,69.28,13.0,650.55,1301
1126060000,중화제1동,중랑구,69.28,13.0,650.55,1301
1174066000,성내제3동,강동구,69.15,21.7,743.08,2526
1174064000,성내제1동,강동구,69.15,21.7,743.08,2526
1174065000,성내제2동,강동구,69.15,21.7,743.08,2526
1150053500,등촌제3동,강서구,69.05,34.0,726.06,4515
1150053000,등촌제2동,강서구,69.05,34.0,726.06,4515
1150052000,등촌제1동,강서구,69.05,34.0,726.06,4515
1132066000,쌍문제1동,도봉구,68.83,11.5,417.16,1599
1132068100,쌍문제4동,도봉구,68.83,11.5,417.16,1599
1132068000,쌍문제3동,도봉구,68.83,11.5,417.16,1599
1132067000,쌍문제2동,도봉구,68.83,11.5,417.16,1599
1123053600,용신동,동대문구,67.54,26.8,886.81,2257
1126062000,묵제1동,중랑구,67.27,13.7,556.97,1312
1126063000,묵제2동,중랑구,67.27,13.7,556.97,1312
1123073000,휘경제2동,동대문구,66.88,14.0,728.25,1626
1123072000,휘경제1동,동대문구,66.88,14.0,728.25,1626
1162062500,인헌동,관악구,66.86,14.1,681.18,6119
1162060500,은천동,관악구,66.86,14.1,681.18,6119
1162059500,청룡동,관악구,66.86,14.1,681.18,6119
1162058500,낙성대동,관악구,66.86,14.1,681.18,6119
1162057500,행운동,관악구,66.86,14.1,681.18,6119
1162056500,성현동,관악구,66.86,14.1,681.18,6119
1162054500,청림동,관악구,66.86,14.1,681.18,6119
1162052500,보라매동,관악구,66.86,14.1,681.18,6119
1162061500,중앙동,관악구,66.86,14.1,681.18,6119
1111056000,평창동,종로구,66.24,13.2,514.75,288
1156061000,양평제1동,영등포구,65.83,31.4,772.49,1864
1174068500,길동,강동구,65.72,23.8,692.69,2095
1126056500,면목본동,중랑구,65.39,12.6,640.79,3302
1126055000,면목제5동,중랑구,65.39,12.6,640.79,3302
1126057000,면목제7동,중랑구,65.39,12.6,640.79,3302
1126057500,면목제3.8동,중랑구,65.39,12.6,640.79,3302
1126054000,면목제4동,중랑구,65.39,12.6,640.79,3302
1126052000,면목제2동,중랑구,65.39,12.6,640.79,3302
1150064000,방화제2동,강서구,65.39,12.0,574.47,2932
1150064100,방화제3동,강서구,65.39,12.0,574.47,2932
1138060000,응암제3동,은평구,65.06,9.8,685.53,3542
1138059000,응암제2동,은평구,65.06,9.8,685.53,3542
1138058000,응암제1동,은평구,65.06,9.8,685.53,3542
1141061500,연희동,서대문구,64.62,12.8,551.83,726
1156056000,당산제2동,영등포구,64.24,20.0,914.31,2690
1153052000,구로제1동,구로구,64.0,19.4,551.88,4857
1153053000,구로제2동,구로구,64.0,19.4,551.88,4857
1153054000,구로제3동,구로구,64.0,19.4,551.88,4857
1153055000,구로제4동,구로구,64.0,19.4,551.88,4857
1153056000,구로제5동,구로구,64.0,19.4,551.88,4857
1129065000,정릉제4동,성북구,63.92,9.4,484.87,1950
1129064000,정릉제3동,성북구,63.92,9.4,484.87,1950
1153073000,고척제2동,구로구,63.85,7.3,509.51,1399
1153072000,고척제1동,구로구,63.85,7.3,509.51,1399
1171060000,석촌동,송파구,63.77,19.4,687.65,1880
1144071000,연남동,마포구,63.65,14.9,640.98,376
1141066000,홍은제1동,서대문구,63.5,6.1,559.45,1636
1141068500,홍은제2동,서대문구,63.5,6.1,559.45,1636
1168065000,역삼2동,강남구,63.25,24.7,1118.44,4219
1168064000,역삼1동,강남구,63.25,24.7,1118.44,4219
1129055500,삼선동,성북구,63.05,7.2,637.32,1894
1156055000,당산제1동,영등포구,62.91,18.6,834.65,1471
1123054500,제기동,동대문구,62.83,21.8,642.81,620
1130560800,번3동,강북구,62.75,14.1,453.84,1149
1130560300,번2동,강북구,62.75,14.1,453.84,1149
1130559500,번1동,강북구,62.75,14.1,453.84,1149
1121587000,구의제3동,광진구,62.69,9.8,783.02,3065
1121585000,구의제1동,광진구,62.69,9.8,783.02,3065
1121586000,구의제2동,광진구,62.69,9.8,783.02,3065
1123075000,이문제2동,동대문구,62.68,11.0,700.87,2029
1123074000,이문제1동,동대문구,62.68,11.0,700.87,2029
1129063000,정릉제2동,성북구,62.55,6.5,538.75,3400
1153059500,가리봉동,구로구,62.55,25.2,509.44,286
1129057500,동선동,성북구,62.37,6.8,612.71,1701
1144070000,망원제2동,마포구,62.03,8.8,678.65,1718
1144069000,망원제1동,마포구,62.03,8.8,678.65,1718
1147057000,신월2동,양천구,61.78,12.8,504.77,3989
1147056000,신월1동,양천구,61.78,12.8,504.77,3989
1147061100,신월7동,양천구,61.78,12.8,504.77,3989
1147061000,신월6동,양천구,61.78,12.8,504.77,3989
1147060000,신월5동,양천구,61.78,12.8,504.77,3989
1147059000,신월4동,양천구,61.78,12.8,504.77,3989
1147058000,신월3동,양천구,61.78,12.8,504.77,3989
1129081000,석관동,성북구,61.69,10.5,642.79,1196
1129061000,보문동,성북구,61.65,4.0,822.94,506
1123061000,답십리제2동,동대문구,61.07,11.3,786.01,2701
1123060000,답십리제1동,동대문구,61.07,11.3,786.01,2701
1135060000,공릉2동,노원구,61.03,3.1,557.68,2198
1135059500,공릉1동,노원구,61.03,3.1,557.68,2198
1129059000,돈암제2동,성북구,60.7,2.6,611.2,1450
1129058000,돈암제1동,성북구,60.7,2.6,611.2,1450
1156058500,도림동,영등포구,60.5,20.5,688.4,794
1153078000,오류제2동,구로구,60.49,20.7,436.03,2581
1156072000,대림제3동,영등포구,60.31,7.0,633.5,1477
1156071000,대림제2동,영등포구,60.31,7.0,633.5,1477
1156070000,대림제1동,영등포구,60.31,7.0,633.5,1477
1129072500,월곡제2동,성북구,60.23,6.7,619.04,1305
1120053500,왕십리도선동,성동구,60.22,13.7,992.93,2615
1129071500,월곡제1동,성북구,60.11,7.4,627.91,1127
1159053000,상도제1동,동작구,58.97,4.4,743.08,4843
1138051000,녹번동,은평구,58.94,6.0,645.7,1846
1129062000,정릉제1동,성북구,58.88,4.1,647.59,6611
1117062500,한강로동,용산구,58.86,9.7,1024.56,1386
1168052100,논현1동,강남구,58.71,13.9,976.57,1876
1168053100,논현2동,강남구,58.71,13.9,976.57,1876
1165052000,서초2동,서초구,58.55,22.2,1099.69,6350
1165051000,서초1동,서초구,58.55,22.2,1099.69,6350
1165053100,서초4동,서초구,58.55,22.2,1099.69,6350
1150063000,방화제1동,강서구,58.49,22.0,613.9,9726
1150062000,공항동,강서구,58.49,22.0,613.9,9726
1129052500,성북동,성북구,58.31,9.2,631.19,564
1159054000,상도제2동,동작구,58.29,3.2,746.67,4688
1159056000,상도제4동,동작구,58.29,3.2,746.67,4688
1159055000,상도제3동,동작구,58.29,3.2,746.67,4688
1114068000,중림동,중구,58.03,15.1,1004.14,982
1130557500,삼각산동,강북구,57.8,5.6,511.3,3139
1130555500,송천동,강북구,57.8,5.6,511.3,3139
1130554500,송중동,강북구,57.8,5.6,511.3,3139
1130553500,미아동,강북구,57.8,5.6,511.3,3139
1130553400,삼양동,강북구,57.8,5.6,511.3,3139
1129070500,종암동,성북구,57.74,3.9,641.53,1108
1153080000,항동,구로구,57.43,2.4,547.38,460
1114061500,신당동,중구,57.42,9.6,753.23,2743
1174069000,둔촌제1동,강동구,57.36,2.4,863.62,2656
1174070000,둔촌제2동,강동구,57.36,2.4,863.62,2656
1153074000,개봉제1동,구로구,57.28,11.6,513.14,2430
1153075000,개봉제2동,구로구,57.28,11.6,513.14,2430
1153076000,개봉제3동,구로구,57.28,11.6,513.14,2430
1117068500,한남동,용산구,57.04,1.4,1297.27,563
1132051400,창제4동,도봉구,56.73,11.8,479.99,5047
1132051500,창제5동,도봉구,56.73,11.8,479.99,5047
1132051100,창제1동,도봉구,56.73,11.8,479.99,5047
1132051200,창제2동,도봉구,56.73,11.8,479.99,5047
1132051300,창제3동,도봉구,56.73,11.8,479.99,5047
1171056200,방이2동,송파구,56.7,24.8,801.33,4146
1171056600,오륜동,송파구,56.7,24.8,801.33,4146
1171056100,방이1동,송파구,56.7,24.8,801.33,4146
1171064100,문정1동,송파구,56.65,24.8,758.58,4613
1156060500,문래동,영등포구,56.61,13.0,698.67,1808
1171061000,삼전동,송파구,56.47,11.9,653.55,1775
1129068500,길음제2동,성북구,56.32,3.1,727.79,4338
1153051000,신도림동,구로구,56.02,15.0,761.38,1856
1165065200,양재2동,서초구,55.92,5.1,749.03,2790
1114066500,동화동,중구,55.89,6.9,749.52,2641
1114063500,약수동,중구,55.89,6.9,749.52,2641
1114065000,신당제5동,중구,55.89,6.9,749.52,2641
1165053000,서초3동,서초구,55.89,15.2,1039.56,11040
1114064500,청구동,중구,55.89,6.9,749.52,2641
1114062500,다산동,중구,55.89,6.9,749.52,2641
1144068000,합정동,마포구,55.74,9.1,735.62,1314
1120072000,송정동,성동구,55.73,3.7,667.89,215
1135062500,중계2.3동,노원구,55.66,2.0,558.3,4793
1135062100,중계1동,노원구,55.66,2.0,558.3,4793
1135061900,중계본동,노원구,55.66,2.0,558.3,4793
1141071000,북가좌제1동,서대문구,55.26,5.2,558.45,1511
1141072000,북가좌제2동,서대문구,55.26,5.2,558.45,1511
1159067000,신대방제1동,동작구,55.14,3.2,697.48,1727
1159068000,신대방제2동,동작구,55.14,3.2,697.48,1727
1129066000,길음제1동,성북구,54.99,1.7,762.85,3211
1111068000,창신제2동,종로구,54.96,4.9,541.39,611
1111069000,창신제3동,종로구,54.96,4.9,541.39,611
1111067000,창신제1동,종로구,54.96,4.9,541.39,611
1141064000,홍제제3동,서대문구,54.96,1.3,640.41,2390
1141065500,홍제제2동,서대문구,54.96,1.3,640.41,2390
1141062000,홍제제1동,서대문구,54.96,1.3,640.41,2390
1141069000,남가좌제1동,서대문구,54.92,4.4,788.15,1960
1141070000,남가좌제2동,서대문구,54.92,4.4,788.15,1960
1147055000,목5동,양천구,54.85,6.7,763.68,8015
1147052000,목2동,양천구,54.85,6.7,763.68,8015
1147053000,목3동,양천구,54.85,6.7,763.68,8015
1147051000,목1동,양천구,54.85,6.7,763.68,8015
1147054000,목4동,양천구,54.85,6.7,763.68,8015
1126069000,신내2동,중랑구,54.77,5.8,459.4,2570
1126068000,신내1동,중랑구,54.77,5.8,459.4,2570
1111057000,무악동,종로구,54.72,0.0,851.42,305
1120052000,왕십리제2동,성동구,54.58,1.4,997.62,1950
1153079000,수궁동,구로구,54.46,11.9,378.44,687
1144073000,성산제2동,마포구,54.46,14.2,664.61,3159
1138069000,진관동,은평구,54.39,8.7,507.39,3045
1141052000,천연동,서대문구,54.38,0.3,776.46,719
1150061100,발산제1동,강서구,54.31,20.8,631.67,8315
1123057000,전농제2동,동대문구,54.26,6.9,751.0,2626
1123056000,전농제1동,동대문구,54.26,6.9,751.0,2626
1144072000,성산제1동,마포구,54.26,16.0,667.58,2782
1138053000,불광제2동,은평구,54.24,7.5,532.03,2704
1138052000,불광제1동,은평구,54.24,7.5,532.03,2704
1138064000,증산동,은평구,54.16,1.1,742.25,663
1159066000,대방동,동작구,53.91,6.2,745.24,1165
1141055500,북아현동,서대문구,53.57,13.9,876.88,2136
1117056000,원효로제1동,용산구,53.55,9.3,932.65,2370
1171057000,오금동,송파구,53.53,7.4,678.61,1770
1159063000,사당제2동,동작구,53.41,4.1,775.76,4670
1135061100,하계1동,노원구,53.33,0.5,538.8,2086
1135061200,하계2동,노원구,53.33,0.5,538.8,2086
1159065100,사당제5동,동작구,53.2,4.3,765.03,4399
1159062000,사당제1동,동작구,53.2,4.3,765.03,4399
1159064000,사당제3동,동작구,53.2,4.3,765.03,4399
1159065000,사당제4동,동작구,53.2,4.3,765.03,4399
1156067000,신길제5동,영등포구,53.02,6.1,761.85,6273
1117053000,남영동,용산구,52.91,36.8,739.71,247
1111058000,교남동,종로구,52.7,2.9,1174.3,658
1138065000,수색동,은평구,52.55,1.2,750.74,1141
1150051000,염창동,강서구,52.52,12.2,694.56,5635
1144074000,상암동,마포구,52.46,9.0,622.11,1805
1165062000,방배3동,서초구,52.27,5.8,958.14,4690
1165061000,방배2동,서초구,52.27,5.8,958.14,4690
1165062100,방배4동,서초구,52.27,5.8,958.14,4690
1165060000,방배1동,서초구,52.27,5.8,958.14,4690
1165059000,방배본동,서초구,52.27,5.8,958.14,4690
1144058500,도화동,마포구,52.13,8.3,757.64,1652
1150060300,가양제1동,강서구,51.69,20.0,644.0,9408
1174059000,암사제3동,강동구,51.47,4.8,723.52,3199
1174058000,암사제2동,강동구,51.47,4.8,723.52,3199
1174057000,암사제1동,강동구,51.47,4.8,723.52,3199
1144060000,대흥동,마포구,51.37,5.4,950.34,2289
1171063200,가락2동,송파구,51.15,4.2,959.22,4732
1171063100,가락1동,송파구,51.15,4.2,959.22,4732
1171062000,가락본동,송파구,51.15,4.2,959.22,4732
1144056500,공덕동,마포구,51.11,11.0,931.13,6189
1135062400,중계4동,노원구,51.09,1.8,492.13,15181
1156069000,신길제7동,영등포구,50.77,5.9,801.38,4796
1156066000,신길제4동,영등포구,50.77,5.9,801.38,4796
1156065000,신길제3동,영등포구,50.77,5.9,801.38,4796
1156063000,신길제1동,영등포구,50.77,5.9,801.38,4796
1156068000,신길제6동,영등포구,50.77,5.9,801.38,4796
1120059000,금호1가동,성동구,50.63,0.3,908.69,873
1156051500,영등포본동,영등포구,50.61,5.9,799.18,5523
1144061000,염리동,마포구,50.24,13.2,979.24,3125
1129077000,장위제2동,성북구,50.13,2.9,589.88,2749
1129076000,장위제1동,성북구,50.13,2.9,589.88,2749
1129078000,장위제3동,성북구,50.13,2.9,589.88,2749
1171064600,장지동,송파구,50.11,15.0,772.73,7657
1171064200,문정2동,송파구,50.11,15.0,772.73,7657
1144065500,서강동,마포구,50.1,3.7,807.69,1176
1120055000,사근동,성동구,49.23,3.2,886.98,2357
1171052000,풍납2동,송파구,49.18,2.0,742.43,1492
1171051000,풍납1동,송파구,49.18,2.0,742.43,1492
1168056500,청담동,강남구,49.03,10.9,1257.26,1250
1135063000,상계1동,노원구,48.97,1.8,461.6,10388
1135067000,상계5동,노원구,48.97,1.8,461.6,10388
1135069500,상계6.7동,노원구,48.97,1.8,461.6,10388
1135070000,상계8동,노원구,48.97,1.8,461.6,10388
1135071000,상계9동,노원구,48.97,1.8,461.6,10388
1135066500,상계3.4동,노원구,48.97,1.8,461.6,10388
1135064000,상계2동,노원구,48.97,1.8,461.6,10388
1135072000,상계10동,노원구,48.97,1.8,461.6,10388
1171058000,송파1동,송파구,48.88,6.4,739.31,2501
1171059000,송파2동,송파구,48.88,6.4,739.31,2501
1120056000,행당제1동,성동구,48.72,2.8,895.15,2261
1120057000,행당제2동,성동구,48.72,2.8,895.15,2261
1159052000,노량진제2동,동작구,48.64,13.3,789.1,1229
1165065100,양재1동,서초구,48.59,4.6,713.63,4902
1144055500,아현동,마포구,47.99,9.1,1005.68,5386
1144059000,용강동,마포구,47.98,4.3,922.41,4798
1144063000,신수동,마포구,47.52,1.2,955.79,2390
1121582000,자양제1동,광진구,47.39,3.3,838.24,5099
1121584000,자양제3동,광진구,47.39,3.3,838.24,5099
1121583000,자양제2동,광진구,47.39,3.3,838.24,5099
1121584700,자양제4동,광진구,47.39,3.3,838.24,5099
1159051000,노량진제1동,동작구,47.14,8.6,774.41,1903
1117058000,효창동,용산구,46.95,1.9,920.49,1138
1141056500,충현동,서대문구,46.93,5.6,820.21,1921
1120054000,마장동,성동구,46.88,4.0,670.19,756
1120062000,금호4가동,성동구,46.84,0.0,1005.59,842
1135058000,월계3동,노원구,46.61,0.8,490.85,3470
1135057000,월계2동,노원구,46.61,0.8,490.85,3470
1135056000,월계1동,노원구,46.61,0.8,490.85,3470
1150060500,가양제3동,강서구,46.46,9.6,658.7,3171
1150060400,가양제2동,강서구,46.46,9.6,658.7,3171
1171053200,거여2동,송파구,46.37,7.4,728.39,3120
1171053100,거여1동,송파구,46.37,7.4,728.39,3120
1165066000,내곡동,서초구,46.24,6.4,772.67,1393
1168065600,도곡2동,강남구,45.71,2.4,1179.43,2560
1168065500,도곡1동,강남구,45.71,2.4,1179.43,2560
1121581000,광장동,광진구,45.34,1.9,843.72,1717
1117059000,용문동,용산구,45.23,0.3,824.81,1004
1174056000,고덕제2동,강동구,44.93,0.0,932.73,3336
1174055000,고덕제1동,강동구,44.93,0.0,932.73,3336
1147064000,신정3동,양천구,44.71,3.7,658.75,8753
1147067000,신정6동,양천구,44.71,3.7,658.75,8753
1147068000,신정7동,양천구,44.71,3.7,658.75,8753
1147063000,신정2동,양천구,44.71,3.7,658.75,8753
1147062000,신정1동,양천구,44.71,3.7,658.75,8753
1147065000,신정4동,양천구,44.71,3.7,658.75,8753
1168070000,세곡동,강남구,44.39,15.9,710.33,2883
1120061500,금호2.3가동,성동구,44.1,0.4,862.3,1308
1117055500,청파동,용산구,43.61,5.0,795.2,1509
1159060500,흑석동,동작구,43.53,0.4,919.66,2029
1171064700,위례동,송파구,43.32,3.7,760.87,6164
1117051000,후암동,용산구,43.3,1.1,680.41,1164
1168058000,삼성1동,강남구,42.9,6.2,1127.76,2061
1168059000,삼성2동,강남구,42.9,6.2,1127.76,2061
1174054000,명일제2동,강동구,42.8,9.0,704.82,2776
1174053000,명일제1동,강동구,42.8,9.0,704.82,2776
1120064500,옥수동,성동구,41.81,0.6,973.74,1900
1120058000,응봉동,성동구,41.08,0.1,667.15,932
1117057000,원효로제2동,용산구,40.6,0.5,789.8,1305
1168063000,대치4동,강남구,40.4,5.1,1131.78,4461
1168061000,대치2동,강남구,40.4,5.1,1131.78,4461
1168060000,대치1동,강남구,40.4,5.1,1131.78,4461
1174052000,상일동,강동구,40.19,0.2,778.01,3265
1120065000,성수1가제1동,성동구,40.05,5.2,1055.63,2086
1120066000,성수1가제2동,성동구,40.05,5.2,1055.63,2086
1165058100,반포4동,서초구,39.97,1.1,1501.81,4503
1165057000,반포2동,서초구,39.97,1.1,1501.81,4503
1165056000,반포1동,서초구,39.97,1.1,1501.81,4503
1165055000,반포본동,서초구,39.97,1.1,1501.81,4503
1174051500,강일동,강동구,39.42,1.5,628.56,6373
1168074000,일원2동,강남구,38.68,2.4,1130.0,11860
1168072000,일원본동,강남구,38.61,0.4,1052.45,4146
1168073000,일원1동,강남구,38.61,0.4,1052.45,4146
1171067000,잠실2동,송파구,38.24,3.6,1086.66,6216
1171068000,잠실3동,송파구,38.24,3.6,1086.66,6216
1171072000,잠실7동,송파구,38.24,3.6,1086.66,6216
1171065000,잠실본동,송파구,38.24,3.6,1086.66,6216
1171069000,잠실4동,송파구,37.85,0.2,1060.0,2485
1171071000,잠실6동,송파구,37.85,0.2,1060.0,2485
1168067000,개포2동,강남구,37.64,0.8,1128.93,7399
1156054000,여의동,영등포구,37.62,9.9,827.07,2218
1168075000,수서동,강남구,37.4,0.9,949.65,1738
1165054000,잠원동,서초구,37.11,0.5,1306.3,4105
1165058000,반포3동,서초구,37.11,0.5,1306.3,4105
1168066000,개포1동,강남구,36.74,1.1,1130.04,4991
1168069000,개포4동,강남구,36.74,1.1,1130.04,4991
1117066000,이태원제2동,용산구,36.24,1.0,726.43,613
1117065000,이태원제1동,용산구,36.24,1.0,726.43,613
1117052000,용산2가동,용산구,35.4,0.8,494.76,363
1120069000,성수2가제3동,성동구,32.3,6.1,772.45,1212
1120067000,성수2가제1동,성동구,32.3,6.1,772.45,1212
1171055000,마천2동,송파구,31.39,1.5,441.41,1512
1171054000,마천1동,송파구,31.39,1.5,441.41,1512
1117064000,이촌제2동,용산구,31.08,0.1,884.24,2364
1117063000,이촌제1동,용산구,31.08,0.1,884.24,2364
1117069000,서빙고동,용산구,22.14,0.2,679.71,429
1168051000,신사동,강남구,21.86,0.4,878.64,1936
1168054500,압구정동,강남구,21.86,0.4,878.64,1936
1117070000,보광동,용산구,14.35,0.0,637.08,127
1111054000,삼청동,종로구,6.41,0.0,55.76,1
