법정동코드,동이름,자치구,전세가율,고전세가율비율,거래건수
11290_동소문동4가,동소문동4가,성북구,130.15,81.0,21
11560_당산동,당산동,영등포구,124.58,91.1,112
11140_만리동1가,만리동1가,중구,121.85,91.7,36
11560_영등포동4가,영등포동4가,영등포구,119.01,100.0,16
11545_가산동,가산동,금천구,116.28,78.9,247
11410_대현동,대현동,서대문구,115.3,94.7,19
11560_영등포동8가,영등포동8가,영등포구,114.02,61.1,18
11290_동소문동7가,동소문동7가,성북구,111.81,83.3,6
11290_안암동4가,안암동4가,성북구,108.55,100.0,6
11290_안암동5가,안암동5가,성북구,106.58,52.6,19
11560_당산동3가,당산동3가,영등포구,99.98,80.0,30
11290_보문동6가,보문동6가,성북구,99.19,60.0,5
11290_보문동4가,보문동4가,성북구,99.18,100.0,2
11560_영등포동7가,영등포동7가,영등포구,95.52,73.0,74
11560_양평동3가,양평동3가,영등포구,94.51,62.5,24
11560_양평동5가,양평동5가,영등포구,94.44,60.4,91
11140_황학동,황학동,중구,94.34,73.7,95
11290_안암동2가,안암동2가,성북구,94.27,100.0,5
11110_연지동,연지동,종로구,93.15,83.3,12
11110_관수동,관수동,종로구,92.14,85.7,7
11560_양평동4가,양평동4가,영등포구,92.07,57.4,169
11500_염창동,염창동,강서구,91.96,68.1,144
11110_명륜4가,명륜4가,종로구,91.2,64.3,14
11500_내발산동,내발산동,강서구,90.34,42.7,354
11290_삼선동4가,삼선동4가,성북구,89.79,31.8,22
11500_가양동,가양동,강서구,89.36,61.7,107
11560_영등포동5가,영등포동5가,영등포구,89.01,68.0,25
11650_내곡동,내곡동,서초구,88.74,73.3,15
11350_하계동,하계동,노원구,88.36,43.3,60
11620_남현동,남현동,관악구,87.58,50.0,230
11140_예장동,예장동,중구,87.58,28.2,39
11215_화양동,화양동,광진구,87.21,51.8,222
11560_영등포동6가,영등포동6가,영등포구,86.43,60.7,56
11440_창전동,창전동,마포구,86.29,39.2,79
11560_문래동3가,문래동3가,영등포구,86.24,80.0,15
11560_영등포동2가,영등포동2가,영등포구,85.96,58.1,117
11260_상봉동,상봉동,중랑구,85.45,55.2,772
11350_중계동,중계동,노원구,85.4,52.4,124
11215_군자동,군자동,광진구,84.91,46.7,330
11110_충신동,충신동,종로구,84.63,100.0,9
11500_외발산동,외발산동,강서구,84.35,33.3,24
11500_화곡동,화곡동,강서구,84.11,41.7,4364
11620_봉천동,봉천동,관악구,83.6,45.0,1355
11140_회현동1가,회현동1가,중구,83.4,72.6,117
11500_등촌동,등촌동,강서구,83.36,39.4,843
11545_독산동,독산동,금천구,82.85,46.1,986
11560_당산동4가,당산동4가,영등포구,82.8,75.0,28
11110_명륜3가,명륜3가,종로구,82.72,38.5,39
11560_당산동1가,당산동1가,영등포구,82.13,52.4,166
11110_동숭동,동숭동,종로구,82.04,46.6,88
11290_하월곡동,하월곡동,성북구,81.89,28.0,118
11140_필동3가,필동3가,중구,81.8,55.6,18
11530_개봉동,개봉동,구로구,80.89,41.1,906
11230_회기동,회기동,동대문구,80.68,28.3,60
11500_공항동,공항동,강서구,80.66,44.6,460
11560_양평동1가,양평동1가,영등포구,79.73,52.3,44
11290_보문동2가,보문동2가,성북구,79.66,12.5,24
11110_홍지동,홍지동,종로구,79.64,45.5,11
11290_안암동3가,안암동3가,성북구,79.63,34.8,23
11350_월계동,월계동,노원구,79.63,32.9,228
11560_영등포동1가,영등포동1가,영등포구,79.2,52.0,25
11110_체부동,체부동,종로구,79.13,50.0,6
11380_역촌동,역촌동,은평구,78.64,37.6,686
11230_제기동,제기동,동대문구,78.64,42.8,285
11200_도선동,도선동,성동구,78.57,54.8,42
11110_신영동,신영동,종로구,78.17,31.1,122
11290_석관동,석관동,성북구,77.87,39.9,552
11110_원서동,원서동,종로구,77.76,34.9,43
11410_홍은동,홍은동,서대문구,77.55,37.5,451
11440_서교동,서교동,마포구,77.51,35.3,436
11620_신림동,신림동,관악구,77.35,38.3,1590
11110_누하동,누하동,종로구,77.04,40.0,5
11215_중곡동,중곡동,광진구,76.53,34.1,1618
11740_암사동,암사동,강동구,76.34,38.4,1040
11440_마포동,마포동,마포구,76.33,14.6,41
11110_명륜1가,명륜1가,종로구,76.25,35.9,64
11440_상암동,상암동,마포구,76.19,37.5,104
11740_성내동,성내동,강동구,76.11,40.2,1230
11260_묵동,묵동,중랑구,76.06,40.7,486
11380_구산동,구산동,은평구,75.83,35.5,321
11290_삼선동5가,삼선동5가,성북구,75.69,38.6,44
11410_남가좌동,남가좌동,서대문구,75.6,29.3,133
11290_종암동,종암동,성북구,75.5,34.6,246
11170_문배동,문배동,용산구,75.3,0.0,6
11470_신월동,신월동,양천구,75.04,32.1,1586
11110_누상동,누상동,종로구,74.96,28.6,91
11545_시흥동,시흥동,금천구,74.75,32.4,1027
11590_상도1동,상도1동,동작구,74.74,32.8,125
11230_장안동,장안동,동대문구,74.55,35.6,526
11350_공릉동,공릉동,노원구,74.54,37.0,335
11710_가락동,가락동,송파구,73.88,37.0,987
11290_보문동7가,보문동7가,성북구,73.82,5.9,17
11320_창동,창동,도봉구,73.76,31.3,830
11305_우이동,우이동,강북구,73.76,32.4,108
11110_옥인동,옥인동,종로구,73.21,28.9,38
11380_갈현동,갈현동,은평구,73.1,34.4,787
11290_정릉동,정릉동,성북구,72.73,38.9,673
11320_도봉동,도봉동,도봉구,72.69,28.2,216
11110_연건동,연건동,종로구,72.6,38.5,26
11215_능동,능동,광진구,72.49,24.7,324
11290_삼선동3가,삼선동3가,성북구,72.32,30.8,26
11260_망우동,망우동,중랑구,72.25,22.1,385
11530_구로동,구로동,구로구,72.21,28.1,570
11230_답십리동,답십리동,동대문구,72.14,17.8,236
11290_동소문동6가,동소문동6가,성북구,72.08,62.5,8
11740_천호동,천호동,강동구,71.88,32.6,1831
11110_숭인동,숭인동,종로구,71.71,23.0,126
11410_신촌동,신촌동,서대문구,71.28,28.6,7
11710_문정동,문정동,송파구,71.28,31.8,899
11110_명륜2가,명륜2가,종로구,70.88,33.3,12
11710_오금동,오금동,송파구,70.82,34.2,555
11110_구기동,구기동,종로구,70.79,19.4,108
11110_부암동,부암동,종로구,70.24,30.9,55
11440_연남동,연남동,마포구,70.13,22.3,301
11710_방이동,방이동,송파구,70.04,24.8,1504
11440_신공덕동,신공덕동,마포구,70.03,14.3,63
11110_혜화동,혜화동,종로구,69.95,17.2,64
11410_대신동,대신동,서대문구,69.93,40.0,10
11110_청운동,청운동,종로구,69.9,20.8,24
11710_송파동,송파동,송파구,69.87,29.5,1444
11290_상월곡동,상월곡동,성북구,69.71,12.5,56
11410_옥천동,옥천동,서대문구,69.53,11.1,9
11380_응암동,응암동,은평구,69.28,26.4,780
11440_동교동,동교동,마포구,69.27,36.5,52
11260_면목동,면목동,중랑구,69.11,22.6,1821
11140_장충동2가,장충동2가,중구,68.85,16.9,71
11110_내수동,내수동,종로구,68.78,33.3,3
11305_수유동,수유동,강북구,68.71,35.3,1043
11215_구의동,구의동,광진구,68.67,22.6,1383
11380_신사동,신사동,은평구,68.66,30.3,630
11380_진관동,진관동,은평구,68.65,16.7,30
11260_중화동,중화동,중랑구,68.36,21.5,801
11290_성북동1가,성북동1가,성북구,68.35,13.6,22
11320_쌍문동,쌍문동,도봉구,68.18,32.9,434
11560_당산동6가,당산동6가,영등포구,68.06,35.6,135
11560_문래동1가,문래동1가,영등포구,67.8,22.2,9
11500_방화동,방화동,강서구,67.74,30.4,537
11110_신문로2가,신문로2가,종로구,67.67,22.2,9
11650_염곡동,염곡동,서초구,67.49,0.0,8
11320_방학동,방학동,도봉구,67.11,31.8,359
11470_목동,목동,양천구,67.0,22.2,2549
11290_동선동4가,동선동4가,성북구,66.84,28.6,7
11290_동선동5가,동선동5가,성북구,66.5,22.2,27
11230_휘경동,휘경동,동대문구,66.33,24.3,218
11740_길동,길동,강동구,66.29,30.0,516
11410_연희동,연희동,서대문구,66.22,20.9,350
11560_양평동6가,양평동6가,영등포구,66.19,59.3,123
11200_송정동,송정동,성동구,66.15,20.0,100
11260_신내동,신내동,중랑구,65.92,20.3,128
11530_고척동,고척동,구로구,65.89,21.1,213
11290_돈암동,돈암동,성북구,65.88,30.1,73
11110_효자동,효자동,종로구,65.52,0.0,6
11200_마장동,마장동,성동구,65.42,34.6,104
11140_장충동1가,장충동1가,중구,65.15,2.5,40
11200_홍익동,홍익동,성동구,65.07,59.3,27
11110_필운동,필운동,종로구,64.94,0.0,13
11740_명일동,명일동,강동구,64.58,18.3,273
11380_녹번동,녹번동,은평구,64.55,16.5,886
11710_석촌동,석촌동,송파구,64.49,21.3,1652
11110_계동,계동,종로구,64.09,0.0,6
11440_망원동,망원동,마포구,64.03,14.8,1200
11290_동소문동1가,동소문동1가,성북구,63.99,0.0,6
11440_성산동,성산동,마포구,63.96,15.6,935
11200_하왕십리동,하왕십리동,성동구,63.68,5.6,160
11290_삼선동2가,삼선동2가,성북구,63.47,37.5,8
11530_천왕동,천왕동,구로구,63.33,0.0,4
11290_보문동5가,보문동5가,성북구,63.22,0.0,26
11560_대림동,대림동,영등포구,62.9,23.4,303
11110_신교동,신교동,종로구,62.57,13.9,36
11500_마곡동,마곡동,강서구,62.52,29.8,161
11200_사근동,사근동,성동구,62.5,6.4,47
11290_안암동1가,안암동1가,성북구,62.42,0.0,6
11650_서초동,서초동,서초구,62.14,28.1,1104
11680_논현동,논현동,강남구,61.67,21.5,965
11380_대조동,대조동,은평구,61.46,8.7,624
11530_오류동,오류동,구로구,61.36,18.5,401
11410_천연동,천연동,서대문구,61.31,5.0,20
11290_삼선동1가,삼선동1가,성북구,60.63,22.6,31
11110_평창동,평창동,종로구,60.22,12.5,104
11440_중동,중동,마포구,60.11,7.1,113
11590_상도동,상도동,동작구,59.98,11.9,1674
11410_창천동,창천동,서대문구,59.92,36.2,177
11680_도곡동,도곡동,강남구,59.53,4.3,139
11140_신당동,신당동,중구,59.4,17.1,821
11140_광희동2가,광희동2가,중구,59.35,21.1,19
11110_통인동,통인동,종로구,58.93,0.0,6
11680_역삼동,역삼동,강남구,58.63,17.0,1363
11530_궁동,궁동,구로구,58.55,15.5,309
11710_풍납동,풍납동,송파구,58.53,17.2,238
11350_상계동,상계동,노원구,58.44,21.7,553
11590_신대방동,신대방동,동작구,57.72,15.1,364
11590_동작동,동작동,동작구,57.3,5.9,34
11200_행당동,행당동,성동구,57.05,21.7,189
11590_흑석동,흑석동,동작구,56.93,13.8,116
11110_홍파동,홍파동,종로구,56.92,27.3,11
11590_대방동,대방동,동작구,56.92,16.6,343
11230_신설동,신설동,동대문구,56.92,20.5,73
11170_한남동,한남동,용산구,56.31,10.7,168
11590_사당동,사당동,동작구,56.27,14.9,1439
11710_잠실동,잠실동,송파구,55.89,13.6,1309
11215_광장동,광장동,광진구,55.84,7.8,167
11305_번동,번동,강북구,55.51,10.9,412
11530_가리봉동,가리봉동,구로구,55.43,11.5,209
11710_거여동,거여동,송파구,55.36,16.4,318
11410_홍제동,홍제동,서대문구,55.16,10.3,427
11410_영천동,영천동,서대문구,55.15,0.0,8
11200_옥수동,옥수동,성동구,55.11,14.8,27
11305_미아동,미아동,강북구,54.98,14.6,1115
11290_길음동,길음동,성북구,54.86,17.9,39
11650_양재동,양재동,서초구,54.83,4.2,1895
11170_도원동,도원동,용산구,54.81,0.0,10
11710_삼전동,삼전동,송파구,54.47,8.8,1644
11380_불광동,불광동,은평구,54.38,10.7,1490
11440_합정동,합정동,마포구,54.37,6.8,1125
11650_우면동,우면동,서초구,54.31,6.3,142
11560_신길동,신길동,영등포구,54.19,7.0,875
11680_개포동,개포동,강남구,54.18,3.5,866
11650_방배동,방배동,서초구,54.02,7.5,2351
11290_동선동3가,동선동3가,성북구,53.33,7.1,28
11230_용두동,용두동,동대문구,52.84,8.3,399
11440_토정동,토정동,마포구,52.71,0.0,31
11290_성북동,성북동,성북구,52.65,5.0,441
11530_항동,항동,구로구,52.64,15.5,71
11380_수색동,수색동,은평구,52.25,4.5,155
11440_현석동,현석동,마포구,52.25,0.0,65
11470_신정동,신정동,양천구,52.2,10.2,1056
11170_용산동3가,용산동3가,용산구,52.09,0.0,9
11140_회현동2가,회현동2가,중구,52.01,0.0,4
11740_상일동,상일동,강동구,50.95,5.8,172
11650_반포동,반포동,서초구,50.82,6.4,862
11410_봉원동,봉원동,서대문구,50.67,0.0,1
11170_청파동3가,청파동3가,용산구,50.53,0.9,432
11740_고덕동,고덕동,강동구,50.51,0.8,388
11410_북가좌동,북가좌동,서대문구,50.27,11.8,676
11170_한강로2가,한강로2가,용산구,50.26,0.0,53
11680_세곡동,세곡동,강남구,50.24,2.0,51
11230_전농동,전농동,동대문구,49.67,5.1,647
11560_도림동,도림동,영등포구,49.63,2.2,231
11110_창성동,창성동,종로구,48.88,0.0,1
11110_창신동,창신동,종로구,48.88,12.3,204
11230_청량리동,청량리동,동대문구,48.85,12.0,75
11170_신계동,신계동,용산구,48.72,0.0,88
11680_대치동,대치동,강남구,48.66,3.4,705
11440_용강동,용강동,마포구,48.47,1.7,175
11170_한강로1가,한강로1가,용산구,48.25,0.0,107
11650_잠원동,잠원동,서초구,48.06,11.0,109
11740_둔촌동,둔촌동,강동구,47.83,10.7,523
11680_신사동,신사동,강남구,47.54,2.5,157
11170_용문동,용문동,용산구,47.36,0.5,665
11110_행촌동,행촌동,종로구,47.25,2.8,106
11290_장위동,장위동,성북구,47.21,0.9,1407
11440_신수동,신수동,마포구,47.2,1.9,257
11680_청담동,청담동,강남구,47.01,10.8,204
11440_구수동,구수동,마포구,46.97,0.0,44
11110_이화동,이화동,종로구,46.77,0.0,11
11680_자곡동,자곡동,강남구,46.27,0.0,26
11140_필동2가,필동2가,중구,45.91,0.0,10
11200_용답동,용답동,성동구,45.57,2.0,446
11170_효창동,효창동,용산구,44.81,3.0,725
11110_사직동,사직동,종로구,44.8,5.6,18
11170_산천동,산천동,용산구,44.43,0.0,14
11110_무악동,무악동,종로구,44.3,0.0,2
11440_대흥동,대흥동,마포구,43.23,3.2,311
11170_후암동,후암동,용산구,43.05,1.2,1051
11215_자양동,자양동,광진구,42.97,2.1,2597
11440_공덕동,공덕동,마포구,42.01,0.0,139
11560_당산동2가,당산동2가,영등포구,41.42,50.0,2
11200_금호동1가,금호동1가,성동구,41.02,2.8,72
11440_노고산동,노고산동,마포구,41.02,1.4,277
11440_상수동,상수동,마포구,40.58,4.0,199
11380_증산동,증산동,은평구,40.47,1.4,139
11530_온수동,온수동,구로구,40.22,18.0,183
11170_원효로2가,원효로2가,용산구,40.11,1.1,189
11170_청파동1가,청파동1가,용산구,39.76,0.0,555
11560_영등포동,영등포동,영등포구,39.76,1.0,105
11170_청파동2가,청파동2가,용산구,38.91,1.3,238
11230_이문동,이문동,동대문구,38.88,3.9,128
11140_중림동,중림동,중구,38.77,3.8,53
11170_이태원동,이태원동,용산구,38.73,0.8,370
11440_당인동,당인동,마포구,38.59,1.5,68
11170_신창동,신창동,용산구,38.42,0.0,150
11680_일원동,일원동,강남구,38.32,0.1,668
11440_아현동,아현동,마포구,38.26,4.2,313
11410_충정로2가,충정로2가,서대문구,38.1,35.7,14
11170_원효로4가,원효로4가,용산구,36.86,0.0,177
11440_도화동,도화동,마포구,36.53,0.0,175
11680_삼성동,삼성동,강남구,36.45,1.8,448
11590_노량진동,노량진동,동작구,36.26,0.0,364
11440_염리동,염리동,마포구,35.56,7.8,503
11200_금호동2가,금호동2가,성동구,35.22,10.5,38
11170_용산동2가,용산동2가,용산구,35.11,0.9,341
11170_서빙고동,서빙고동,용산구,34.11,0.0,74
11170_원효로1가,원효로1가,용산구,32.32,0.2,486
11200_응봉동,응봉동,성동구,31.95,4.1,147
11200_성수동1가,성수동1가,성동구,31.5,10.6,367
11170_원효로3가,원효로3가,용산구,29.56,0.0,220
11170_동자동,동자동,용산구,29.38,0.0,33
11170_서계동,서계동,용산구,28.19,0.0,192
11200_금호동3가,금호동3가,성동구,28.14,0.6,176
11710_마천동,마천동,송파구,28.13,2.3,894
11200_금호동4가,금호동4가,성동구,28.11,0.0,25
11530_신도림동,신도림동,구로구,27.82,7.9,38
11590_본동,본동,동작구,25.23,0.0,41
11410_북아현동,북아현동,서대문구,25.1,2.4,296
11200_성수동2가,성수동2가,성동구,22.74,3.1,385
11170_이촌동,이촌동,용산구,18.73,0.0,66
11170_갈월동,갈월동,용산구,17.35,0.0,69
11410_충정로3가,충정로3가,서대문구,16.68,0.0,76
11170_한강로3가,한강로3가,용산구,11.99,0.0,23
11170_동빙고동,동빙고동,용산구,10.55,0.0,105
11170_보광동,보광동,용산구,6.48,0.0,21
11110_삼청동,삼청동,종로구,6.41,0.0,1
11170_주성동,주성동,용산구,6.1,0.0,28
