adm_cd,adm_nm,자치구,전세가율,고전세가율비율,거래건수
1154551000,가산동,금천구,116.28,78.9,247
1114067000,황학동,중구,94.34,73.7,95
1156056000,당산제2동,영등포구,92.58,62.2,275
1111061500,종로1.2.3.4가동,종로구,92.14,85.7,7
1150051000,염창동,강서구,90.85,65.4,251
1129060000,안암동,성북구,90.74,49.1,59
1111063000,종로5.6가동,종로구,89.5,90.5,21
1150060400,가양제2동,강서구,89.36,61.7,107
1150060500,가양제3동,강서구,89.36,61.7,107
1135061100,하계1동,노원구,88.36,43.3,60
1135061200,하계2동,노원구,88.36,43.3,60
1162063000,남현동,관악구,87.58,50.0,230
1121571000,화양동,광진구,87.21,51.8,222
1126058000,상봉제1동,중랑구,85.45,55.2,772
1126059000,상봉제2동,중랑구,85.45,55.2,772
1135061900,중계본동,노원구,85.4,52.4,124
1135062100,중계1동,노원구,85.4,52.4,124
1135062500,중계2.3동,노원구,85.4,52.4,124
1156061000,양평제1동,영등포구,84.95,55.9,68
1156062000,양평제2동,영등포구,84.92,58.9,407
1121573000,군자동,광진구,84.91,46.7,330
1150061500,우장산동,강서구,84.58,41.8,4718
1156055000,당산제1동,영등포구,84.42,56.6,198
1150059000,화곡본동,강서구,84.11,41.7,4364
1150056000,화곡제3동,강서구,84.11,41.7,4364
1150059300,화곡제8동,강서구,84.11,41.7,4364
1150054000,화곡제1동,강서구,84.11,41.7,4364
1150057000,화곡제4동,강서구,84.11,41.7,4364
1150059100,화곡제6동,강서구,84.11,41.7,4364
1150055000,화곡제2동,강서구,84.11,41.7,4364
1114055000,명동,중구,83.63,60.0,160
1162058500,낙성대동,관악구,83.6,45.0,1355
1162052500,보라매동,관악구,83.6,45.0,1355
1162060500,은천동,관악구,83.6,45.0,1355
1162061500,중앙동,관악구,83.6,45.0,1355
1162062500,인헌동,관악구,83.6,45.0,1355
1162057500,행운동,관악구,83.6,45.0,1355
1162056500,성현동,관악구,83.6,45.0,1355
1162054500,청림동,관악구,83.6,45.0,1355
1162059500,청룡동,관악구,83.6,45.0,1355
1150052000,등촌제1동,강서구,83.36,39.4,843
1150053000,등촌제2동,강서구,83.36,39.4,843
1150053500,등촌제3동,강서구,83.36,39.4,843
1154561000,독산제1동,금천구,82.85,46.1,986
1154562000,독산제2동,금천구,82.85,46.1,986
1154564000,독산제4동,금천구,82.85,46.1,986
1154563000,독산제3동,금천구,82.85,46.1,986
1114054000,회현동,중구,82.36,70.2,121
1129071500,월곡제1동,성북구,81.89,28.0,118
1150061100,발산제1동,강서구,81.76,38.4,539
1165066000,내곡동,서초구,81.35,47.8,23
1153076000,개봉제3동,구로구,80.89,41.1,906
1153075000,개봉제2동,구로구,80.89,41.1,906
1153074000,개봉제1동,구로구,80.89,41.1,906
1123071000,회기동,동대문구,80.68,28.3,60
1135058000,월계3동,노원구,79.63,32.9,228
1135057000,월계2동,노원구,79.63,32.9,228
1135056000,월계1동,노원구,79.63,32.9,228
1156060500,문래동,영등포구,79.32,58.3,24
1156053500,영등포동,영등포구,78.68,49.1,436
1123054500,제기동,동대문구,78.64,42.8,285
1138062500,역촌동,은평구,78.64,37.6,686
1129072500,월곡제2동,성북구,77.97,23.0,174
1129081000,석관동,성북구,77.87,39.9,552
1141068500,홍은제2동,서대문구,77.55,37.5,451
1141066000,홍은제1동,서대문구,77.55,37.5,451
1162069500,신림동,관악구,77.35,38.3,1590
1162068500,신사동,관악구,77.35,38.3,1590
1162076500,미성동,관악구,77.35,38.3,1590
1162073500,대학동,관악구,77.35,38.3,1590
1162066500,서림동,관악구,77.35,38.3,1590
1162065500,신원동,관악구,77.35,38.3,1590
1162064500,서원동,관악구,77.35,38.3,1590
1162077500,난곡동,관악구,77.35,38.3,1590
1162072500,조원동,관악구,77.35,38.3,1590
1162074500,삼성동,관악구,77.35,38.3,1590
1162071500,난향동,관악구,77.35,38.3,1590
1111064000,이화동,종로구,76.97,40.8,125
1121577000,중곡제4동,광진구,76.53,34.1,1618
1121574000,중곡제1동,광진구,76.53,34.1,1618
1121575000,중곡제2동,광진구,76.53,34.1,1618
1121576000,중곡제3동,광진구,76.53,34.1,1618
1174059000,암사제3동,강동구,76.34,38.4,1040
1174058000,암사제2동,강동구,76.34,38.4,1040
1174057000,암사제1동,강동구,76.34,38.4,1040
1111065000,혜화동,종로구,76.22,32.1,193
1144074000,상암동,마포구,76.19,37.5,104
1174065000,성내제2동,강동구,76.11,40.2,1230
1174066000,성내제3동,강동구,76.11,40.2,1230
1174064000,성내제1동,강동구,76.11,40.2,1230
1111060000,가회동,종로구,76.09,30.6,49
1126063000,묵제2동,중랑구,76.06,40.7,486
1126062000,묵제1동,중랑구,76.06,40.7,486
1111055000,부암동,종로구,75.94,31.9,188
1138056000,구산동,은평구,75.83,35.5,321
1141069000,남가좌제1동,서대문구,75.6,29.3,133
1141070000,남가좌제2동,서대문구,75.6,29.3,133
1129070500,종암동,성북구,75.5,34.6,246
1129068500,길음제2동,성북구,75.18,25.5,157
1147061100,신월7동,양천구,75.04,32.1,1586
1147061000,신월6동,양천구,75.04,32.1,1586
1147060000,신월5동,양천구,75.04,32.1,1586
1147059000,신월4동,양천구,75.04,32.1,1586
1147056000,신월1동,양천구,75.04,32.1,1586
1147058000,신월3동,양천구,75.04,32.1,1586
1147057000,신월2동,양천구,75.04,32.1,1586
1154568000,시흥제2동,금천구,74.75,32.4,1027
1154567000,시흥제1동,금천구,74.75,32.4,1027
1154569000,시흥제3동,금천구,74.75,32.4,1027
1154570000,시흥제4동,금천구,74.75,32.4,1027
1154571000,시흥제5동,금천구,74.75,32.4,1027
1123066000,장안제2동,동대문구,74.55,35.6,526
1123065000,장안제1동,동대문구,74.55,35.6,526
1135059500,공릉1동,노원구,74.54,37.0,335
1135060000,공릉2동,노원구,74.54,37.0,335
1129061000,보문동,성북구,74.39,12.2,74
1114057000,필동,중구,74.17,23.9,138
1171062000,가락본동,송파구,73.88,37.0,987
1171063100,가락1동,송파구,73.88,37.0,987
1171063200,가락2동,송파구,73.88,37.0,987
1132051100,창제1동,도봉구,73.76,31.3,830
1132051200,창제2동,도봉구,73.76,31.3,830
1132051300,창제3동,도봉구,73.76,31.3,830
1132051500,창제5동,도봉구,73.76,31.3,830
1132051400,창제4동,도봉구,73.76,31.3,830
1150060300,가양제1동,강서구,73.24,42.5,268
1138055200,갈현제2동,은평구,73.1,34.4,787
1138055100,갈현제1동,은평구,73.1,34.4,787
1129065000,정릉제4동,성북구,72.73,38.9,673
1129064000,정릉제3동,성북구,72.73,38.9,673
1132052200,도봉제2동,도봉구,72.69,28.2,216
1132052100,도봉제1동,도봉구,72.69,28.2,216
1121578000,능동,광진구,72.49,24.7,324
1114068000,중림동,중구,72.38,39.4,89
1126065500,망우본동,중랑구,72.25,22.1,385
1126066000,망우제3동,중랑구,72.25,22.1,385
1153056000,구로제5동,구로구,72.21,28.1,570
1153055000,구로제4동,구로구,72.21,28.1,570
1153054000,구로제3동,구로구,72.21,28.1,570
1153053000,구로제2동,구로구,72.21,28.1,570
1153052000,구로제1동,구로구,72.21,28.1,570
1150062000,공항동,강서구,72.15,36.0,1158
1150063000,방화제1동,강서구,72.15,36.0,1158
1123061000,답십리제2동,동대문구,72.14,17.8,236
1123060000,답십리제1동,동대문구,72.14,17.8,236
1129063000,정릉제2동,성북구,72.06,38.0,746
1174060000,천호제1동,강동구,71.88,32.6,1831
1174061000,천호제2동,강동구,71.88,32.6,1831
1174062000,천호제3동,강동구,71.88,32.6,1831
1111071000,숭인제2동,종로구,71.71,23.0,126
1111070000,숭인제1동,종로구,71.71,23.0,126
1171064100,문정1동,송파구,71.28,31.8,899
1171064200,문정2동,송파구,71.28,31.8,899
1171064600,장지동,송파구,71.28,31.8,899
1129062000,정릉제1동,성북구,71.21,37.0,785
1111051500,청운효자동,종로구,71.08,23.7,207
1171057000,오금동,송파구,70.82,34.2,555
1129055500,삼선동,성북구,70.5,31.4,204
1144071000,연남동,마포구,70.13,22.3,301
1171056100,방이1동,송파구,70.04,24.8,1504
1171056200,방이2동,송파구,70.04,24.8,1504
1171056600,오륜동,송파구,70.04,24.8,1504
1171058000,송파1동,송파구,69.87,29.5,1444
1171059000,송파2동,송파구,69.87,29.5,1444
1138060000,응암제3동,은평구,69.28,26.4,780
1138059000,응암제2동,은평구,69.28,26.4,780
1138058000,응암제1동,은평구,69.28,26.4,780
1130564500,우이동,강북구,69.18,35.0,1151
1126057000,면목제7동,중랑구,69.11,22.6,1821
1126054000,면목제4동,중랑구,69.11,22.6,1821
1126057500,면목제3.8동,중랑구,69.11,22.6,1821
1126055000,면목제5동,중랑구,69.11,22.6,1821
1126056500,면목본동,중랑구,69.11,22.6,1821
1126052000,면목제2동,중랑구,69.11,22.6,1821
1130563500,수유3동,강북구,68.71,35.3,1043
1130566000,인수동,강북구,68.71,35.3,1043
1130562500,수유2동,강북구,68.71,35.3,1043
1130561500,수유1동,강북구,68.71,35.3,1043
1121585000,구의제1동,광진구,68.67,22.6,1383
1121587000,구의제3동,광진구,68.67,22.6,1383
1121586000,구의제2동,광진구,68.67,22.6,1383
1138063200,신사제2동,은평구,68.66,30.3,630
1138063100,신사제1동,은평구,68.66,30.3,630
1138069000,진관동,은평구,68.65,16.7,30
1126061000,중화제2동,중랑구,68.36,21.5,801
1126060000,중화제1동,중랑구,68.36,21.5,801
1132067000,쌍문제2동,도봉구,68.18,32.9,434
1132066000,쌍문제1동,도봉구,68.18,32.9,434
1132068100,쌍문제4동,도봉구,68.18,32.9,434
1132068000,쌍문제3동,도봉구,68.18,32.9,434
1150064100,방화제3동,강서구,67.74,30.4,537
1150064000,방화제2동,강서구,67.74,30.4,537
1114058000,장충동,중구,67.52,11.7,111
1132070000,방학제2동,도봉구,67.11,31.8,359
1132071000,방학제3동,도봉구,67.11,31.8,359
1132069000,방학제1동,도봉구,67.11,31.8,359
1147053000,목3동,양천구,67.0,22.2,2549
1147055000,목5동,양천구,67.0,22.2,2549
1147054000,목4동,양천구,67.0,22.2,2549
1147051000,목1동,양천구,67.0,22.2,2549
1147052000,목2동,양천구,67.0,22.2,2549
1120053500,왕십리도선동,성동구,66.57,21.0,229
1123073000,휘경제2동,동대문구,66.33,24.3,218
1123072000,휘경제1동,동대문구,66.33,24.3,218
1174068500,길동,강동구,66.29,30.0,516
1141061500,연희동,서대문구,66.22,20.9,350
1120072000,송정동,성동구,66.15,20.0,100
1126069000,신내2동,중랑구,65.92,20.3,128
1126068000,신내1동,중랑구,65.92,20.3,128
1153072000,고척제1동,구로구,65.89,21.1,213
1153073000,고척제2동,구로구,65.89,21.1,213
1129058000,돈암제1동,성북구,65.88,30.1,73
1129059000,돈암제2동,성북구,65.88,30.1,73
1129057500,동선동,성북구,65.86,28.2,149
1141058500,신촌동,서대문구,65.63,41.2,214
1111056000,평창동,종로구,65.6,16.0,212
1120054000,마장동,성동구,65.42,34.6,104
1174054000,명일제2동,강동구,64.58,18.3,273
1174053000,명일제1동,강동구,64.58,18.3,273
1138051000,녹번동,은평구,64.55,16.5,886
1171060000,석촌동,송파구,64.49,21.3,1652
1144070000,망원제2동,마포구,64.03,14.8,1200
1144069000,망원제1동,마포구,64.03,14.8,1200
1144072000,성산제1동,마포구,63.96,15.6,935
1144066000,서교동,마포구,63.74,23.1,765
1120052000,왕십리제2동,성동구,63.68,5.6,160
1144073000,성산제2동,마포구,63.54,14.7,1048
1135062400,중계4동,노원구,63.38,27.3,677
1156071000,대림제2동,영등포구,62.9,23.4,303
1156070000,대림제1동,영등포구,62.9,23.4,303
1156072000,대림제3동,영등포구,62.9,23.4,303
1165051000,서초1동,서초구,62.14,28.1,1104
1165052000,서초2동,서초구,62.14,28.1,1104
1165053100,서초4동,서초구,62.14,28.1,1104
1141052000,천연동,서대문구,61.98,5.4,37
1168052100,논현1동,강남구,61.67,21.5,965
1168053100,논현2동,강남구,61.67,21.5,965
1138057000,대조동,은평구,61.46,8.7,624
1153078000,오류제2동,구로구,61.38,18.3,405
1153077000,오류제1동,구로구,61.36,18.5,401
1159053000,상도제1동,동작구,61.01,13.4,1799
1111053000,사직동,종로구,60.02,14.3,49
1159055000,상도제3동,동작구,59.98,11.9,1674
1159054000,상도제2동,동작구,59.98,11.9,1674
1159056000,상도제4동,동작구,59.98,11.9,1674
1168065600,도곡2동,강남구,59.53,4.3,139
1168065500,도곡1동,강남구,59.53,4.3,139
1114065000,신당제5동,중구,59.4,17.1,821
1114066500,동화동,중구,59.4,17.1,821
1114061500,신당동,중구,59.4,17.1,821
1114062500,다산동,중구,59.4,17.1,821
1114063500,약수동,중구,59.4,17.1,821
1114064500,청구동,중구,59.4,17.1,821
1114059000,광희동,중구,59.35,21.1,19
1168065000,역삼2동,강남구,58.63,17.0,1363
1168064000,역삼1동,강남구,58.63,17.0,1363
1171051000,풍납1동,송파구,58.53,17.2,238
1171052000,풍납2동,송파구,58.53,17.2,238
1135070000,상계8동,노원구,58.44,21.7,553
1135067000,상계5동,노원구,58.44,21.7,553
1135069500,상계6.7동,노원구,58.44,21.7,553
1135066500,상계3.4동,노원구,58.44,21.7,553
1135064000,상계2동,노원구,58.44,21.7,553
1135063000,상계1동,노원구,58.44,21.7,553
1135071000,상계9동,노원구,58.44,21.7,553
1135072000,상계10동,노원구,58.44,21.7,553
1120055000,사근동,성동구,58.14,18.7,236
1159068000,신대방제2동,동작구,57.72,15.1,364
1159067000,신대방제1동,동작구,57.72,15.1,364
1120056000,행당제1동,성동구,57.05,21.7,189
1120057000,행당제2동,성동구,57.05,21.7,189
1159060500,흑석동,동작구,56.93,13.8,116
1159066000,대방동,동작구,56.92,16.6,343
1129052500,성북동,성북구,56.82,8.6,490
1165053000,서초3동,서초구,56.61,14.1,3455
1156067000,신길제5동,영등포구,56.43,11.2,1178
1117068500,한남동,용산구,56.31,10.7,168
1159063000,사당제2동,동작구,56.29,14.7,1473
1159064000,사당제3동,동작구,56.27,14.9,1439
1159065100,사당제5동,동작구,56.27,14.9,1439
1159062000,사당제1동,동작구,56.27,14.9,1439
1159065000,사당제4동,동작구,56.27,14.9,1439
1171068000,잠실3동,송파구,55.89,13.6,1309
1171067000,잠실2동,송파구,55.89,13.6,1309
1171065000,잠실본동,송파구,55.89,13.6,1309
1171072000,잠실7동,송파구,55.89,13.6,1309
1121581000,광장동,광진구,55.84,7.8,167
1130559500,번1동,강북구,55.51,10.9,412
1130560300,번2동,강북구,55.51,10.9,412
1130560800,번3동,강북구,55.51,10.9,412
1153059500,가리봉동,구로구,55.43,11.5,209
1171053100,거여1동,송파구,55.36,16.4,318
1171064700,위례동,송파구,55.36,16.4,318
1171053200,거여2동,송파구,55.36,16.4,318
1141065500,홍제제2동,서대문구,55.16,10.3,427
1141064000,홍제제3동,서대문구,55.16,10.3,427
1141062000,홍제제1동,서대문구,55.16,10.3,427
1120064500,옥수동,성동구,55.11,14.8,27
1130554500,송중동,강북구,54.98,14.6,1115
1130553500,미아동,강북구,54.98,14.6,1115
1130557500,삼각산동,강북구,54.98,14.6,1115
1130553400,삼양동,강북구,54.98,14.6,1115
1130555500,송천동,강북구,54.98,14.6,1115
1129066000,길음제1동,성북구,54.86,17.9,39
1165065200,양재2동,서초구,54.83,4.2,1895
1165065100,양재1동,서초구,54.79,4.3,2037
1171061000,삼전동,송파구,54.47,8.8,1644
1138053000,불광제2동,은평구,54.38,10.7,1490
1138052000,불광제1동,은평구,54.38,10.7,1490
1144068000,합정동,마포구,54.37,6.8,1125
1156068000,신길제6동,영등포구,54.19,7.0,875
1156069000,신길제7동,영등포구,54.19,7.0,875
1156065000,신길제3동,영등포구,54.19,7.0,875
1156066000,신길제4동,영등포구,54.19,7.0,875
1156063000,신길제1동,영등포구,54.19,7.0,875
1168069000,개포4동,강남구,54.18,3.5,866
1168066000,개포1동,강남구,54.18,3.5,866
1165061000,방배2동,서초구,54.02,7.5,2351
1165062100,방배4동,서초구,54.02,7.5,2351
1165059000,방배본동,서초구,54.02,7.5,2351
1165060000,방배1동,서초구,54.02,7.5,2351
1165062000,방배3동,서초구,54.02,7.5,2351
1123053600,용신동,동대문구,53.47,10.2,472
1153080000,항동,구로구,52.64,15.5,71
1156051500,영등포본동,영등포구,52.64,6.4,980
1138065000,수색동,은평구,52.25,4.5,155
1147068000,신정7동,양천구,52.2,10.2,1056
1147065000,신정4동,양천구,52.2,10.2,1056
1147064000,신정3동,양천구,52.2,10.2,1056
1147063000,신정2동,양천구,52.2,10.2,1056
1147067000,신정6동,양천구,52.2,10.2,1056
1147062000,신정1동,양천구,52.2,10.2,1056
1153079000,수궁동,구로구,51.73,16.4,492
1174052000,상일동,강동구,50.95,5.8,172
1174051500,강일동,강동구,50.95,5.8,172
1165055000,반포본동,서초구,50.82,6.4,862
1165058100,반포4동,서초구,50.82,6.4,862
1165057000,반포2동,서초구,50.82,6.4,862
1165056000,반포1동,서초구,50.82,6.4,862
1144065500,서강동,마포구,50.63,11.5,346
1174055000,고덕제1동,강동구,50.51,0.8,388
1174056000,고덕제2동,강동구,50.51,0.8,388
1141071000,북가좌제1동,서대문구,50.27,11.8,676
1141072000,북가좌제2동,서대문구,50.27,11.8,676
1123057000,전농제2동,동대문구,49.67,5.1,647
1123056000,전농제1동,동대문구,49.67,5.1,647
1156058500,도림동,영등포구,49.63,2.2,231
1120079000,용답동,성동구,49.34,5.3,546
1168070000,세곡동,강남구,48.9,1.3,77
1111067000,창신제1동,종로구,48.88,12.3,204
1111069000,창신제3동,종로구,48.88,12.3,204
1111068000,창신제2동,종로구,48.88,12.3,204
1123070500,청량리동,동대문구,48.85,12.0,75
1168063000,대치4동,강남구,48.66,3.4,705
1168060000,대치1동,강남구,48.66,3.4,705
1168061000,대치2동,강남구,48.66,3.4,705
1111058000,교남동,종로구,48.16,5.1,117
1165058000,반포3동,서초구,48.06,11.0,109
1165054000,잠원동,서초구,48.06,11.0,109
1174069000,둔촌제1동,강동구,47.83,10.7,523
1174070000,둔촌제2동,강동구,47.83,10.7,523
1168074000,일원2동,강남구,47.71,2.5,2239
1168054500,압구정동,강남구,47.54,2.5,157
1168051000,신사동,강남구,47.54,2.5,157
1117059000,용문동,용산구,47.47,0.5,675
1168067000,개포2동,강남구,47.27,2.0,1534
1129076000,장위제1동,성북구,47.21,0.9,1407
1129078000,장위제3동,성북구,47.21,0.9,1407
1129077000,장위제2동,성북구,47.21,0.9,1407
1168056500,청담동,강남구,47.01,10.8,204
1144063000,신수동,마포구,45.85,2.2,677
1117058000,효창동,용산구,44.81,3.0,725
1117062500,한강로동,용산구,44.64,0.0,192
1111057000,무악동,종로구,44.3,0.0,2
1144058500,도화동,마포구,44.08,2.8,216
1144060000,대흥동,마포구,43.71,2.2,845
1117051000,후암동,용산구,43.05,1.2,1051
1121584700,자양제4동,광진구,42.97,2.1,2597
1121583000,자양제2동,광진구,42.97,2.1,2597
1121584000,자양제3동,광진구,42.97,2.1,2597
1121582000,자양제1동,광진구,42.97,2.1,2597
1144056500,공덕동,마포구,41.48,3.2,690
1117055500,청파동,용산구,41.33,0.5,1417
1144059000,용강동,마포구,41.24,4.7,1236
1120059000,금호1가동,성동구,41.02,2.8,72
1138064000,증산동,은평구,40.47,1.4,139
1123075000,이문제2동,동대문구,38.88,3.9,128
1123074000,이문제1동,동대문구,38.88,3.9,128
1117065000,이태원제1동,용산구,38.73,0.8,370
1117066000,이태원제2동,용산구,38.73,0.8,370
1168073000,일원1동,강남구,38.32,0.1,668
1168072000,일원본동,강남구,38.32,0.1,668
1144055500,아현동,마포구,37.38,5.5,955
1144061000,염리동,마포구,36.96,6.1,642
1168059000,삼성2동,강남구,36.45,1.8,448
1168058000,삼성1동,강남구,36.45,1.8,448
1117056000,원효로제1동,용산구,36.45,0.4,769
1159052000,노량진제2동,동작구,36.26,0.0,364
1159051000,노량진제1동,동작구,35.14,0.0,405
1117052000,용산2가동,용산구,35.11,0.9,341
1117057000,원효로제2동,용산구,34.6,0.0,561
1120058000,응봉동,성동구,31.95,4.1,147
1120065000,성수1가제1동,성동구,31.5,10.6,367
1120066000,성수1가제2동,성동구,31.5,10.6,367
1141055500,북아현동,서대문구,30.54,8.0,315
1120061500,금호2.3가동,성동구,29.4,2.4,214
1171055000,마천2동,송파구,28.13,2.3,894
1171054000,마천1동,송파구,28.13,2.3,894
1120062000,금호4가동,성동구,28.11,0.0,25
1153051000,신도림동,구로구,27.82,7.9,38
1141056500,충현동,서대문구,23.91,3.1,386
1120067000,성수2가제1동,성동구,22.74,3.1,385
1120069000,성수2가제3동,성동구,22.74,3.1,385
1117053000,남영동,용산구,21.24,0.0,102
1117064000,이촌제2동,용산구,18.73,0.0,66
1117063000,이촌제1동,용산구,18.73,0.0,66
1117069000,서빙고동,용산구,18.37,0.0,207
1117070000,보광동,용산구,6.48,0.0,21
1111054000,삼청동,종로구,6.41,0.0,1
