adm_cd,adm_nm,자치구,S_JVWI,dagagu_count,new_density,전세가율,고전세가율비율,공시지가대비전세가괴리,officetel_share,pop_density,n_dagagu_count,n_new_density,n_전세가율,n_고전세가율비율,n_공시지가대비전세가괴리,n_officetel_share,n_pop_density
1154562000,독산제2동,금천구,61.92,870,70.94,78.55,42.5,2.2048,0.4506,28996.9,0.7611548556430446,0.38294197031039134,0.7398215567634089,0.5704697986577181,0.5918481316106854,0.6766781799068928,0.5783460467756086
1154564000,독산제4동,금천구,61.55,870,74.08,78.55,42.5,2.2048,0.4506,24789.3,0.7611548556430446,0.3998920377867746,0.7398215567634089,0.5704697986577181,0.5918481316106854,0.6766781799068928,0.4942594661353467
1154563000,독산제3동,금천구,59.0,870,46.83,78.55,42.5,2.2048,0.4506,25426.5,0.7611548556430446,0.25279352226720647,0.7398215567634089,0.5704697986577181,0.5918481316106854,0.6766781799068928,0.5069935590110893
1154551000,가산동,금천구,56.56,332,13.14,94.12,74.5,2.3288,0.6659,9840.2,0.2904636920384952,0.07093117408906884,0.8994974874371859,1.0,0.6430289642237723,1.0,0.19550989330301025
1154561000,독산제1동,금천구,56.05,870,21.23,78.55,42.5,2.2048,0.4506,22530.9,0.7611548556430446,0.11460188933873144,0.7398215567634089,0.5704697986577181,0.5918481316106854,0.6766781799068928,0.4491265795211326
1111070000,숭인제1동,종로구,54.71,104,45.98,103.92,65.0,1.8308,0.6067,24120.5,0.09098862642169729,0.2482051282051282,1.0,0.87248322147651,0.4374801364712135,0.9110977624267907,0.4808938645733619
1111071000,숭인제2동,종로구,53.86,104,31.28,103.92,65.0,1.8308,0.6067,27724.4,0.09098862642169729,0.16885290148448043,1.0,0.87248322147651,0.4374801364712135,0.9110977624267907,0.5529158314831062
1121573000,군자동,광진구,50.44,581,20.34,83.72,49.1,1.9496,0.321,25971.6,0.5083114610673666,0.10979757085020243,0.7928417598195057,0.6590604026845638,0.4865146761037517,0.48205436251689443,0.5178870838487657
1126066000,망우제3동,중랑구,50.15,435,121.64,75.84,21.5,2.2367,0.2655,16388.7,0.3805774278215223,0.6566261808367072,0.7120295354322634,0.28859060402684567,0.6050148135490521,0.3987085147920108,0.3263780778554285
1174062000,천호제3동,강동구,49.4,419,98.61,72.03,27.1,1.5074,0.2793,46591.0,0.3665791776027997,0.5323076923076923,0.6729566198338632,0.363758389261745,0.30399722302708204,0.41943234719927913,0.9299544954025768
1156058500,도림동,영등포구,48.53,602,42.7,60.5,20.5,2.2885,0.5125,30033.0,0.5266841644794401,0.23049932523616737,0.5547123371961851,0.2751677852348993,0.626395193624519,0.7696350803423936,0.599051937592553
1130562500,수유2동,강북구,48.47,445,60.22,80.87,37.3,1.8123,0.2169,35490.0,0.389326334208224,0.3250742240215924,0.7636139883088915,0.5006711409395973,0.42984428644426104,0.32572458327076137,0.7081070926818935
1150055000,화곡제2동,강서구,48.42,287,87.77,81.29,39.4,1.599,0.234,37731.3,0.2510936132983377,0.47379217273954116,0.7679212388472978,0.5288590604026846,0.3418049993767494,0.3514041147319417,0.7528982451652615
1121571000,화양동,광진구,48.34,547,23.78,79.65,48.3,1.5971,0.432,20581.8,0.4785651793525809,0.12836707152496626,0.7511024510306635,0.6483221476510067,0.34102077694154886,0.6487460579666616,0.41017488394029444
1138062500,역촌동,은평구,48.32,595,56.19,86.62,34.0,1.5213,0.0979,37981.6,0.5205599300087489,0.30331983805668017,0.8225822992513588,0.4563758389261745,0.30973442926354905,0.14701907193272262,0.7579003535249575
1121575000,중곡제2동,광진구,48.1,561,62.83,74.62,32.8,1.8441,0.1378,37800.6,0.49081364829396323,0.33916329284750335,0.6995179981540355,0.4402684563758389,0.4429696935176172,0.20693797867547678,0.7542831676955328
1150056000,화곡제3동,강서구,47.77,287,76.47,81.29,39.4,1.599,0.234,40556.6,0.2510936132983377,0.41279352226720645,0.7679212388472978,0.5288590604026846,0.3418049993767494,0.3514041147319417,0.8093603176728505
1123053600,용신동,동대문구,46.97,408,70.49,67.54,26.8,2.0011,0.451,23763.7,0.3569553805774278,0.3805128205128205,0.6269100605066148,0.3597315436241611,0.5077712315841869,0.6772788707013064,0.4737634120654131
1129081000,석관동,성북구,46.92,1143,27.0,61.69,10.5,2.3356,0.0797,19902.3,1.0,0.145748987854251,0.5669162137216696,0.14093959731543623,0.6458356550444899,0.11968764078690493,0.3965954487408796
1150059300,화곡제8동,강서구,46.73,287,67.21,81.29,39.4,1.599,0.234,39704.9,0.2510936132983377,0.36280701754385963,0.7679212388472978,0.5288590604026846,0.3418049993767494,0.3514041147319417,0.7923395598224582
1174060000,천호제1동,강동구,46.65,419,82.78,72.03,27.1,1.5074,0.2793,39006.5,0.3665791776027997,0.44685560053981105,0.6729566198338632,0.363758389261745,0.30399722302708204,0.41943234719927913,0.7783824184784238
1130563500,수유3동,강북구,46.46,445,46.97,80.87,37.3,1.8123,0.2169,30924.2,0.389326334208224,0.2535492577597841,0.7636139883088915,0.5006711409395973,0.42984428644426104,0.32572458327076137,0.616862081300748
1121576000,중곡제3동,광진구,45.67,561,56.95,74.62,32.8,1.8441,0.1378,26212.0,0.49081364829396323,0.30742240215924427,0.6995179981540355,0.4402684563758389,0.4429696935176172,0.20693797867547678,0.5226913461327087
1121574000,중곡제1동,광진구,45.34,561,55.78,74.62,32.8,1.8441,0.1378,24861.8,0.49081364829396323,0.30110661268556005,0.6995179981540355,0.4402684563758389,0.4429696935176172,0.20693797867547678,0.4957083389123262
1126060000,중화제1동,중랑구,45.14,596,89.64,69.28,13.0,2.0866,0.0506,29326.1,0.5214348206474191,0.48388663967611334,0.6447543841657266,0.174496644295302,0.5430612411682104,0.07598738549331731,0.5849249284057003
1150063000,방화제1동,강서구,44.72,491,33.06,58.49,22.0,2.1246,0.5259,28594.5,0.42957130358705164,0.17846153846153848,0.5340990667623833,0.2953020134228188,0.5587456898722211,0.7897582219552486,0.5703043032520699
1162054500,청림동,관악구,44.67,285,98.79,66.86,14.1,1.6152,0.2764,49714.8,0.24934383202099739,0.5332793522267206,0.6199364167777663,0.18926174496644294,0.3484915275084592,0.41507733893978066,0.9923819268609023
1126056500,면목본동,중랑구,44.4,768,46.76,65.39,12.6,1.9844,0.0646,38736.8,0.6719160104986877,0.2524156545209177,0.6048610398933443,0.16912751677852347,0.5008783291274244,0.09701156329779247,0.7729926117480601
1150054000,화곡제1동,강서구,43.92,287,33.32,81.29,39.4,1.599,0.234,42692.3,0.2510936132983377,0.1798650472334683,0.7679212388472978,0.5288590604026846,0.3418049993767494,0.3514041147319417,0.8520411120148526
1111063000,종로5.6가동,종로구,43.82,104,8.3,82.35,66.8,1.4731,0.6475,8952.9,0.09098862642169729,0.04480431848852902,0.7787919187775613,0.8966442953020134,0.289839944328462,0.9723682234569754,0.17777768895799068
1153077000,오류제1동,구로구,43.76,194,41.26,77.09,34.1,1.8895,0.424,31293.5,0.16972878390201224,0.2227260458839406,0.7248487334632345,0.45771812080536917,0.4617084822324087,0.6367322420783901,0.6242423394599003
1126052000,면목제2동,중랑구,43.69,768,52.02,65.39,12.6,1.9844,0.0646,31076.5,0.6719160104986877,0.2808097165991903,0.6048610398933443,0.16912751677852347,0.5008783291274244,0.09701156329779247,0.6199057133550098
1114067000,황학동,중구,43.41,23,9.14,82.76,53.6,1.2567,0.6245,38612.5,0.020122484689413824,0.0493387314439946,0.7829966157317199,0.7194630872483222,0.20052113644562317,0.937828502778195,0.7705085443524937
1120079000,용답동,성동구,43.29,476,30.73,69.5,26.1,2.2012,0.5019,5053.6,0.41644794400699914,0.16588394062078274,0.6470105630191775,0.3503355704697987,0.5903622364703054,0.7537167742904339,0.09985231489900857
1150059000,화곡본동,강서구,43.28,287,41.04,81.29,39.4,1.599,0.234,34001.1,0.2510936132983377,0.22153846153846155,0.7679212388472978,0.5288590604026846,0.3418049993767494,0.3514041147319417,0.6783522419557584
1162069500,신림동,관악구,43.2,400,61.02,73.58,23.7,1.4996,0.2016,42483.9,0.34995625546806647,0.3293927125506073,0.6888524253922674,0.3181208053691275,0.3007777835562588,0.3027481603844421,0.84787635219799
1126059000,상봉제2동,중랑구,43.15,334,51.7,74.21,36.0,1.8564,0.1879,30099.3,0.2922134733158355,0.27908232118758436,0.6953133011998769,0.48322147651006714,0.44804650191391543,0.28217450067577715,0.6003769067665357
1156053500,영등포동,영등포구,43.09,366,11.3,72.05,43.3,1.3308,0.5999,22281.3,0.32020997375328086,0.06099865047233469,0.6731617270023587,0.5812080536912752,0.23110581141844366,0.9008860189217599,0.44413846027790377
1171053200,거여2동,송파구,42.92,124,185.25,46.37,7.4,1.6697,0.1416,46376.5,0.1084864391951006,1.0,0.40980412265408667,0.09932885906040269,0.3709863289392111,0.21264454122240575,0.9256678304279271
1126055000,면목제5동,중랑구,42.45,768,56.31,65.39,12.6,1.9844,0.0646,20736.9,0.6719160104986877,0.3039676113360324,0.6048610398933443,0.16912751677852347,0.5008783291274244,0.09701156329779247,0.4132744724604258
1154570000,시흥제4동,금천구,42.25,674,28.5,70.25,24.3,1.7281,0.1863,23827.6,0.5896762904636921,0.15384615384615385,0.6547020818377602,0.3261744966442953,0.3950908501053746,0.2797717374981228,0.4750404185543647
1150057000,화곡제4동,강서구,42.13,287,46.83,81.29,39.4,1.599,0.234,23274.9,0.2510936132983377,0.25279352226720647,0.7679212388472978,0.5288590604026846,0.3418049993767494,0.3514041147319417,0.4639950118807568
1123066000,장안제2동,동대문구,42.03,287,34.14,70.36,33.0,1.638,0.4105,32716.9,0.2510936132983377,0.1842914979757085,0.6558301712644857,0.4429530201342282,0.35790219673086543,0.6164589277669319,0.6526882085737297
1150061500,우장산동,강서구,41.99,358,41.15,75.85,33.0,1.6221,0.1963,34736.1,0.3132108486439195,0.22213225371120107,0.712132089016511,0.4429530201342282,0.35133949319418745,0.2947890073584622,0.6930408142465162
1126054000,면목제4동,중랑구,41.7,768,47.06,65.39,12.6,1.9844,0.0646,21631.0,0.6719160104986877,0.2540350877192983,0.6048610398933443,0.16912751677852347,0.5008783291274244,0.09701156329779247,0.4311425710797
1126058000,상봉제1동,중랑구,41.65,334,41.03,74.21,36.0,1.8564,0.1879,27232.9,0.2922134733158355,0.22148448043184885,0.6953133011998769,0.48322147651006714,0.44804650191391543,0.28217450067577715,0.5430934732777899
1153059500,가리봉동,구로구,41.6,396,99.83,62.55,25.2,1.4609,0.2029,21383.1,0.3464566929133858,0.5388933873144399,0.5757358219669777,0.33825503355704695,0.28480441079717445,0.3047004054662862,0.4261884254050349
1162065500,신원동,관악구,41.56,400,60.6,73.58,23.7,1.4996,0.2016,32498.7,0.34995625546806647,0.3271255060728745,0.6888524253922674,0.3181208053691275,0.3007777835562588,0.3027481603844421,0.6483276011263237
1126065500,망우본동,중랑구,41.49,435,39.69,75.84,21.5,2.2367,0.2655,12022.9,0.3805774278215223,0.214251012145749,0.7120295354322634,0.28859060402684567,0.6050148135490521,0.3987085147920108,0.2391299568935368
1150059100,화곡제6동,강서구,41.42,287,38.45,81.29,39.4,1.599,0.234,23952.9,0.2510936132983377,0.20755735492577598,0.7679212388472978,0.5288590604026846,0.3418049993767494,0.3514041147319417,0.47754447040202724
1162064500,서원동,관악구,41.12,400,51.0,73.58,23.7,1.4996,0.2016,35531.8,0.34995625546806647,0.27530364372469635,0.6888524253922674,0.3181208053691275,0.3007777835562588,0.3027481603844421,0.7089424427795176
1162068500,신사동,관악구,41.07,400,51.51,73.58,23.7,1.4996,0.2016,34953.1,0.34995625546806647,0.2780566801619433,0.6888524253922674,0.3181208053691275,0.3007777835562588,0.3027481603844421,0.6973774403514066
1126061000,중화제2동,중랑구,41.0,596,56.58,69.28,13.0,2.0866,0.0506,23484.1,0.5214348206474191,0.3054251012145749,0.6447543841657266,0.174496644295302,0.5430612411682104,0.07598738549331731,0.4681757592592963
1130561500,수유1동,강북구,40.95,445,21.23,80.87,37.3,1.8123,0.2169,12110.0,0.389326334208224,0.11460188933873144,0.7636139883088915,0.5006711409395973,0.42984428644426104,0.32572458327076137,0.24087060267112184
1162061500,중앙동,관악구,40.89,285,76.3,66.86,14.1,1.6152,0.2764,39774.5,0.24934383202099739,0.41187584345479084,0.6199364167777663,0.18926174496644294,0.3484915275084592,0.41507733893978066,0.7937304776883585
1132069000,방학제1동,도봉구,40.68,361,17.31,86.33,27.5,2.0354,0.1493,26657.0,0.31583552055993,0.0934412955465587,0.8196082453081734,0.3691275167785235,0.521928510282807,0.22420783901486707,0.5315844273155486
1154567000,시흥제1동,금천구,40.55,674,15.37,70.25,24.3,1.7281,0.1863,21160.9,0.5896762904636921,0.0829689608636977,0.6547020818377602,0.3261744966442953,0.3950908501053746,0.2797717374981228,0.4217478801492439
1141058500,신촌동,서대문구,40.52,350,9.01,71.55,50.8,1.3259,0.5335,7489.8,0.30621172353455817,0.04863697705802969,0.6680340477899702,0.6818791946308724,0.22908334303292657,0.8011713470491064,0.14853843709593936
1123065000,장안제1동,동대문구,40.41,287,25.35,70.36,33.0,1.638,0.4105,27955.3,0.2510936132983377,0.1368421052631579,0.6558301712644857,0.4429530201342282,0.35790219673086543,0.6164589277669319,0.5575302414721347
1156067000,신길제5동,영등포구,40.33,601,90.82,53.02,6.1,2.0567,0.1096,20241.2,0.5258092738407699,0.4902564102564102,0.47800225617885345,0.08187919463087248,0.5307200565300549,0.16458927766931972,0.4033681795563052
1162072500,조원동,관악구,40.0,400,49.54,73.58,23.7,1.4996,0.2016,29436.2,0.34995625546806647,0.26742240215924423,0.6888524253922674,0.3181208053691275,0.3007777835562588,0.3027481603844421,0.5871252165814996
1130564500,우이동,강북구,39.99,580,6.9,80.48,36.3,1.8574,0.2,1880.5,0.5074365704286964,0.03724696356275304,0.7596143985232284,0.48724832214765096,0.4484592505640209,0.3003453972067878,0.03643964995233708
1138057000,대조동,은평구,39.99,510,41.12,71.51,24.3,1.3205,0.1757,32115.1,0.4461942257217848,0.221970310391363,0.6676238334529793,0.3261744966442953,0.22685450032235663,0.2638534314461631,0.6406615653021949
1154568000,시흥제2동,금천구,39.93,674,17.89,70.25,24.3,1.7281,0.1863,15740.3,0.5896762904636921,0.09657219973009447,0.6547020818377602,0.3261744966442953,0.3950908501053746,0.2797717374981228,0.3134201591162076
1130566000,인수동,강북구,39.64,445,11.68,80.87,37.3,1.8123,0.2169,9743.9,0.389326334208224,0.06304993252361674,0.7636139883088915,0.5006711409395973,0.42984428644426104,0.32572458327076137,0.19358539056613952
1126057000,면목제7동,중랑구,39.54,768,32.13,65.39,12.6,1.9844,0.0646,17190.4,0.6719160104986877,0.1734412955465587,0.6048610398933443,0.16912751677852347,0.5008783291274244,0.09701156329779247,0.34239961310100747
1150062000,공항동,강서구,39.53,491,4.45,58.49,22.0,2.4743,0.5259,2707.1,0.42957130358705164,0.024021592442645075,0.5340990667623833,0.2953020134228188,0.7030838928141283,0.7897582219552486,0.052958798055113124
1153055000,구로제4동,구로구,39.43,422,19.84,64.0,19.4,1.68,0.3741,35820.2,0.36920384951881013,0.10709851551956814,0.5906060916829043,0.26040268456375837,0.37523764003529814,0.5617960654752965,0.7147059587640815
1154571000,시흥제5동,금천구,39.42,674,16.88,70.25,24.3,1.7281,0.1863,13154.8,0.5896762904636921,0.09112010796221322,0.6547020818377602,0.3261744966442953,0.3950908501053746,0.2797717374981228,0.26175035822130377
1121577000,중곡제4동,광진구,39.3,561,14.82,74.62,32.8,1.8441,0.1378,11938.9,0.49081364829396323,0.08,0.6995179981540355,0.4402684563758389,0.4429696935176172,0.20693797867547678,0.2374512629174502
1138059000,응암제2동,은평구,39.25,272,73.76,65.06,9.8,2.026,0.1768,36261.2,0.2379702537182852,0.39816464237516874,0.6014767716131679,0.13154362416107385,0.5180486729718148,0.26550533113080044,0.7235191021385362
1132070000,방학제2동,도봉구,39.07,361,16.48,86.33,27.5,2.0354,0.1493,17078.1,0.31583552055993,0.08896086369770581,0.8196082453081734,0.3691275167785235,0.521928510282807,0.22420783901486707,0.3401553591305964
1150052000,등촌제1동,강서구,38.83,94,21.53,69.05,34.0,1.6454,0.4453,38327.2,0.08223972003499562,0.11622132253711202,0.6423956517280278,0.4563758389261745,0.36095653674164646,0.668719026880913,0.7648069801694282
1154569000,시흥제3동,금천구,38.78,674,18.56,70.25,24.3,1.7281,0.1863,8144.6,0.5896762904636921,0.1001889338731444,0.6547020818377602,0.3261744966442953,0.3950908501053746,0.2797717374981228,0.16162425632857635
1171053100,거여1동,송파구,38.76,124,180.75,46.37,7.4,1.6697,0.1416,23090.6,0.1084864391951006,0.9757085020242915,0.40980412265408667,0.09932885906040269,0.3709863289392111,0.21264454122240575,0.46031187735941437
1144061000,염리동,마포구,38.76,221,114.03,50.24,13.2,1.5692,0.2584,33873.7,0.19335083114610674,0.6155465587044534,0.4494923597579735,0.17718120805369125,0.3295050896036043,0.38804625319116987,0.6758062227586937
1129062000,정릉제1동,성북구,38.71,208,96.16,58.88,4.1,2.4501,0.0027,43286.3,0.18197725284339458,0.5190823211875844,0.5380986565480463,0.05503355704697986,0.6930953754815742,0.004054662862291635,0.8639118765600363
1121585000,구의제1동,광진구,38.68,387,68.4,62.69,9.8,1.6762,0.1546,38997.7,0.33858267716535434,0.36923076923076925,0.5771715721464465,0.13154362416107385,0.37366919516489705,0.23216699204084693,0.7782065552999766
1123072000,휘경제1동,동대문구,38.61,329,58.5,66.88,14.0,2.0395,0.1921,26356.1,0.2878390201224847,0.3157894736842105,0.6201415239462619,0.18791946308724833,0.5236207797482396,0.2884817540171197,0.5255711056797812
1138060000,응암제3동,은평구,38.48,272,74.0,65.06,9.8,2.026,0.1768,31258.2,0.2379702537182852,0.39946018893387314,0.6014767716131679,0.13154362416107385,0.5180486729718148,0.26550533113080044,0.6235368883009019
1126057500,면목제3.8동,중랑구,38.48,768,24.58,65.39,12.6,1.9844,0.0646,15187.2,0.6719160104986877,0.1326855600539811,0.6048610398933443,0.16912751677852347,0.5008783291274244,0.09701156329779247,0.30236675866176116
1174061000,천호제2동,강동구,38.12,419,29.91,72.03,27.1,1.5074,0.2793,17802.0,0.3665791776027997,0.1614574898785425,0.6729566198338632,0.363758389261745,0.30399722302708204,0.41943234719927913,0.35462210400308564
1162056500,성현동,관악구,38.01,285,43.28,66.86,14.1,1.6152,0.2764,41794.6,0.24934383202099739,0.2336302294197031,0.6199364167777663,0.18926174496644294,0.3484915275084592,0.41507733893978066,0.8341010693680316
1162077500,난곡동,관악구,37.97,400,33.96,73.58,23.7,1.4996,0.2016,26214.0,0.34995625546806647,0.18331983805668017,0.6888524253922674,0.3181208053691275,0.3007777835562588,0.3027481603844421,0.5227313150369013
1162066500,서림동,관악구,37.87,400,35.09,73.58,23.7,1.4996,0.2016,24913.0,0.34995625546806647,0.18941970310391365,0.6888524253922674,0.3181208053691275,0.3007777835562588,0.3027481603844421,0.4967315428596552
1132071000,방학제3동,도봉구,37.78,361,9.23,86.33,27.5,2.0354,0.1493,13424.1,0.31583552055993,0.04982456140350877,0.8196082453081734,0.3691275167785235,0.521928510282807,0.22420783901486707,0.2671321711708291
1123070500,청량리동,동대문구,37.72,267,0.83,69.47,33.1,1.7115,0.5301,15593.9,0.2335958005249344,0.004480431848852901,0.6467029022664342,0.4442953020134228,0.38823922251362264,0.796065475296591,0.31049443532931376
1123060000,답십리제1동,동대문구,37.59,322,31.11,61.07,11.3,2.1185,0.2927,35414.6,0.28171478565179353,0.1679352226720648,0.5605578914983078,0.1516778523489933,0.5562279231065773,0.43955548881213397,0.7066002649938348
1129061000,보문동,성북구,37.58,438,76.01,61.65,4.0,1.8272,0.1112,29351.0,0.38320209973753283,0.410310391363023,0.5665059993846784,0.053691275167785234,0.43599424133083353,0.166992040846974,0.5854225412628975
1162057500,행운동,관악구,37.54,285,40.87,66.86,14.1,1.6152,0.2764,40353.9,0.24934383202099739,0.22062078272604588,0.6199364167777663,0.18926174496644294,0.3484915275084592,0.41507733893978066,0.8053094692329368
1162060500,은천동,관악구,37.48,285,37.82,66.86,14.1,1.6152,0.2764,41852.0,0.24934383202099739,0.20415654520917678,0.6199364167777663,0.18926174496644294,0.3484915275084592,0.41507733893978066,0.8352481769183575
1153056000,구로제5동,구로구,37.38,422,10.28,64.0,19.4,1.68,0.3741,28849.5,0.36920384951881013,0.05549257759784075,0.5906060916829043,0.26040268456375837,0.37523764003529814,0.5617960654752965,0.5754003385366185
1168065000,역삼2동,강남구,37.37,477,34.83,63.25,24.7,1.0092,0.2782,32246.6,0.41732283464566927,0.1880161943319838,0.5829145728643216,0.3315436241610738,0.09836584554450215,0.41778044751464183,0.6432895207528543
1162071500,난향동,관악구,37.26,400,40.21,73.58,23.7,1.4996,0.2016,17992.4,0.34995625546806647,0.21705802968960863,0.6888524253922674,0.3181208053691275,0.3007777835562588,0.3027481603844421,0.3584271436822153
1144066000,서교동,마포구,37.01,594,22.06,76.29,30.3,0.8626,0.2089,14361.0,0.5196850393700787,0.11908232118758434,0.7166444467234131,0.40671140939597317,0.037856893439029995,0.3137107673824898,0.2858556043398236
1144055500,아현동,마포구,36.91,245,105.13,47.99,9.1,1.5485,0.2053,38122.2,0.21434820647419073,0.5675033738191633,0.4264178033022254,0.1221476510067114,0.3209611925464197,0.30830455023276765,0.760710167489693
1123061000,답십리제2동,동대문구,36.66,322,28.0,61.07,11.3,2.1185,0.2927,31447.5,0.28171478565179353,0.15114709851551958,0.5605578914983078,0.1516778523489933,0.5562279231065773,0.43955548881213397,0.6273199450827257
1130557500,삼각산동,강북구,36.65,599,28.96,57.8,5.6,1.6034,0.0542,49314.4,0.5240594925634295,0.1563292847503374,0.5270228694492872,0.07516778523489932,0.34362109343721375,0.08139360264303949,0.9843801522415561
1121578000,능동,광진구,36.48,433,28.41,73.34,28.5,1.8378,0.102,10185.4,0.378827646544182,0.15336032388663967,0.686391139370321,0.3825503355704698,0.44036937702195234,0.15317615257546177,0.20240852616664234
1123054500,제기동,동대문구,36.45,552,29.64,62.83,21.8,1.7452,0.0956,19658.6,0.48293963254593175,0.16,0.5786073223259153,0.29261744966442954,0.40214885202217937,0.14356509986484456,0.39172523776501883
1156066000,신길제4동,영등포구,36.34,326,68.69,50.77,5.9,2.1836,0.1069,37997.4,0.2852143482064742,0.3707962213225371,0.4549276997231053,0.07919463087248323,0.583097860228448,0.16053461480702808,0.7582161078680787
1150053500,등촌제3동,강서구,36.34,94,13.21,69.05,34.0,1.6454,0.4453,27837.0,0.08223972003499562,0.07130904183535763,0.6423956517280278,0.4563758389261745,0.36095653674164646,0.668719026880913,0.5551660807891461
1153054000,구로제3동,구로구,36.33,422,10.01,64.0,19.4,1.68,0.3741,22442.9,0.36920384951881013,0.05403508771929824,0.5906060916829043,0.26040268456375837,0.37523764003529814,0.5617960654752965,0.44736794773666094
1162076500,미성동,관악구,36.33,400,24.29,73.58,23.7,1.4996,0.2016,21854.6,0.34995625546806647,0.1311201079622132,0.6888524253922674,0.3181208053691275,0.3007777835562588,0.3027481603844421,0.4356110945684257
1153052000,구로제1동,구로구,36.04,422,10.32,64.0,19.4,1.68,0.3741,20391.6,0.36920384951881013,0.0557085020242915,0.5906060916829043,0.26040268456375837,0.37523764003529814,0.5617960654752965,0.40637384115158404
1174065000,성내제2동,강동구,36.01,301,49.63,69.15,21.7,1.4541,0.0614,37322.6,0.26334208223972005,0.26790823211875847,0.6434211875705057,0.2912751677852349,0.28199771997645673,0.09220603694248386,0.7447305995935162
1162052500,보라매동,관악구,35.94,285,38.8,66.86,14.1,1.6152,0.2764,31614.6,0.24934383202099739,0.20944669365721996,0.6199364167777663,0.18926174496644294,0.3484915275084592,0.41507733893978066,0.6306593470280122
1111061500,종로1.2.3.4가동,종로구,35.94,14,1.24,88.97,54.6,0.7595,0.6417,2774.0,0.012248468941382326,0.006693657219973009,0.8466823915495847,0.7328859060402685,0.0,0.9636582069379787,0.05429575790035353
1138058000,응암제1동,은평구,35.88,272,50.19,65.06,9.8,2.026,0.1768,29464.1,0.2379702537182852,0.2709311740890688,0.6014767716131679,0.13154362416107385,0.5180486729718148,0.26550533113080044,0.5876827827949855
1174068500,길동,강동구,35.82,421,30.06,65.72,23.8,1.3757,0.1831,27394.2,0.36832895888014,0.1622672064777328,0.6082453081735206,0.3194630872483222,0.24963822580818237,0.2749662111428142,0.5463169654009181
1120053500,왕십리도선동,성동구,35.54,274,21.84,60.22,13.7,1.9611,0.2868,37068.1,0.23972003499562555,0.11789473684210526,0.5518408368372475,0.18389261744966443,0.49126128557996535,0.4306952995945337,0.7396445565350157
1150053000,등촌제2동,강서구,35.51,94,15.38,69.05,34.0,1.6454,0.4453,21340.5,0.08223972003499562,0.08302294197031039,0.6423956517280278,0.4563758389261745,0.36095653674164646,0.668719026880913,0.4253370877457338
1174066000,성내제3동,강동구,35.43,301,47.92,69.15,21.7,1.4541,0.0614,34732.8,0.26334208223972005,0.2586774628879892,0.6434211875705057,0.2912751677852349,0.28199771997645673,0.09220603694248386,0.6929748655545986
1141055500,북아현동,서대문구,35.2,248,54.51,53.57,13.9,1.3974,0.3841,33687.9,0.2169728783902012,0.294251012145749,0.4836427033124807,0.1865771812080537,0.2585948715154726,0.576813335335636,0.6720931115592069
1156062000,양평제2동,영등포구,34.95,62,4.7,70.78,39.1,1.9865,0.4607,7830.8,0.0542432195975503,0.025371120107962213,0.660137421802892,0.5248322147651007,0.501745101292646,0.6918456224658357,0.1553531352607671
1123073000,휘경제2동,동대문구,34.87,329,27.41,66.88,14.0,2.0395,0.1921,21855.6,0.2878390201224847,0.14796221322537112,0.6201415239462619,0.18791946308724833,0.5236207797482396,0.2884817540171197,0.435631079020522
1141061500,연희동,서대문구,34.84,540,20.5,64.62,12.8,1.7829,0.2254,11652.2,0.47244094488188976,0.1106612685560054,0.5969644139062661,0.17181208053691277,0.4177094761311582,0.3384892626520498,0.23172172050144987
1132052200,도봉제2동,도봉구,34.8,223,22.36,70.58,17.8,1.9214,0.275,23220.8,0.19510061242344706,0.12070175438596491,0.6580863501179366,0.2389261744966443,0.47487516417077547,0.41297492115933326,0.4629138530223486
1168070000,세곡동,강남구,34.78,239,19.33,44.39,15.9,3.449,0.3718,7176.0,0.20909886264216973,0.10434547908232118,0.38949851297302845,0.2134228187919463,1.0,0.5583420934074185,0.14226731602813011
1144056500,공덕동,마포구,34.63,350,53.67,51.11,11.0,1.4079,0.2718,35918.7,0.30621172353455817,0.2897165991902834,0.4584145215875295,0.1476510067114094,0.26292873234158076,0.4081693948040246,0.716674427295564
1129060000,안암동,성북구,34.52,600,34.82,73.75,16.8,1.3039,0.0455,10870.3,0.5249343832020997,0.18796221322537113,0.6905958363244795,0.22550335570469798,0.22000287273060468,0.06832857786454422,0.21609587740737704
1123075000,이문제2동,동대문구,34.51,545,11.74,62.68,11.0,1.8599,0.1129,26868.1,0.4768153980752406,0.06337381916329285,0.5770690185621987,0.1476510067114094,0.4494911221892847,0.1695449767232317,0.5358031451530709
1138063100,신사제1동,은평구,34.5,260,29.71,71.99,21.6,1.5966,0.1044,32838.1,0.2274715660542432,0.16037786774628882,0.6725464054968721,0.28993288590604027,0.34081440261649615,0.15678029734194324,0.6551103241677975
1156061000,양평제1동,영등포구,34.49,64,14.88,65.83,31.4,1.4751,0.5719,18666.6,0.05599300087489064,0.08032388663967611,0.6093733976002461,0.42147651006711406,0.2906654416286731,0.8588376633128096,0.37190066128551985
1153053000,구로제2동,구로구,34.48,422,6.11,64.0,19.4,1.68,0.3741,13240.0,0.36920384951881013,0.03298245614035088,0.5906060916829043,0.26040268456375837,0.37523764003529814,0.5617960654752965,0.26345303353990596
1174064000,성내제1동,강동구,34.46,301,46.75,69.15,21.7,1.4541,0.0614,29353.4,0.26334208223972005,0.252361673414305,0.6434211875705057,0.2912751677852349,0.28199771997645673,0.09220603694248386,0.5854705039479285
1171064100,문정1동,송파구,34.39,39,39.76,56.65,24.8,1.2083,0.5751,31968.5,0.03412073490813648,0.21462887989203777,0.5152292072607937,0.33288590604026846,0.18054410178051503,0.8636431896681181,0.6377318446248819
1162059500,청룡동,관악구,34.31,285,24.55,66.86,14.1,1.6152,0.2764,30078.2,0.24934383202099739,0.13252361673414306,0.6199364167777663,0.18926174496644294,0.3484915275084592,0.41507733893978066,0.5999552348273044
1138055200,갈현제2동,은평구,34.29,294,29.46,71.97,34.1,1.4019,0.0123,27978.3,0.2572178477690289,0.15902834008097166,0.6723412983283765,0.45771812080536917,0.2604522404409475,0.01847124192821745,0.5579898838703489
1159055000,상도제3동,동작구,34.23,282,72.62,58.29,3.2,1.9852,0.0026,37622.6,0.24671916010498687,0.39201079622132257,0.5320479950774278,0.04295302013422819,0.5012085280475089,0.003904490163688241,0.750725935222397
1156056000,당산제2동,영등포구,34.05,97,4.43,64.24,20.0,2.068,0.4895,23256.5,0.08486439195100612,0.0239136302294197,0.5930673777048507,0.2684563758389262,0.5353841162762475,0.7350953596636131,0.46362729796218544
1126063000,묵제2동,중랑구,34.02,327,51.59,67.27,13.7,1.6869,0.0403,27186.0,0.28608923884514437,0.27848852901484483,0.6241411137319249,0.18389261744966443,0.3780856057210264,0.06051959753716774,0.5421562024744748
1162063000,남현동,관악구,34.02,211,6.41,83.78,38.6,1.4347,0.2677,5420.7,0.18460192475940507,0.03460188933873144,0.7934570813249923,0.5181208053691275,0.2739903961644093,0.40201231416128547,0.10718860726354895
1121587000,구의제3동,광진구,33.98,387,39.61,62.69,9.8,1.6762,0.1546,27091.7,0.33858267716535434,0.2138191632928475,0.5771715721464465,0.13154362416107385,0.37366919516489705,0.23216699204084693,0.5402716686417968
1121582000,자양제1동,광진구,33.87,347,79.61,47.39,3.3,1.6214,0.1011,38523.6,0.30358705161854765,0.4297435897435897,0.42026458824735924,0.04429530201342281,0.3510505691391135,0.15182459828803122,0.7687319265611354
1159065000,사당제4동,동작구,33.78,284,99.12,53.2,4.3,1.5977,0.0376,31790.5,0.2484689413823272,0.5350607287449393,0.47984822069531335,0.05771812080536912,0.3412684261316122,0.05646493467487611,0.634174612151746
1162062500,인헌동,관악구,33.49,285,26.95,66.86,14.1,1.6152,0.2764,23490.6,0.24934383202099739,0.14547908232118759,0.6199364167777663,0.18926174496644294,0.3484915275084592,0.41507733893978066,0.468305658197922
1132068000,쌍문제3동,도봉구,33.35,212,59.47,68.83,11.5,1.7504,0.0068,32716.6,0.18547681539807523,0.321025641025641,0.640139472874577,0.15436241610738255,0.4042951450027281,0.010211743505030783,0.6526822132381007
1111065000,혜화동,종로구,33.21,508,18.56,74.26,23.8,1.3348,0.0327,14066.4,0.4444444444444444,0.1001889338731444,0.6958260691211159,0.3194630872483222,0.23275680601886584,0.049106472443309804,0.2799681847522627
1144072000,성산제1동,마포구,33.17,233,31.45,54.26,16.0,1.494,0.4772,21633.5,0.20384951881014873,0.1697705802968961,0.49071890062557677,0.21476510067114093,0.29846639111566775,0.7166241177353957,0.4311925322099407
1174069000,둔촌제1동,강동구,33.12,92,122.33,57.36,2.4,2.727,0.005,57.1,0.0804899387576553,0.6603508771929825,0.5225105117423854,0.03221476510067114,0.8073854766957981,0.007508634930169695,0.0
1156051500,영등포본동,영등포구,33.06,477,32.68,50.61,5.9,2.1593,0.0967,24711.8,0.41732283464566927,0.1764102564102564,0.453286842375141,0.07919463087248323,0.5730680680308833,0.1452169995494819,0.49271067109788586
1132067000,쌍문제2동,도봉구,33.03,212,55.48,68.83,11.5,1.7504,0.0068,33190.8,0.18547681539807523,0.29948717948717946,0.640139472874577,0.15436241610738255,0.4042951450027281,0.010211743505030783,0.6621588404221517
1138056000,구산동,은평구,32.95,263,34.56,74.74,26.3,1.5036,0.012,22700.2,0.23009623797025372,0.1865587044534413,0.7007486411650087,0.35302013422818795,0.30242877815668096,0.018020723832407267,0.45250994726103094
1162074500,삼성동,관악구,32.94,400,12.68,73.58,23.7,1.4996,0.2016,7710.0,0.34995625546806647,0.06844804318488529,0.6888524253922674,0.3181208053691275,0.3007777835562588,0.3027481603844421,0.1529390134475378
1129055500,삼선동,성북구,32.94,546,20.17,63.05,7.2,1.7294,0.0693,24009.0,0.4776902887139108,0.10887989203778678,0.5808635011793662,0.09664429530201342,0.3956274233505118,0.10406968013215197,0.47866559816462795
1132068100,쌍문제4동,도봉구,32.82,212,54.11,68.83,11.5,1.7504,0.0068,32675.8,0.18547681539807523,0.2920917678812416,0.640139472874577,0.15436241610738255,0.4042951450027281,0.010211743505030783,0.651866847592573
1168064000,역삼1동,강남구,32.78,477,16.73,63.25,24.7,1.0092,0.2782,14536.9,0.41732283464566927,0.09031039136302295,0.5829145728643216,0.3315436241610738,0.09836584554450215,0.41778044751464183,0.28937086946355733
1156065000,신길제3동,영등포구,32.68,326,42.61,50.77,5.9,2.1836,0.1069,30944.7,0.2852143482064742,0.23001349527665316,0.4549276997231053,0.07919463087248323,0.583097860228448,0.16053461480702808,0.6172717625687215
1123074000,이문제1동,동대문구,32.62,545,8.19,62.68,11.0,1.8599,0.1129,17201.2,0.4768153980752406,0.04421052631578947,0.5770690185621987,0.1476510067114094,0.4494911221892847,0.1695449767232317,0.34261544518364717
1123056000,전농제1동,동대문구,32.59,406,13.32,54.26,6.9,1.9315,0.2538,28231.4,0.3552055993000875,0.07190283400809716,0.49071890062557677,0.09261744966442953,0.47904392553684144,0.38113830905541374,0.5630479486959146
1159054000,상도제2동,동작구,32.59,282,59.42,58.29,3.2,1.9852,0.0026,35371.2,0.24671916010498687,0.32075573549257763,0.5320479950774278,0.04295302013422819,0.5012085280475089,0.003904490163688241,0.7057329397728567
1117056000,원효로제1동,용산구,32.54,161,74.75,53.55,9.3,1.37,0.2937,29020.5,0.14085739282589677,0.40350877192982454,0.48343759614398524,0.12483221476510067,0.24728555850258088,0.44105721579816787,0.5788176798450806
1156055000,당산제1동,영등포구,32.46,193,28.2,62.91,18.6,1.5241,0.2791,28201.1,0.16885389326334208,0.1522267206477733,0.5794277509998974,0.24966442953020135,0.3108901254838445,0.4191320018020724,0.5624424197973976
1111055000,부암동,종로구,32.43,96,21.11,76.02,31.5,2.2582,0.1288,4014.0,0.08398950131233596,0.11395411605937922,0.7138754999487231,0.4228187919463087,0.6138889095263211,0.19342243580117133,0.07907647849972721
1150061100,발산제1동,강서구,32.39,88,8.66,54.31,20.8,2.2757,0.5219,12382.2,0.07699037620297462,0.0467476383265857,0.49123166854681577,0.27919463087248325,0.6211120109031681,0.7837513140111128,0.24631037053172633
1138051000,녹번동,은평구,32.34,494,20.08,58.94,6.0,1.9882,0.1119,20163.6,0.4321959755030621,0.1083940620782726,0.5387139780535329,0.08053691275167785,0.5024467739978254,0.16804324973719775,0.4018173860736347
1111053000,사직동,종로구,32.32,56,6.91,74.02,38.1,1.0915,0.5461,7788.0,0.048993875765529306,0.037300944669365725,0.6933647830991693,0.5114093959731544,0.132335059448188,0.8200931070731341,0.1544978007110468
1138055100,갈현제1동,은평구,32.32,294,30.2,71.97,34.1,1.4019,0.0123,15197.4,0.2572178477690289,0.1630229419703104,0.6723412983283765,0.45771812080536917,0.2604522404409475,0.01847124192821745,0.30257060007314307
1159053000,상도제1동,동작구,32.12,395,42.7,58.97,4.4,1.9069,0.0077,29993.3,0.3455818022747157,0.23049932523616737,0.5390216388062763,0.059060402684563765,0.46889030874424514,0.01156329779246133,0.5982585548443311
1130555500,송천동,강북구,32.11,599,19.37,57.8,5.6,1.6034,0.0542,26766.8,0.5240594925634295,0.10456140350877194,0.5270228694492872,0.07516778523489932,0.34362109343721375,0.08139360264303949,0.5337787201557188
1117055500,청파동,용산구,32.1,552,66.63,43.61,5.0,1.4645,0.0871,21452.8,0.48293963254593175,0.35967611336032385,0.3814993334017024,0.06711409395973154,0.2862903059375543,0.13080042048355608,0.4275813417161448
1130553500,미아동,강북구,32.01,599,21.41,57.8,5.6,1.6034,0.0542,24898.6,0.5240594925634295,0.11557354925775978,0.5270228694492872,0.07516778523489932,0.34362109343721375,0.08139360264303949,0.4964437667494689
1144073000,성산제2동,마포구,31.84,290,16.69,54.46,14.2,1.533,0.4462,19608.8,0.2537182852143482,0.0900944669365722,0.4927699723105322,0.19060402684563757,0.3145635884697838,0.6700705811683435,0.39073001205062463
1130554500,송중동,강북구,31.84,599,16.74,57.8,5.6,1.6034,0.0542,26701.9,0.5240594925634295,0.09036437246963562,0.5270228694492872,0.07516778523489932,0.34362109343721375,0.08139360264303949,0.5324817292146711
1156069000,신길제7동,영등포구,31.83,326,34.24,50.77,5.9,2.1836,0.1069,30676.1,0.2852143482064742,0.18483130904183537,0.4549276997231053,0.07919463087248323,0.583097860228448,0.16053461480702808,0.6119039387356636
1130553400,삼양동,강북구,31.74,599,19.49,57.8,5.6,1.6034,0.0542,24359.0,0.5240594925634295,0.10520917678812415,0.5270228694492872,0.07516778523489932,0.34362109343721375,0.08139360264303949,0.4856601563983221
1126062000,묵제1동,중랑구,31.73,327,27.88,67.27,13.7,1.6869,0.0403,27271.4,0.28608923884514437,0.15049932523616733,0.6241411137319249,0.18389261744966443,0.3780856057210264,0.06051959753716774,0.5438628746834963
1156068000,신길제6동,영등포구,31.69,326,35.84,50.77,5.9,2.1836,0.1069,28839.7,0.2852143482064742,0.19346828609986508,0.4549276997231053,0.07919463087248323,0.583097860228448,0.16053461480702808,0.5752044909060751
1129070500,종암동,성북구,31.66,458,23.51,57.74,3.9,2.1406,0.0048,26929.1,0.4006999125109361,0.12690958164642377,0.5264075479438006,0.052348993288590606,0.5653496682739098,0.007208289532962906,0.5370221967309433
1121586000,구의제2동,광진구,31.61,387,29.32,62.69,9.8,1.6762,0.1546,18520.9,0.33858267716535434,0.15827260458839407,0.5771715721464465,0.13154362416107385,0.37366919516489705,0.23216699204084693,0.3689889266150935
1138063200,신사제2동,은평구,31.5,260,22.96,71.99,21.6,1.5966,0.1044,18151.9,0.2274715660542432,0.12394062078272605,0.6725464054968721,0.28993288590604027,0.34081440261649615,0.15678029734194324,0.3616146637915702
1171060000,석촌동,송파구,31.5,247,66.58,63.77,19.4,0.8938,0.0433,32663.8,0.21609798775153105,0.35940620782726046,0.5882473592452055,0.26040268456375837,0.050734651322322834,0.06502477849526955,0.6516270341674177
1123071000,회기동,동대문구,31.49,304,24.79,70.88,24.2,1.6305,0.0588,13628.5,0.2659667541557305,0.1338191632928475,0.6611629576453697,0.32483221476510066,0.35480658185507397,0.0883015467787956,0.2712169931793065
1159062000,사당제1동,동작구,31.35,284,68.06,53.2,4.3,1.5977,0.0376,35487.8,0.2484689413823272,0.3673954116059379,0.47984822069531335,0.05771812080536912,0.3412684261316122,0.05646493467487611,0.7080631268872818
1162073500,대학동,관악구,31.33,400,3.93,73.58,23.7,1.4996,0.2016,2914.3,0.34995625546806647,0.021214574898785424,0.6888524253922674,0.3181208053691275,0.3007777835562588,0.3027481603844421,0.057099576529460086
1153075000,개봉제2동,구로구,31.33,224,44.76,57.28,11.6,1.7507,0.0357,38216.3,0.19597550306211722,0.24161943319838056,0.5216900830684033,0.15570469798657718,0.40441896959775975,0.05361165340141162,0.762590704431952
1123057000,전농제2동,동대문구,31.23,406,15.36,54.26,6.9,1.9315,0.2538,18453.7,0.3552055993000875,0.08291497975708502,0.49071890062557677,0.09261744966442953,0.47904392553684144,0.38113830905541374,0.36764597143422423
1156070000,대림제1동,영등포구,31.2,276,45.63,60.31,7.0,1.6801,0.1165,27706.9,0.24146981627296588,0.24631578947368424,0.5527638190954774,0.09395973154362416,0.3752789149003087,0.17495119387295388,0.5525661035714214
1129076000,장위제1동,성북구,30.94,282,60.26,50.13,2.9,1.8854,0.0484,33107.0,0.24671916010498687,0.32529014844804316,0.44836427033124804,0.038926174496644296,0.460016212766976,0.07268358612404265,0.6604841433364842
1156063000,신길제1동,영등포구,30.85,326,30.65,50.77,5.9,2.1836,0.1069,26741.7,0.2852143482064742,0.16545209176788123,0.4549276997231053,0.07919463087248323,0.583097860228448,0.16053461480702808,0.5332771104081026
1130559500,번1동,강북구,30.76,285,15.96,62.75,14.1,1.7856,0.1087,28278.2,0.24934383202099739,0.08615384615384616,0.5777868936519331,0.18926174496644294,0.4188238974864431,0.16323772338188916,0.56398322105402
1144071000,연남동,마포구,30.74,431,55.64,63.65,14.9,0.9476,0.0019,22078.6,0.37707786526684167,0.3003508771929825,0.5870167162342323,0.2,0.07294052869800086,0.0028532812734644837,0.44008761183799006
1174070000,둔촌제2동,강동구,30.72,92,71.97,57.36,2.4,2.727,0.005,15661.8,0.0804899387576553,0.388502024291498,0.5225105117423854,0.03221476510067114,0.8073854766957981,0.007508634930169695,0.31185137962665044
1159056000,상도제4동,동작구,30.68,282,49.26,58.29,3.2,1.9852,0.0026,29646.4,0.24671916010498687,0.26591093117408904,0.5320479950774278,0.04295302013422819,0.5012085280475089,0.003904490163688241,0.5913259484121354
1171056200,방이2동,송파구,30.61,64,23.83,56.7,24.8,1.1437,0.3967,34032.1,0.05599300087489064,0.12863697705802968,0.5157419751820327,0.33288590604026846,0.15388053898369716,0.5957350953596635,0.6789717599707428
1147059000,신월4동,양천구,30.48,194,27.38,61.78,12.8,1.8523,0.0333,37207.1,0.16972878390201224,0.14780026990553305,0.5678391959798995,0.17181208053691277,0.4463542324484826,0.05000750863493017,0.7424223953763971
1132051200,창제2동,도봉구,30.44,179,15.9,56.73,11.8,1.6671,0.195,43144.3,0.15660542432195976,0.08582995951417004,0.5160496359347758,0.15838926174496645,0.3699131824489367,0.2928367622766181,0.8610740843623661
1150064000,방화제2동,강서구,30.32,206,4.75,65.39,12.0,2.6093,0.2282,3691.3,0.18022747156605423,0.02564102564102564,0.6048610398933443,0.1610738255033557,0.7588049605783762,0.34269409821294483,0.07262749580826118
1144059000,용강동,마포구,30.31,208,89.24,47.98,4.3,1.4213,0.1336,26913.4,0.18197725284339458,0.4817273954116059,0.4263152497179776,0.05771812080536912,0.268459564252995,0.20063072533413423,0.5367084408330319
1159067000,신대방제1동,동작구,30.25,275,37.79,55.14,3.2,1.781,0.1102,34556.2,0.24059492563429571,0.20399460188933874,0.4997436160393806,0.04295302013422819,0.4169252536959577,0.16549031386094007,0.6894456113143973
1114059000,광희동,중구,30.24,57,5.43,81.24,41.2,0.9718,0.328,7800.2,0.049868766404199474,0.02931174089068826,0.7674084709260588,0.553020134228188,0.08292904603055491,0.49256645141913197,0.15474161102662126
1153073000,고척제2동,구로구,30.13,244,34.16,63.85,7.3,1.7736,0.1046,25288.7,0.21347331583552057,0.18439946018893386,0.5890677879191877,0.09798657718120805,0.41387091368517664,0.15708064273915,0.5042397015122235
1129057500,동선동,성북구,30.08,384,35.44,62.37,6.8,1.4725,0.1017,20770.2,0.3359580052493438,0.1913090418353576,0.5738898574505178,0.0912751677852349,0.2895922951383986,0.1527256344796516,0.4139399547152316
1129078000,장위제3동,성북구,29.96,282,65.43,50.13,2.9,1.8854,0.0484,23872.0,0.24671916010498687,0.35319838056680164,0.44836427033124804,0.038926174496644296,0.460016212766976,0.07268358612404265,0.47592772822743906
1147054000,목4동,양천구,29.92,167,30.15,54.85,6.7,1.8319,0.1223,42462.5,0.14610673665791776,0.16275303643724695,0.4967695620961952,0.08993288590604027,0.4379341599863296,0.18366121039195074,0.8474486849231299
1138064000,증산동,은평구,29.89,173,66.9,54.16,1.1,2.3084,0.0069,22726.0,0.15135608048993876,0.36113360323886645,0.48969336478309916,0.014765100671140941,0.6346088917616192,0.010361916203634178,0.4530255461251147
1174051500,강일동,강동구,29.89,65,93.82,39.42,1.5,2.8418,0.048,14361.0,0.0568678915135608,0.5064507422402159,0.338529381601887,0.020134228187919462,0.8547690217279141,0.07208289532962907,0.2858556043398236
1138069000,진관동,은평구,29.83,43,4.15,54.39,8.7,3.3096,0.3624,4705.7,0.03762029746281715,0.02240215924426451,0.4920520972207979,0.11677852348993288,1.0,0.5442258597386994,0.09289972401471654
1120052000,왕십리제2동,성동구,29.8,118,25.52,54.58,1.4,2.3061,0.1047,43386.4,0.10323709536307961,0.13775978407557354,0.49400061532150547,0.01879194630872483,0.6336595698663764,0.1572308154377534,0.8659123202148729
1147053000,목3동,양천구,29.79,167,32.74,54.85,6.7,1.8319,0.1223,40047.9,0.14610673665791776,0.17673414304993254,0.4967695620961952,0.08993288590604027,0.4379341599863296,0.18366121039195074,0.7991942268914785
1171056100,방이1동,송파구,29.77,64,30.11,56.7,24.8,1.1437,0.3967,24900.3,0.05599300087489064,0.1625371120107962,0.5157419751820327,0.33288590604026846,0.15388053898369716,0.5957350953596635,0.49647774031803255
1147061000,신월6동,양천구,29.69,194,28.96,61.78,12.8,1.8523,0.0333,31292.9,0.16972878390201224,0.1563292847503374,0.5678391959798995,0.17181208053691277,0.4463542324484826,0.05000750863493017,0.6242303487886425
1174057000,암사제1동,강동구,29.64,146,34.93,51.47,4.8,2.0964,0.0377,45997.6,0.12773403324584426,0.18855600539811065,0.4621064506204492,0.06442953020134227,0.5471061779392449,0.056615107373479495,0.9180957215286507
1153051000,신도림동,구로구,29.62,91,1.44,56.02,15.0,2.2752,0.2895,25772.9,0.07961504811898512,0.00777327935222672,0.5087683314531842,0.20134228187919462,0.6209056365781153,0.4347499624568253,0.513916173217237
1162058500,낙성대동,관악구,29.61,285,12.97,66.86,14.1,1.6152,0.2764,7703.2,0.24934383202099739,0.07001349527665318,0.6199364167777663,0.18926174496644294,0.3484915275084592,0.41507733893978066,0.15280311917328318
1132052100,도봉제1동,도봉구,29.58,223,2.96,70.58,17.8,1.9214,0.275,2382.6,0.19510061242344706,0.015978407557354926,0.6580863501179366,0.2389261744966443,0.47487516417077547,0.41297492115933326,0.0464738433498738
1156071000,대림제2동,영등포구,29.51,276,39.76,60.31,7.0,1.6801,0.1165,20719.1,0.24146981627296588,0.21462887989203777,0.5527638190954774,0.09395973154362416,0.3752789149003087,0.17495119387295388,0.41291874921311217
1138065000,수색동,은평구,29.46,25,121.02,52.55,1.2,1.9927,0.0,15473.3,0.021872265966754154,0.6532793522267206,0.47318223771920825,0.01610738255033557,0.5043041429233004,0.0,0.3080843104065037
1147057000,신월2동,양천구,29.42,194,21.2,61.78,12.8,1.8523,0.0333,34358.4,0.16972878390201224,0.11443994601889339,0.5678391959798995,0.17181208053691277,0.4463542324484826,0.05000750863493017,0.6854926866897554
1153072000,고척제1동,구로구,29.39,244,30.42,63.85,7.3,1.7736,0.1046,22883.3,0.21347331583552057,0.16421052631578947,0.5890677879191877,0.09798657718120805,0.41387091368517664,0.15708064273915,0.4561691004398578
1129068500,길음제2동,성북구,29.16,264,32.34,56.32,3.1,1.8407,0.0262,37026.2,0.23097112860892388,0.17457489878542512,0.5118449389806173,0.04161073825503356,0.4415663481072583,0.039345247034089204,0.738807207992182
1129077000,장위제2동,성북구,29.0,282,62.83,50.13,2.9,1.8854,0.0484,19451.0,0.24671916010498687,0.33916329284750335,0.44836427033124804,0.038926174496644296,0.460016212766976,0.07268358612404265,0.3875764655098334
1132051500,창제5동,도봉구,28.9,179,14.84,56.73,11.8,1.6671,0.195,34136.9,0.15660542432195976,0.08010796221322537,0.5160496359347758,0.15838926174496645,0.3699131824489367,0.2928367622766181,0.6810661305504317
1147056000,신월1동,양천구,28.9,194,20.67,61.78,12.8,1.8523,0.0333,31425.3,0.16972878390201224,0.11157894736842106,0.5678391959798995,0.17181208053691277,0.4463542324484826,0.05000750863493017,0.6268762902461885
1141066000,홍은제1동,서대문구,28.83,232,33.49,63.5,6.1,2.2219,0.0286,13906.1,0.20297462817147857,0.18078272604588394,0.5854784124705158,0.08187919463087248,0.5989061335274901,0.042949391800570655,0.2767646770812308
1150060300,가양제1동,강서구,28.8,20,2.52,51.69,20.0,2.1345,0.5476,6990.9,0.017497812773403325,0.013603238866396762,0.4643626294739001,0.2684563758389262,0.5628319015082659,0.8223456975521849,0.1385681939451107
1165053100,서초4동,서초구,28.79,90,24.74,58.55,22.2,1.0922,0.2611,34488.4,0.07874015748031496,0.13354925775978407,0.53471438826787,0.297986577181208,0.13262398350326193,0.3921009160534614,0.6880906654622704
1153076000,개봉제3동,구로구,28.78,224,42.28,57.28,11.6,1.7507,0.0357,23802.3,0.19597550306211722,0.22823211875843455,0.5216900830684033,0.15570469798657718,0.40441896959775975,0.05361165340141162,0.47453481191632907
1138053000,불광제2동,은평구,28.77,467,25.81,54.24,7.5,1.5878,0.0495,19197.0,0.40857392825896766,0.13932523616734144,0.4905137934570813,0.10067114093959731,0.3371822144955674,0.07433548580867998,0.382500414677381
1153078000,오류제2동,구로구,28.63,195,9.81,60.49,20.7,1.6506,0.2722,12257.8,0.17060367454068243,0.05295546558704454,0.5546097836119372,0.2778523489932886,0.3631028297221953,0.4087700855984382,0.2438243046909504
1111058000,교남동,종로구,28.61,103,5.77,52.7,2.9,3.3915,0.0461,27977.8,0.09011373578302712,0.031147098515519566,0.47472054148292486,0.038926174496644296,1.0,0.06922961405616458,0.5579798916443007
1159065100,사당제5동,동작구,28.54,284,63.37,53.2,4.3,1.5977,0.0376,20752.8,0.2484689413823272,0.3420782726045884,0.47984822069531335,0.05771812080536912,0.3412684261316122,0.05646493467487611,0.4135922252487565
1156072000,대림제3동,영등포구,28.49,276,24.7,60.31,7.0,1.6801,0.1165,23476.1,0.24146981627296588,0.13333333333333333,0.5527638190954774,0.09395973154362416,0.3752789149003087,0.17495119387295388,0.4680158836425261
1174055000,고덕제1동,강동구,28.3,62,56.74,44.93,0.0,3.1544,0.0175,15819.3,0.0542432195975503,0.30628879892037786,0.3950364065224079,0.0,0.9837942497509058,0.026280222255593934,0.3149989308318128
1129072500,월곡제2동,성북구,28.19,433,11.97,60.23,6.7,1.7544,0.0781,13913.6,0.378827646544182,0.06461538461538462,0.5519433904214951,0.08993288590604027,0.4059461396031503,0.11728487760925063,0.2769145604719528
1130560300,번2동,강북구,28.13,285,10.27,62.75,14.1,1.7856,0.1087,15320.1,0.24934383202099739,0.055438596491228065,0.5777868936519331,0.18926174496644294,0.4188238974864431,0.16323772338188916,0.3050226923453553
1135059500,공릉1동,노원구,28.11,250,24.16,61.03,3.1,1.9801,0.0119,28552.0,0.21872265966754156,0.1304183535762483,0.5601476771613169,0.04161073825503356,0.49910350993197067,0.017870551133803876,0.5694549640379785
1141068500,홍은제2동,서대문구,28.06,232,25.8,63.5,6.1,2.2219,0.0286,13799.3,0.20297462817147857,0.13927125506072874,0.5854784124705158,0.08187919463087248,0.5989061335274901,0.042949391800570655,0.27463033759734923
1130560800,번3동,강북구,28.01,285,9.26,62.75,14.1,1.7856,0.1087,15158.9,0.24934383202099739,0.04998650472334683,0.5777868936519331,0.18926174496644294,0.4188238974864431,0.16323772338188916,0.3018011986674367
1159052000,노량진제2동,동작구,27.97,327,24.16,48.64,13.3,1.4446,0.2354,17154.8,0.28608923884514437,0.1304183535762483,0.43308378627833044,0.17852348993288591,0.2780766078004541,0.3535065325123892,0.34168816660638024
1159064000,사당제3동,동작구,27.88,284,47.63,53.2,4.3,1.5977,0.0376,26157.7,0.2484689413823272,0.2571120107962213,0.47984822069531335,0.05771812080536912,0.3412684261316122,0.05646493467487611,0.5216061903838813
1117058000,효창동,용산구,27.83,106,96.44,46.95,1.9,1.7667,0.0,24040.4,0.09273840769903761,0.5205937921727395,0.41575223054045746,0.025503355704697986,0.41102294799944844,0.0,0.4792931099604508
1129063000,정릉제2동,성북구,27.69,166,24.6,62.55,6.5,2.2751,0.0048,20649.6,0.1452318460192476,0.13279352226720648,0.5757358219669777,0.087248322147651,0.6208643617131049,0.007208289532962906,0.4115298297924215
1114068000,중림동,중구,27.64,19,8.27,58.03,15.1,1.8475,0.3199,25065.6,0.016622922134733157,0.044642375168690955,0.529381601886986,0.20268456375838925,0.4443730389279761,0.48040246283225707,0.4997811702495458
1132066000,쌍문제1동,도봉구,27.63,212,25.53,68.83,11.5,1.7504,0.0068,17600.9,0.18547681539807523,0.13781376518218624,0.640139472874577,0.15436241610738255,0.4042951450027281,0.010211743505030783,0.35060323068652594
1126069000,신내2동,중랑구,27.62,102,14.28,54.77,5.8,2.7795,0.0677,21762.4,0.08923884514435695,0.07708502024291497,0.4959491334222131,0.07785234899328859,0.8290547808263391,0.10166691695449766,0.4337685280851498
1150064100,방화제3동,강서구,27.57,169,5.96,65.39,12.0,2.001,0.2284,8624.0,0.14785651793525809,0.032172739541160594,0.6048610398933443,0.1610738255033557,0.5077299567191763,0.34299444361015163,0.17120480266352775
1153074000,개봉제1동,구로구,27.47,224,26.53,57.28,11.6,1.7507,0.0357,25179.0,0.19597550306211722,0.1432118758434548,0.5216900830684033,0.15570469798657718,0.40441896959775975,0.05361165340141162,0.5020474071172628
1117059000,용문동,용산구,27.47,138,90.15,45.23,0.3,1.2539,0.0061,41247.6,0.12073490813648294,0.48663967611336034,0.39811301404984095,0.004026845637583892,0.19936544022532768,0.009160534614807028,0.8231695740713725
1171064600,장지동,송파구,27.35,39,19.05,50.11,15.0,1.5843,0.4222,22356.2,0.03412073490813648,0.102834008097166,0.44815916316275256,0.20134228187919462,0.335737594220198,0.6340291335035291,0.4456352957399144
1147060000,신월5동,양천구,27.35,194,20.15,61.78,12.8,1.8523,0.0333,22065.2,0.16972878390201224,0.1087719298245614,0.5678391959798995,0.17181208053691277,0.4463542324484826,0.05000750863493017,0.43981982017990007
1171061000,삼전동,송파구,27.34,303,53.54,56.47,11.9,0.8073,0.0196,30576.2,0.2650918635170604,0.2890148448043185,0.5133832427443339,0.1597315436241611,0.015031893088193643,0.029433848926265202,0.6099074919712464
1121584000,자양제3동,광진구,27.3,347,37.85,47.39,3.3,1.6214,0.1011,22802.1,0.30358705161854765,0.20431848852901485,0.42026458824735924,0.04429530201342281,0.3510505691391135,0.15182459828803122,0.45454636292964073
1159068000,신대방제2동,동작구,27.25,275,26.3,55.14,3.2,1.781,0.1102,22780.2,0.24059492563429571,0.141970310391363,0.4997436160393806,0.04295302013422819,0.4169252536959577,0.16549031386094007,0.4541087034287325
1159051000,노량진제1동,동작구,27.2,418,10.23,47.14,8.6,1.5637,0.177,19868.5,0.3657042869641295,0.05522267206477733,0.417700748641165,0.11543624161073825,0.32723497202802393,0.2658056765280072,0.39591997426002573
1129059000,돈암제2동,성북구,27.02,8,1.29,60.7,2.6,2.5914,0.0,45260.1,0.00699912510936133,0.006963562753036437,0.5567634088811404,0.034899328859060406,0.751416759741487,0.0,0.9033571881076522
1114055000,명동,중구,26.98,44,12.39,74.95,31.4,1.0708,0.3028,2705.2,0.03849518810148731,0.06688259109311741,0.7029022664342119,0.42147651006711406,0.12379116239100334,0.4547229313710767,0.052920827596130204
1129071500,월곡제1동,성북구,26.98,222,7.91,60.11,7.4,1.694,0.0895,32002.8,0.1942257217847769,0.04269905533063428,0.550712747410522,0.09932885906040269,0.3810161211367757,0.13440456525003752,0.6384173113317839
1141069000,남가좌제1동,서대문구,26.88,173,25.25,54.92,4.4,1.9764,0.0023,35148.3,0.15135608048993876,0.13630229419703105,0.4974874371859297,0.059060402684563765,0.49757633992658007,0.0034539720678780595,0.7012784054005984
1132051300,창제3동,도봉구,26.78,179,15.88,56.73,11.8,1.6671,0.195,20243.1,0.15660542432195976,0.08572199730094468,0.5160496359347758,0.15838926174496645,0.3699131824489367,0.2928367622766181,0.40340615001528807
1132051400,창제4동,도봉구,26.55,179,9.13,56.73,11.8,1.6671,0.195,22919.7,0.15660542432195976,0.04928475033738192,0.5160496359347758,0.15838926174496645,0.3699131824489367,0.2928367622766181,0.456896534496162
1129052500,성북동,성북구,26.52,289,18.42,58.31,9.2,1.9229,0.1184,5548.7,0.25284339457567806,0.09943319838056681,0.5322531022459235,0.12348993288590603,0.47549428714593384,0.17780447514641837,0.1097466171318714
1147052000,목2동,양천구,26.41,167,17.05,54.85,6.7,1.8319,0.1223,28417.3,0.14610673665791776,0.09203778677462889,0.4967695620961952,0.08993288590604027,0.4379341599863296,0.18366121039195074,0.566763058340611
1121584700,자양제4동,광진구,26.4,347,38.38,47.39,3.3,1.6214,0.1011,16824.0,0.30358705161854765,0.2071794871794872,0.42026458824735924,0.04429530201342281,0.3510505691391135,0.15182459828803122,0.33507730985293444
1111064000,이화동,종로구,26.34,147,14.07,73.48,34.8,1.0053,0.0607,8865.3,0.12860892388451445,0.07595141700404859,0.6878268895497898,0.4671140939597315,0.09675612580909053,0.09115482805226009,0.17602705095435747
1132051100,창제1동,도봉구,26.33,179,9.27,56.73,11.8,1.6671,0.195,21482.8,0.15660542432195976,0.05004048582995951,0.5160496359347758,0.15838926174496645,0.3699131824489367,0.2928367622766181,0.4281808752790329
1168052100,논현1동,강남구,26.27,448,21.07,58.71,13.9,0.8872,0.0573,16810.4,0.39195100612423445,0.11373819163292848,0.5363552456158343,0.1865771812080537,0.04801051023162625,0.0860489562997447,0.3348055213044252
1141070000,남가좌제2동,서대문구,26.25,173,15.32,54.92,4.4,1.9764,0.0023,37239.6,0.15135608048993876,0.08269905533063428,0.4974874371859297,0.059060402684563765,0.49757633992658007,0.0034539720678780595,0.7430718900695259
1159066000,대방동,동작구,26.24,258,22.67,53.91,6.2,1.7278,0.0771,23122.1,0.22572178477690288,0.12237516869095817,0.4871295251769049,0.08322147651006712,0.39496702551034296,0.11578315062321669,0.46094138760044684
1138052000,불광제1동,은평구,26.23,467,11.53,54.24,7.5,1.5878,0.0495,12020.7,0.40857392825896766,0.06224021592442645,0.4905137934570813,0.10067114093959731,0.3371822144955674,0.07433548580867998,0.23908599109892503
1147063000,신정2동,양천구,26.18,196,37.11,44.71,3.7,1.6957,0.071,35896.1,0.1714785651793526,0.2003238866396761,0.392780227668957,0.049664429530201344,0.3817177938419551,0.10662261600840965,0.7162227786781884
1144060000,대흥동,마포구,26.1,248,40.51,51.37,5.4,1.4852,0.1498,17094.7,0.2169728783902012,0.2186774628879892,0.4610809147779714,0.07248322147651007,0.29483420299473906,0.22495870250788402,0.3404871010353945
1114057000,필동,중구,26.08,50,6.15,75.42,33.6,1.2331,0.1886,2734.4,0.04374453193350831,0.03319838056680162,0.707722284893857,0.45100671140939597,0.1907802683031325,0.28322570956600085,0.05350437359734127
1144070000,망원제2동,마포구,25.96,314,23.67,62.03,8.8,1.1745,0.0,26621.7,0.2747156605424322,0.12777327935222674,0.5704030355860937,0.11812080536912753,0.16659319740694786,0.0,0.5308789761565502
1165052000,서초2동,서초구,25.91,90,17.68,58.55,22.2,1.0922,0.2611,20731.0,0.07874015748031496,0.09543859649122807,0.53471438826787,0.297986577181208,0.13262398350326193,0.3921009160534614,0.4131565641930578
1114064500,청구동,중구,25.89,134,17.53,55.89,6.9,1.5324,0.1042,38053.0,0.11723534558180228,0.09462887989203779,0.5074351348579633,0.09261744966442953,0.31431593927972046,0.15647995194473643,0.7593272434046312
1114052000,소공동,중구,25.76,2,0.0,77.55,33.3,0.9421,0.3412,2308.4,0.0017497812773403325,0.0,0.7295661983386319,0.44697986577181203,0.07067041112242041,0.51238924763478,0.04499099700433063
1141065500,홍제제2동,서대문구,25.75,163,40.51,54.96,1.3,2.0373,0.0314,18868.9,0.1426071741032371,0.2186774628879892,0.49789765152292065,0.017449664429530203,0.5227127327180074,0.04715422736146568,0.37594351594459513
1147058000,신월3동,양천구,25.74,194,14.02,61.78,12.8,1.8523,0.0333,15686.0,0.16972878390201224,0.07568151147098515,0.5678391959798995,0.17181208053691277,0.4463542324484826,0.05000750863493017,0.3123350033673802
1141072000,북가좌제2동,서대문구,25.71,202,19.41,55.26,5.2,1.6082,0.0127,37289.0,0.17672790901137359,0.10477732793522267,0.5009742590503538,0.06979865771812081,0.34560228695772044,0.019071932722631024,0.7440591220030817
1126068000,신내1동,중랑구,25.58,102,4.99,54.77,5.8,2.7795,0.0677,14612.1,0.08923884514435695,0.026936572199730096,0.4959491334222131,0.07785234899328859,0.8290547808263391,0.10166691695449766,0.2908737002611968
1168053100,논현2동,강남구,25.54,448,18.18,58.71,13.9,0.8872,0.0573,14017.9,0.39195100612423445,0.09813765182186235,0.5363552456158343,0.1865771812080537,0.04801051023162625,0.0860489562997447,0.2789989388255937
1165066000,내곡동,서초구,25.51,86,4.49,46.24,6.4,5.8952,0.1869,1358.6,0.0752405949256343,0.024237516869095817,0.4084709260588657,0.08590604026845639,1.0,0.2806727736897432,0.026009764403294236
1141071000,북가좌제1동,서대문구,25.42,202,27.7,55.26,5.2,1.6082,0.0127,30466.4,0.17672790901137359,0.14952766531713899,0.5009742590503538,0.06979865771812081,0.34560228695772044,0.019071932722631024,0.607713199131076
1117057000,원효로제2동,용산구,25.37,186,71.99,40.6,0.5,1.4553,0.15,19250.5,0.16272965879265092,0.38860998650472334,0.35063070454312373,0.006711409395973154,0.2824930183565834,0.22525904790509083,0.3835695828645314
1147061100,신월7동,양천구,25.31,194,10.46,61.78,12.8,1.8523,0.0333,15175.5,0.16972878390201224,0.056464237516869104,0.5678391959798995,0.17181208053691277,0.4463542324484826,0.05000750863493017,0.3021329405722348
1174056000,고덕제2동,강동구,25.1,62,34.75,44.93,0.0,3.1544,0.0175,9213.0,0.0542432195975503,0.18758434547908232,0.3950364065224079,0.0,0.9837942497509058,0.026280222255593934,0.18297564494823026
1171064200,문정2동,송파구,25.04,39,10.86,50.11,15.0,1.5843,0.4222,12845.2,0.03412073490813648,0.05862348178137652,0.44815916316275256,0.20134228187919462,0.335737594220198,0.6340291335035291,0.25556317185229893
1114065000,신당제5동,중구,24.99,134,18.79,55.89,6.9,1.5324,0.1042,31667.6,0.11723534558180228,0.10143049932523616,0.5074351348579633,0.09261744966442953,0.31431593927972046,0.15647995194473643,0.6317185229891145
1111057000,무악동,종로구,24.93,2,5.42,54.72,0.0,3.2041,0.0,21638.7,0.0017497812773403325,0.029257759784075573,0.49543636550097425,0.0,1.0,0.0,0.43129645136084127
1121583000,자양제2동,광진구,24.92,347,27.32,47.39,3.3,1.6214,0.1011,14291.3,0.30358705161854765,0.14747638326585696,0.42026458824735924,0.04429530201342281,0.3510505691391135,0.15182459828803122,0.2844626880287136
1144074000,상암동,마포구,24.86,165,0.36,52.46,9.0,1.9456,0.3574,3536.8,0.14435695538057744,0.00194331983805668,0.4722592554609783,0.12080536912751678,0.48486368150332954,0.5367172248085298,0.0695398979593876
1147055000,목5동,양천구,24.85,167,9.86,54.85,6.7,1.8319,0.1223,23046.6,0.14610673665791776,0.05322537112010796,0.4967695620961952,0.08993288590604027,0.4379341599863296,0.18366121039195074,0.45943256146717854
1147051000,목1동,양천구,24.77,167,12.15,54.85,6.7,1.8319,0.1223,21142.8,0.14610673665791776,0.06558704453441296,0.4967695620961952,0.08993288590604027,0.4379341599863296,0.18366121039195074,0.42138616156630143
1114066500,동화동,중구,24.76,134,18.36,55.89,6.9,1.5324,0.1042,30456.1,0.11723534558180228,0.09910931174089069,0.5074351348579633,0.09261744966442953,0.31431593927972046,0.15647995194473643,0.6075073592744844
1165051000,서초1동,서초구,24.75,90,15.74,58.55,22.2,1.0922,0.2611,14701.4,0.07874015748031496,0.08496626180836707,0.53471438826787,0.297986577181208,0.13262398350326193,0.3921009160534614,0.2926583118333936
1135062100,중계1동,노원구,24.68,18,2.41,55.66,2.0,2.292,0.0252,42308.4,0.015748031496062992,0.013009446693657221,0.5050764024202645,0.026845637583892617,0.6278398138998883,0.03784352004805526,0.8443690808550948
1135061200,하계2동,노원구,24.68,27,6.0,53.33,0.5,2.3832,0.0045,42705.7,0.023622047244094488,0.032388663967611336,0.4811814172905343,0.006711409395973154,0.6654824907895136,0.006757771437152725,0.8523089036729424
1144063000,신수동,마포구,24.64,209,35.54,47.52,1.2,1.7037,0.0445,27755.3,0.18285214348206474,0.19184885290148448,0.4215977848425802,0.01610738255033557,0.38501978304279943,0.06682685087851029,0.5535333510528808
1114063500,약수동,중구,24.63,134,12.35,55.89,6.9,1.5324,0.1042,33291.1,0.11723534558180228,0.06666666666666667,0.5074351348579633,0.09261744966442953,0.31431593927972046,0.15647995194473643,0.6641632809674073
1150051000,염창동,강서구,24.58,37,6.49,52.52,12.2,1.792,0.2422,23863.4,0.03237095363079615,0.03503373819163293,0.47287457696646495,0.16375838926174496,0.42146548884711865,0.36371827601742,0.47575586193941116
1141056500,충현동,서대문구,24.5,282,21.97,46.93,5.6,1.612,0.1277,17645.7,0.24671916010498687,0.11859649122807017,0.4155471233719618,0.07516778523489932,0.34717073182812147,0.19177053611653402,0.35149853414043875
1111051500,청운효자동,종로구,24.48,173,23.75,69.94,26.1,1.1372,0.0,4416.9,0.15135608048993876,0.1282051282051282,0.6515229207260793,0.3503355704697987,0.1511976727580112,0.0,0.08712821424931402
1117053000,남영동,용산구,24.46,63,0.85,52.91,36.8,0.8284,0.4378,5810.1,0.05511811023622047,0.004588394062078272,0.47687416675212796,0.4939597315436241,0.023740889605420534,0.6574560744856585,0.11497055290983614
1129058000,돈암제1동,성북구,24.46,8,1.36,60.7,2.6,2.5914,0.0,29233.5,0.00699912510936133,0.007341430499325237,0.5567634088811404,0.034899328859060406,0.751416759741487,0.0,0.5830743681415859
1120057000,행당제2동,성동구,24.36,80,9.48,48.72,2.8,1.7183,0.0673,50096.0,0.0699912510936133,0.051174089068825916,0.4339042149523126,0.03758389261744966,0.3910459133343403,0.1010662261600841,1.0
1171056600,오륜동,송파구,24.36,64,5.95,56.7,24.8,1.1437,0.3967,5789.4,0.05599300087489064,0.03211875843454791,0.5157419751820327,0.33288590604026846,0.15388053898369716,0.5957350953596635,0.11455687475144335
1111056000,평창동,종로구,24.23,140,10.51,66.24,13.2,2.1433,0.0092,1947.9,0.12248468941382328,0.056734143049932524,0.6135780945544046,0.17718120805369125,0.5664640896291947,0.013815888271512238,0.037786602023625625
1141062000,홍제제1동,서대문구,24.23,163,22.95,54.96,1.3,2.0373,0.0314,20049.7,0.1426071741032371,0.12388663967611335,0.49789765152292065,0.017449664429530203,0.5227127327180074,0.04715422736146568,0.3995411569798697
1111060000,가회동,종로구,23.95,71,22.24,76.09,30.6,0.9315,0.0,7164.6,0.0621172353455818,0.12005398110661268,0.7145933750384577,0.41073825503355704,0.06629527543130166,0.0,0.14203949327423265
1147065000,신정4동,양천구,23.86,196,19.57,44.71,3.7,1.6957,0.071,32056.7,0.1714785651793526,0.10564102564102565,0.392780227668957,0.049664429530201344,0.3817177938419551,0.10662261600840965,0.6394944732997728
1120059000,금호1가동,성동구,23.62,18,0.0,50.63,0.3,2.707,0.012,33298.4,0.015748031496062992,0.0,0.45349194954363653,0.004026845637583892,0.7991305036936873,0.018020723832407267,0.6643091674677102
1165053000,서초3동,서초구,23.61,225,15.16,55.89,15.2,1.1497,0.1756,10673.8,0.1968503937007874,0.08183535762483131,0.5074351348579633,0.2040268456375839,0.15635703088433042,0.2637032587475597,0.21216893257046016
1144069000,망원제1동,마포구,23.6,314,14.54,62.03,8.8,1.1745,0.0,17412.3,0.2747156605424322,0.0784885290148448,0.5704030355860937,0.11812080536912753,0.16659319740694786,0.0,0.34683416302116954
1147062000,신정1동,양천구,23.59,196,26.1,44.71,3.7,1.6957,0.071,26396.7,0.1714785651793526,0.14089068825910933,0.392780227668957,0.049664429530201344,0.3817177938419551,0.10662261600840965,0.5263824744348897
1135062500,중계2.3동,노원구,23.52,18,1.63,55.66,2.0,2.292,0.0252,35484.2,0.015748031496062992,0.008798920377867746,0.5050764024202645,0.026845637583892617,0.6278398138998883,0.03784352004805526,0.7079911828597351
1171064700,위례동,송파구,23.51,124,35.75,43.32,3.7,2.0885,0.075,16994.3,0.1084864391951006,0.19298245614035087,0.378525279458517,0.049664429530201344,0.543845463603411,0.11262952395254541,0.33848066204492905
1117051000,후암동,용산구,23.49,329,45.07,43.3,1.1,1.3717,0.0273,18516.8,0.2878390201224847,0.24329284750337382,0.3783201722900215,0.014765100671140941,0.24798723120776023,0.040997146718726535,0.36890699036149877
1144058500,도화동,마포구,23.46,58,17.35,52.13,8.3,1.0892,0.2609,33007.5,0.05074365704286964,0.09365721997300945,0.46887498718080195,0.11140939597315437,0.13138573755294525,0.3918005706562547,0.6584956903529054
1156060500,문래동,영등포구,23.43,5,0.56,56.61,13.0,1.4724,0.3488,18004.9,0.004374453193350831,0.003022941970310392,0.5148189929238027,0.174496644295302,0.2895510202733881,0.5238023727286379,0.35867694933341865
1141064000,홍제제3동,서대문구,23.42,163,23.45,54.96,1.3,2.0373,0.0314,14677.3,0.1426071741032371,0.12658569500674763,0.49789765152292065,0.017449664429530203,0.5227127327180074,0.04715422736146568,0.2921766865378735
1114060500,을지로동,중구,23.41,0,3.27,69.32,27.2,0.9076,0.3277,4865.9,0.0,0.017651821862348177,0.6451645985027176,0.3651006711409396,0.056430582693779256,0.49211593332332176,0.09610123324053885
1129065000,정릉제4동,성북구,23.36,158,7.36,63.92,9.4,2.0464,0.0074,6764.1,0.13823272090988625,0.03973009446693657,0.5897856630089222,0.1261744966442953,0.5264687454339679,0.011112779696651148,0.13403572020967686
1114062500,다산동,중구,23.28,134,11.46,55.89,6.9,1.5324,0.1042,25393.8,0.11723534558180228,0.061862348178137655,0.5074351348579633,0.09261744966442953,0.31431593927972046,0.15647995194473643,0.5063400674275413
1171058000,송파1동,송파구,23.28,112,62.65,48.88,6.4,0.8711,0.0163,34169.9,0.09798775153105861,0.33819163292847504,0.43554507230027684,0.08590604026845639,0.041365256964927065,0.0244781498723532,0.6817256174696087
1174053000,명일제1동,강동구,23.22,60,20.49,42.8,9.0,1.3272,0.1762,39893.0,0.05249343832020997,0.1106072874493927,0.373192493077633,0.12080536912751678,0.22961991627806372,0.26460429493918003,0.7960986352617664
1129064000,정릉제3동,성북구,23.06,158,7.9,63.92,9.4,2.0464,0.0074,4516.9,0.13823272090988625,0.04264507422402159,0.5897856630089222,0.1261744966442953,0.5264687454339679,0.011112779696651148,0.08912665945894092
1171059000,송파2동,송파구,23.06,112,68.2,48.88,6.4,0.8711,0.0163,29406.8,0.09798775153105861,0.36815114709851554,0.43554507230027684,0.08590604026845639,0.041365256964927065,0.0244781498723532,0.5865376736898693
1147067000,신정6동,양천구,22.92,196,20.74,44.71,3.7,1.6957,0.071,25464.8,0.1714785651793526,0.11195681511470984,0.392780227668957,0.049664429530201344,0.3817177938419551,0.10662261600840965,0.5077589635263765
1144068000,합정동,마포구,22.91,281,18.7,55.74,9.1,1.1361,0.1348,9579.6,0.2458442694663167,0.100944669365722,0.5058968310942467,0.1221476510067114,0.15074364924289513,0.20243279771737496,0.19030194508672252
1129066000,길음제1동,성북구,22.87,42,15.9,54.99,1.7,1.6423,0.0,43749.9,0.03674540682414698,0.08582995951417004,0.498205312275664,0.022818791946308724,0.35967701592631934,0.0,0.8731766685518667
1141052000,천연동,서대문구,22.85,190,4.07,54.38,0.3,2.2802,0.0031,16923.2,0.1662292213473316,0.021970310391363025,0.4919495436365501,0.004026845637583892,0.622969379828643,0.00465535365670521,0.33705976750088434
1159063000,사당제2동,동작구,22.8,285,15.65,53.41,4.1,1.7168,0.0356,10211.5,0.24934383202099739,0.0844804318488529,0.48200184596451645,0.05503355704697986,0.39042679035918204,0.05346148070280823,0.20293012036635497
1114058000,장충동,중구,22.66,22,6.39,71.54,22.3,1.5685,0.0516,4507.3,0.019247594050743656,0.03449392712550607,0.6679314942057225,0.2993288590604027,0.32921616554853045,0.07748911247935125,0.08893480871881676
1114061500,신당동,중구,22.61,136,11.22,57.42,9.6,1.4913,0.1419,13916.7,0.1189851268591426,0.0605668016194332,0.523125833247872,0.12885906040268455,0.2973519697603828,0.21309505931821593,0.27697651227345127
1135060000,공릉2동,노원구,22.58,250,4.37,61.03,3.1,1.9801,0.0119,5969.9,0.21872265966754156,0.02358974358974359,0.5601476771613169,0.04161073825503356,0.49910350993197067,0.017870551133803876,0.11816406835481993
1120072000,송정동,성동구,22.57,142,7.34,55.73,3.7,1.9736,0.0887,14341.2,0.1242344706911636,0.0396221322537112,0.5057942775099988,0.049664429530201344,0.49642064370628464,0.1332031836612104,0.2854599121883175
1120061500,금호2.3가동,성동구,22.5,251,0.0,44.1,0.4,1.8844,0.0,34817.4,0.21959755030621173,0.0,0.38652445902984306,0.005369127516778524,0.45960346411687053,0.0,0.6946655502019429
1165059000,방배본동,서초구,22.45,135,34.96,52.27,5.8,1.1324,0.035,30180.1,0.11811023622047244,0.18871794871794872,0.47031073736027074,0.07785234899328859,0.14921647923750464,0.05256044451118787,0.6019916504959142
1120055000,사근동,성동구,22.44,259,10.55,49.23,3.2,1.9434,0.0621,10275.0,0.22659667541557305,0.05695006747638327,0.4391344477489487,0.04295302013422819,0.48395563447309725,0.09325724583270761,0.20419913307446805
1120054000,마장동,성동구,22.41,282,11.6,46.88,4.0,1.6099,0.0419,20941.7,0.24671916010498687,0.06261808367071525,0.415034355450723,0.053691275167785234,0.34630395966289984,0.06292236071482205,0.41736728824974173
1153079000,수궁동,구로구,22.22,144,14.66,54.46,11.9,1.9433,0.0,8562.7,0.12598425196850394,0.07913630229419703,0.4927699723105322,0.1597315436241611,0.4839143596080868,0.0,0.1699797557500265
1150060500,가양제3동,강서구,22.11,6,0.53,46.46,9.6,1.7113,0.2193,30087.9,0.005249343832020997,0.002860998650472335,0.4107271049123166,0.12885906040268455,0.38815667278360155,0.3293287280372428,0.6001490840126382
1111069000,창신제3동,종로구,22.11,114,18.46,54.96,4.9,1.2627,0.087,29431.6,0.09973753280839895,0.09964912280701754,0.49789765152292065,0.06577181208053692,0.2029976283462564,0.13065024778495268,0.5870332881018567
1147068000,신정7동,양천구,22.04,196,15.81,44.71,3.7,1.6957,0.071,22985.1,0.1714785651793526,0.08534412955465587,0.392780227668957,0.049664429530201344,0.3817177938419551,0.10662261600840965,0.45820351766325795
1144065500,서강동,마포구,21.92,284,20.98,50.1,3.7,1.2977,0.0597,16615.8,0.2484689413823272,0.1132523616734143,0.44805660957850474,0.049664429530201344,0.21744383109995036,0.08965310106622616,0.3309165469264912
1174059000,암사제3동,강동구,21.82,146,14.28,51.47,4.8,2.0964,0.0377,9612.5,0.12773403324584426,0.07708502024291497,0.4621064506204492,0.06442953020134227,0.5471061779392449,0.056615107373479495,0.19095943356068978
1111068000,창신제2동,종로구,21.8,114,15.54,54.96,4.9,1.2627,0.087,29255.3,0.09973753280839895,0.08388663967611336,0.49789765152292065,0.06577181208053692,0.2029976283462564,0.13065024778495268,0.5835100291972846
1159060500,흑석동,동작구,21.66,218,31.63,43.53,0.4,1.7892,0.0,17574.3,0.19072615923009623,0.17074224021592443,0.38067890472772026,0.005369127516778524,0.4203097926268231,0.0,0.35007164426076515
1165060000,방배1동,서초구,21.4,135,34.36,52.27,5.8,1.1324,0.035,23992.1,0.11811023622047244,0.1854790823211876,0.47031073736027074,0.07785234899328859,0.14921647923750464,0.05256044451118787,0.47832786092420093
1171051000,풍납1동,송파구,21.25,292,6.98,49.18,2.0,1.869,0.0,11033.4,0.2554680664916885,0.037678812415654524,0.4386216798277099,0.026845637583892617,0.4532471349052452,0.0,0.21935534154427852
1117068500,한남동,용산구,21.18,335,4.62,57.04,1.4,1.5879,0.0164,6109.1,0.29308836395450566,0.02493927125506073,0.5192287970464567,0.01879194630872483,0.337223489360578,0.0246283225709566,0.1209459040866206
1120066000,성수1가제2동,성동구,21.16,196,18.83,40.05,5.2,1.5216,0.1959,12917.2,0.1714785651793526,0.1016464237516869,0.34499025740949646,0.06979865771812081,0.3098582538585807,0.29418831656404865,0.25700205240323026
1174058000,암사제2동,강동구,21.14,146,11.81,51.47,4.8,2.0964,0.0377,6847.9,0.12773403324584426,0.06375168690958165,0.4621064506204492,0.06442953020134227,0.5471061779392449,0.056615107373479495,0.1357104172953442
1135070000,상계8동,노원구,21.08,139,12.35,48.97,1.8,1.486,0.0308,32893.8,0.1216097987751531,0.06666666666666667,0.43646805455850685,0.024161073825503355,0.29516440191482346,0.04625319116984532,0.6562234581495597
1171057000,오금동,송파구,20.97,138,26.71,53.53,7.4,1.1627,0.0201,22777.6,0.12073490813648294,0.14418353576248313,0.4832324889754897,0.09932885906040269,0.16172276333570249,0.03018471241928217,0.45405674385328215
1135064000,상계2동,노원구,20.83,139,13.21,48.97,1.8,1.486,0.0308,30794.2,0.1216097987751531,0.07130904183535763,0.43646805455850685,0.024161073825503355,0.29516440191482346,0.04625319116984532,0.614264102528233
1120058000,응봉동,성동구,20.78,36,1.81,41.08,0.1,2.6343,0.0,27098.6,0.031496062992125984,0.009770580296896087,0.35555327658701674,0.001342281879194631,0.7691236768310147,0.0,0.540409561361261
1121581000,광장동,광진구,20.76,58,5.85,45.34,1.9,2.5482,0.0375,14241.7,0.05074365704286964,0.031578947368421054,0.39924110347656655,0.025503355704697986,0.7335860180569277,0.056314761976272706,0.2834714592047387
1171052000,풍납2동,송파구,20.58,292,2.93,49.18,2.0,1.869,0.0,9286.0,0.2554680664916885,0.01581646423751687,0.4386216798277099,0.026845637583892617,0.4532471349052452,0.0,0.1844345099512579
1165062100,방배4동,서초구,20.5,135,24.94,52.27,5.8,1.1324,0.035,24067.9,0.11811023622047244,0.13462887989203778,0.47031073736027074,0.07785234899328859,0.14921647923750464,0.05256044451118787,0.47984268239309824
1147064000,신정3동,양천구,20.41,196,7.08,44.71,3.7,1.6957,0.071,18066.1,0.1714785651793526,0.03821862348178138,0.392780227668957,0.049664429530201344,0.3817177938419551,0.10662261600840965,0.3598999978017103
1171063200,가락2동,송파구,20.3,48,18.61,51.15,4.2,1.3674,0.0196,33533.1,0.04199475065616798,0.10045883940620783,0.4588247359245205,0.056375838926174496,0.2462124120123064,0.029433848926265202,0.6689995183747045
1120062000,금호4가동,성동구,20.27,69,16.84,46.84,0.0,2.2205,0.0043,17047.9,0.06036745406824147,0.09090418353576248,0.41462414111373197,0.0,0.5983282854173423,0.006457426039945938,0.3395518286772891
1135058000,월계3동,노원구,20.25,56,5.29,46.61,0.8,2.1658,0.0153,25379.2,0.048993875765529306,0.02855600539811066,0.41226540867603323,0.010738255033557048,0.5757509342565693,0.022976422886319264,0.5060482944269359
1135061100,하계1동,노원구,20.22,27,1.97,53.33,0.5,2.3832,0.0045,17232.6,0.023622047244094488,0.010634278002699055,0.4811814172905343,0.006711409395973154,0.6654824907895136,0.006757771437152725,0.34324295697946994
1114054000,회현동,중구,20.13,13,7.25,72.18,15.5,1.071,0.1255,4883.2,0.011373578302712161,0.03913630229419703,0.6744949235975798,0.2080536912751678,0.12387371212102444,0.18846673674725933,0.0964469642618043
1135071000,상계9동,노원구,20.11,139,11.44,48.97,1.8,1.486,0.0308,27376.3,0.1216097987751531,0.06175438596491228,0.43646805455850685,0.024161073825503355,0.29516440191482346,0.04625319116984532,0.5459592437083949
1120056000,행당제1동,성동구,19.99,80,7.56,48.72,2.8,1.7183,0.0673,23907.3,0.0699912510936133,0.040809716599190284,0.4339042149523126,0.03758389261744966,0.3910459133343403,0.1010662261600841,0.47663317938643734
1150060400,가양제2동,강서구,19.89,6,0.3,46.46,9.6,1.7113,0.2193,16396.6,0.005249343832020997,0.0016194331983805667,0.4107271049123166,0.12885906040268455,0.38815667278360155,0.3293287280372428,0.32653595502698896
1117062500,한강로동,용산구,19.76,64,6.63,58.86,9.7,0.9803,0.2852,7366.9,0.05599300087489064,0.035789473684210524,0.5378935493795508,0.13020134228187918,0.08643740955645199,0.4282925364168794,0.14608234793330788
1135067000,상계5동,노원구,19.57,139,9.07,48.97,1.8,1.486,0.0308,25462.6,0.1216097987751531,0.0489608636977058,0.43646805455850685,0.024161073825503355,0.29516440191482346,0.04625319116984532,0.5077149977317647
1165056000,반포1동,서초구,19.54,90,35.3,39.97,1.1,1.3116,0.0001,34164.4,0.07874015748031496,0.19055330634278,0.3441698287355143,0.014765100671140941,0.22318103733641736,0.0001501726986033939,0.6816157029830792
1120065000,성수1가제1동,성동구,19.48,196,9.29,40.05,5.2,1.5216,0.1959,8209.3,0.1714785651793526,0.05014844804318488,0.34499025740949646,0.06979865771812081,0.3098582538585807,0.29418831656404865,0.16291725037920496
1168073000,일원1동,강남구,19.46,36,33.24,38.61,0.4,2.1633,0.016,15370.4,0.031496062992125984,0.17943319838056682,0.3302225412778177,0.005369127516778524,0.5747190626313055,0.02402763177654302,0.3060279102857976
1135061900,중계본동,노원구,19.44,18,0.69,55.66,2.0,2.292,0.0252,10579.1,0.015748031496062992,0.0037246963562753035,0.5050764024202645,0.026845637583892617,0.6278398138998883,0.03784352004805526,0.2102764049569435
1120064500,옥수동,성동구,19.42,31,0.52,41.81,0.6,2.7165,0.0291,13218.8,0.02712160979877515,0.0028070175438596493,0.3630396882371039,0.008053691275167784,0.80305161586969,0.04370025529358763,0.26302936315546505
1168075000,수서동,강남구,19.36,7,1.02,37.4,0.9,3.0442,0.0406,8681.0,0.006124234470691163,0.005506072874493927,0.3178135575838375,0.012080536912751677,0.9383093485092754,0.06097011563297792,0.1723439164330151
1111067000,창신제1동,종로구,19.26,114,13.12,54.96,4.9,1.2627,0.087,14879.6,0.09973753280839895,0.07082321187584345,0.49789765152292065,0.06577181208053692,0.2029976283462564,0.13065024778495268,0.29621954119694877
1174054000,명일제2동,강동구,19.24,60,14.23,42.8,9.0,1.3272,0.1762,18808.8,0.05249343832020997,0.07681511470985156,0.373192493077633,0.12080536912751678,0.22961991627806372,0.26460429493918003,0.3747424503736093
1135072000,상계10동,노원구,19.22,139,10.17,48.97,1.8,1.486,0.0308,22600.9,0.1216097987751531,0.05489878542510122,0.43646805455850685,0.024161073825503355,0.29516440191482346,0.04625319116984532,0.45052549116787144
1135056000,월계1동,노원구,19.08,56,5.26,46.61,0.8,2.1658,0.0153,18079.0,0.048993875765529306,0.028394062078272605,0.41226540867603323,0.010738255033557048,0.5757509342565693,0.022976422886319264,0.3601577972337522
1135062400,중계4동,노원구,18.78,157,6.4,51.09,1.8,1.6552,0.0291,12625.6,0.1373578302712161,0.03454790823211876,0.458209414419034,0.024161073825503355,0.36500147351268075,0.04370025529358763,0.2511745861719582
1171062000,가락본동,송파구,18.77,48,17.09,51.15,4.2,1.3674,0.0196,24916.4,0.04199475065616798,0.09225371120107963,0.4588247359245205,0.056375838926174496,0.2462124120123064,0.029433848926265202,0.49679948999678253
1117065000,이태원제1동,용산구,18.76,353,42.07,36.24,1.0,0.9797,0.008,10351.8,0.3088363954505687,0.22709851551956814,0.3059173418110963,0.013422818791946308,0.08618976036638869,0.01201381588827151,0.2057339389954615
1168067000,개포2동,강남구,18.75,62,24.42,37.64,0.8,1.9925,0.0261,18409.0,0.0542432195975503,0.13182186234817814,0.320274843605784,0.010738255033557048,0.5042215931932793,0.03919507433548581,0.36675266642552096
1135069500,상계6.7동,노원구,18.65,139,5.67,48.97,1.8,1.486,0.0308,21721.0,0.1216097987751531,0.03060728744939271,0.43646805455850685,0.024161073825503355,0.29516440191482346,0.04625319116984532,0.4329411717683642
1168059000,삼성2동,강남구,18.47,147,16.51,42.9,6.2,0.9335,0.1095,24706.6,0.12860892388451445,0.08912280701754387,0.3742180289201107,0.08322147651006712,0.06712077273151275,0.16443910497071632,0.4926067519469852
1135057000,월계2동,노원구,18.01,56,2.99,46.61,0.8,2.1658,0.0153,12769.0,0.048993875765529306,0.016140350877192983,0.41226540867603323,0.010738255033557048,0.5757509342565693,0.022976422886319264,0.2540403566025632
1165065200,양재2동,서초구,17.9,168,4.37,55.92,5.1,1.3509,0.0746,2823.1,0.14698162729658792,0.02358974358974359,0.5077427956107066,0.06845637583892616,0.23940205928556502,0.11202883315813185,0.05527699449828034
1171054000,마천1동,송파구,17.73,312,5.22,31.39,1.5,1.1178,0.0082,31540.9,0.27296587926509186,0.02817813765182186,0.2561788534509281,0.020134228187919462,0.1431903489459637,0.0123141612854783,0.6291864929085172
1165065100,양재1동,서초구,17.58,216,8.68,48.59,4.6,1.1537,0.0831,7304.7,0.1889763779527559,0.04685560053981106,0.4325710183570916,0.06174496644295301,0.15800802548475257,0.12479351253942031,0.14483931501291994
1171063100,가락1동,송파구,17.5,48,12.45,51.15,4.2,1.3674,0.0196,19752.9,0.04199475065616798,0.06720647773279352,0.4588247359245205,0.056375838926174496,0.2462124120123064,0.029433848926265202,0.39360977159769706
1168060000,대치1동,강남구,17.41,93,15.45,40.4,5.1,1.0632,0.0576,29671.1,0.08136482939632546,0.08340080971659919,0.34857963285816834,0.06845637583892616,0.12065427265020122,0.08649947439555487,0.5918195643789131
1168065600,도곡2동,강남구,17.35,42,6.06,45.71,2.4,1.3069,0.0264,33017.9,0.03674540682414698,0.03271255060728745,0.4030355860937339,0.03221476510067114,0.22124111868092125,0.039645592431295985,0.6587035286547067
1117066000,이태원제2동,용산구,17.32,353,28.05,36.24,1.0,0.9797,0.008,9864.5,0.3088363954505687,0.151417004048583,0.3059173418110963,0.013422818791946308,0.08618976036638869,0.01201381588827151,0.19599551548894958
1168063000,대치4동,강남구,17.21,93,17.84,40.4,5.1,1.0632,0.0576,26987.5,0.08136482939632546,0.09630229419703104,0.34857963285816834,0.06845637583892616,0.12065427265020122,0.08649947439555487,0.5381892887333655
1165061000,방배2동,서초구,16.95,135,12.44,52.27,5.8,1.1324,0.035,9502.2,0.11811023622047244,0.06715249662618084,0.47031073736027074,0.07785234899328859,0.14921647923750464,0.05256044451118787,0.1887551484944713
1171069000,잠실4동,송파구,16.8,0,0.0,37.85,0.2,2.0637,0.014,27234.5,0.0,0.0,0.32242846887498716,0.002684563758389262,0.5336092970807936,0.021024177804475144,0.543125448401144
1168069000,개포4동,강남구,16.68,34,14.87,36.74,1.1,1.9864,0.038,14064.5,0.02974628171478565,0.08026990553306343,0.31104502102348475,0.014765100671140941,0.5017038264276356,0.05706562546928968,0.2799302142932798
1168072000,일원본동,강남구,16.64,36,13.46,38.61,0.4,2.1633,0.016,9727.1,0.031496062992125984,0.07265856950067477,0.3302225412778177,0.005369127516778524,0.5747190626313055,0.02402763177654302,0.1932496517709222
1171065000,잠실본동,송파구,16.42,76,7.78,38.24,3.6,1.2668,0.0676,27010.1,0.06649168853893263,0.041997300944669365,0.32642805866065017,0.04832214765100671,0.20468989781168911,0.10151674425589426,0.5386409373507411
1165062000,방배3동,서초구,16.32,135,9.97,52.27,5.8,1.1324,0.035,7052.9,0.11811023622047244,0.053819163292847506,0.47031073736027074,0.07785234899328859,0.14921647923750464,0.05256044451118787,0.13980722997507938
1168056500,청담동,강남구,16.24,173,3.44,49.03,10.9,0.928,0.0331,10634.0,0.15135608048993876,0.01856950067476383,0.43708337606399345,0.14630872483221477,0.0648506551559323,0.049707163237723374,0.21137355137702865
1120067000,성수2가제1동,성동구,16.22,217,0.84,32.3,6.1,1.0507,0.2044,12344.8,0.18985126859142606,0.004534412955465587,0.2655112296174751,0.08187919463087248,0.11549491452388198,0.3069529959453371,0.24556295202332581
1135063000,상계1동,노원구,15.87,139,1.52,48.97,1.8,1.486,0.0308,6854.3,0.1216097987751531,0.008205128205128205,0.43646805455850685,0.024161073825503355,0.29516440191482346,0.04625319116984532,0.13583831778876035
1120069000,성수2가제3동,성동구,15.79,217,0.95,32.3,6.1,1.0507,0.2044,9584.4,0.18985126859142606,0.005128205128205128,0.2655112296174751,0.08187919463087248,0.11549491452388198,0.3069529959453371,0.1903978704567846
1171055000,마천2동,송파구,15.69,312,3.37,31.39,1.5,1.1178,0.0082,19867.6,0.27296587926509186,0.018191632928475036,0.2561788534509281,0.020134228187919462,0.1431903489459637,0.0123141612854783,0.39590198825313905
1135066500,상계3.4동,노원구,15.62,139,1.58,48.97,1.8,1.486,0.0308,5273.2,0.1216097987751531,0.008529014844804318,0.43646805455850685,0.024161073825503355,0.29516440191482346,0.04625319116984532,0.10424090057934925
1165057000,반포2동,서초구,15.51,90,25.09,39.97,1.1,1.3116,0.0001,15161.5,0.07874015748031496,0.13543859649122808,0.3441698287355143,0.014765100671140941,0.22318103733641736,0.0001501726986033939,0.301853158242887
1168066000,개포1동,강남구,15.4,34,17.08,36.74,1.1,1.9864,0.038,4754.8,0.02974628171478565,0.09219973009446693,0.31104502102348475,0.014765100671140941,0.5017038264276356,0.05706562546928968,0.09388096061264335
1171068000,잠실3동,송파구,15.36,76,5.19,38.24,3.6,1.2668,0.0676,21980.5,0.06649168853893263,0.028016194331983806,0.32642805866065017,0.04832214765100671,0.20468989781168911,0.10151674425589426,0.4381271370873461
1168065500,도곡1동,강남구,15.18,42,5.72,45.71,2.4,1.3069,0.0264,19647.3,0.03674540682414698,0.03087719298245614,0.4030355860937339,0.03221476510067114,0.22124111868092125,0.039645592431295985,0.391499413456331
1168061000,대치2동,강남구,15.16,93,6.81,40.4,5.1,1.0632,0.0576,20875.2,0.08136482939632546,0.03676113360323886,0.34857963285816834,0.06845637583892616,0.12065427265020122,0.08649947439555487,0.4160383221853398
1165058100,반포4동,서초구,15.11,90,24.54,39.97,1.1,1.3116,0.0001,12983.3,0.07874015748031496,0.13246963562753036,0.3441698287355143,0.014765100671140941,0.22318103733641736,0.0001501726986033939,0.25832302468679363
1168058000,삼성1동,강남구,14.95,147,10.55,42.9,6.2,0.9335,0.1095,6329.4,0.12860892388451445,0.05695006747638327,0.3742180289201107,0.08322147651006712,0.06712077273151275,0.16443910497071632,0.12534847888342868
1156054000,여의동,영등포구,14.76,0,0.47,37.62,9.9,0.7612,0.4311,3921.6,0.0,0.0025371120107962213,0.3200697364372884,0.13288590604026845,0.0,0.647394503679231,0.07722991512603194
1165058000,반포3동,서초구,14.72,66,24.78,37.11,0.5,1.2213,0.0084,19044.3,0.05774278215223097,0.13376518218623482,0.3148395036406522,0.006711409395973154,0.1859098342318871,0.012614506682685087,0.3794487888422807
1171072000,잠실7동,송파구,14.51,76,11.07,38.24,3.6,1.2668,0.0676,13055.2,0.06649168853893263,0.05975708502024292,0.32642805866065017,0.04832214765100671,0.20468989781168911,0.10151674425589426,0.2597599067925154
1117070000,보광동,용산구,14.41,573,0.0,14.35,0.0,0.8157,0.0,16910.2,0.5013123359580053,0.0,0.08142754589272894,0.0,0.01849898174908016,0.0,0.33679996962363284
1171071000,잠실6동,송파구,14.19,0,0.0,37.85,0.2,2.0637,0.014,10927.5,0.0,0.0,0.32242846887498716,0.002684563758389262,0.5336092970807936,0.021024177804475144,0.21723898806728364
1165055000,반포본동,서초구,14.18,90,36.02,39.97,1.1,1.3116,0.0001,235.6,0.07874015748031496,0.19443994601889342,0.3441698287355143,0.014765100671140941,0.22318103733641736,0.0001501726986033939,0.003567224699184035
1171067000,잠실2동,송파구,13.71,76,2.98,38.24,3.6,1.2668,0.0676,12996.9,0.06649168853893263,0.016086369770580297,0.32642805866065017,0.04832214765100671,0.20468989781168911,0.10151674425589426,0.2585948132353029
1165054000,잠원동,서초구,13.42,66,17.66,37.11,0.5,1.2213,0.0084,15268.8,0.05774278215223097,0.0953306342780027,0.3148395036406522,0.006711409395973154,0.1859098342318871,0.012614506682685087,0.30399748995281667
1117052000,용산2가동,용산구,11.82,213,6.09,35.4,0.8,1.0303,0.0,4536.3,0.18635170603674542,0.032874493927125506,0.29730284073428365,0.010738255033557048,0.10707484206172899,0.0,0.08951435782960857
1117069000,서빙고동,용산구,8.97,182,2.13,22.14,0.2,1.1621,0.0,4426.1,0.15923009623797024,0.011497975708502023,0.16131678802174135,0.002684563758389262,0.1614751141456391,0.0,0.08731207120859971
1117063000,이촌제1동,용산구,8.05,3,0.17,31.08,0.1,1.1789,0.0,8705.1,0.0026246719160104987,0.0009176788124156546,0.25299969233924724,0.001342281879194631,0.1684092914674122,0.0,0.1728255417285352
1117064000,이촌제2동,용산구,7.73,3,0.42,31.08,0.1,1.1789,0.0,6567.1,0.0026246719160104987,0.0022672064777327933,0.25299969233924724,0.001342281879194631,0.1684092914674122,0.0,0.13009878314671186
1168054500,압구정동,강남구,7.01,123,0.21,21.86,0.4,0.6391,0.0113,10926.6,0.10761154855643044,0.0011336032388663967,0.1584452876628038,0.005369127516778524,0.0,0.01696951494218351,0.21722100206039702
1168051000,신사동,강남구,6.46,123,0.24,21.86,0.4,0.6391,0.0113,7498.3,0.10761154855643044,0.0012955465587044534,0.1584452876628038,0.005369127516778524,0.0,0.01696951494218351,0.14870830493875764
1111054000,삼청동,종로구,1.73,63,4.06,6.41,0.0,0.0819,0.0,1520.5,0.05511811023622047,0.021916329284750336,0.0,0.0,0.0,0.0,0.029245247197680204
